impression_id,winner,winning_bid,clearing_price,clicked,converted,n_bidders,all_bids
0,ValueBidder,99.36582169986018,99.36582169986018,True,False,5,ValueBidder=99.37 | PacingBidder=99.37 | CTRBidder=7.05 | ThresholdBidder=5.87 | FixedBidder=1.50
1,PacingBidder,266.068237472264,266.06823747226383,True,False,5,PacingBidder=266.07 | ValueBidder=266.07 | CTRBidder=11.53 | ThresholdBidder=9.61 | FixedBidder=1.50
2,ValueBidder,618.2302525365428,618.2302525365428,True,False,5,ValueBidder=618.23 | PacingBidder=618.23 | CTRBidder=17.58 | ThresholdBidder=14.65 | FixedBidder=1.50
3,ValueBidder,500.1329085399668,500.13290853996637,True,False,5,ValueBidder=500.13 | PacingBidder=500.13 | CTRBidder=15.81 | ThresholdBidder=13.18 | FixedBidder=1.50
4,ValueBidder,613.2648925711687,613.2648925711685,False,False,5,ValueBidder=613.26 | PacingBidder=613.26 | CTRBidder=17.51 | ThresholdBidder=14.59 | FixedBidder=1.50
5,ValueBidder,199.3078025078742,199.3078025078741,True,False,5,ValueBidder=199.31 | PacingBidder=199.31 | CTRBidder=9.98 | ThresholdBidder=8.32 | FixedBidder=1.50
6,ValueBidder,273.51260675854087,273.5126067585408,True,False,5,ValueBidder=273.51 | PacingBidder=273.51 | CTRBidder=11.69 | ThresholdBidder=9.75 | FixedBidder=1.50
7,PacingBidder,332.03192795018475,332.03192795018447,False,False,5,PacingBidder=332.03 | ValueBidder=332.03 | CTRBidder=12.88 | ThresholdBidder=10.74 | FixedBidder=1.50
8,ValueBidder,362.61972863147264,362.6197286314725,False,False,5,ValueBidder=362.62 | PacingBidder=362.62 | CTRBidder=13.47 | ThresholdBidder=11.22 | FixedBidder=1.50
9,ValueBidder,400.3477515248325,400.3477515248325,False,False,5,ValueBidder=400.35 | PacingBidder=400.35 | CTRBidder=14.15 | ThresholdBidder=11.79 | FixedBidder=1.50
10,PacingBidder,399.0441388341955,399.0441388341954,True,False,5,PacingBidder=399.04 | ValueBidder=399.04 | CTRBidder=14.13 | ThresholdBidder=11.77 | FixedBidder=1.50
11,ValueBidder,478.39866736403303,478.39866736403286,True,False,5,ValueBidder=478.40 | PacingBidder=478.40 | CTRBidder=15.47 | ThresholdBidder=12.89 | FixedBidder=1.50
12,ValueBidder,341.16120749313944,341.1612074931391,True,False,5,ValueBidder=341.16 | PacingBidder=341.16 | CTRBidder=13.06 | ThresholdBidder=10.88 | FixedBidder=1.50
13,ValueBidder,520.8633787483416,520.8633787483416,True,True,5,ValueBidder=520.86 | PacingBidder=520.86 | CTRBidder=16.14 | ThresholdBidder=13.45 | FixedBidder=1.50
14,PacingBidder,500.4295891271627,500.4295891271625,True,False,5,PacingBidder=500.43 | ValueBidder=500.43 | CTRBidder=15.82 | ThresholdBidder=13.18 | FixedBidder=1.50
15,ValueBidder,492.34787534602793,492.3478753460277,False,False,5,ValueBidder=492.35 | PacingBidder=492.35 | CTRBidder=15.69 | ThresholdBidder=13.07 | FixedBidder=1.50
16,PacingBidder,250.78147612030693,250.7814761203067,False,False,5,PacingBidder=250.78 | ValueBidder=250.78 | CTRBidder=11.20 | ThresholdBidder=9.33 | FixedBidder=1.50
17,ValueBidder,239.19425543157087,239.19425543157075,False,False,5,ValueBidder=239.19 | PacingBidder=239.19 | CTRBidder=10.94 | ThresholdBidder=9.11 | FixedBidder=1.50
18,ValueBidder,535.2392755799426,535.2392755799426,True,False,5,ValueBidder=535.24 | PacingBidder=535.24 | CTRBidder=16.36 | ThresholdBidder=13.63 | FixedBidder=1.50
19,ValueBidder,292.48803626085237,292.4880362608522,False,False,5,ValueBidder=292.49 | PacingBidder=292.49 | CTRBidder=12.09 | ThresholdBidder=10.08 | FixedBidder=1.50
20,PacingBidder,478.04788201631374,478.0478820163133,True,False,5,PacingBidder=478.05 | ValueBidder=478.05 | CTRBidder=15.46 | ThresholdBidder=12.88 | FixedBidder=1.50
21,PacingBidder,580.3846047170699,580.3846047170694,False,False,5,PacingBidder=580.38 | ValueBidder=580.38 | CTRBidder=17.04 | ThresholdBidder=14.20 | FixedBidder=1.50
22,PacingBidder,191.17185837332948,191.17185837332937,False,False,5,PacingBidder=191.17 | ValueBidder=191.17 | CTRBidder=9.78 | ThresholdBidder=8.15 | FixedBidder=1.50
23,ValueBidder,475.668906556348,475.66890655634785,True,False,5,ValueBidder=475.67 | PacingBidder=475.67 | CTRBidder=15.42 | ThresholdBidder=12.85 | FixedBidder=1.50
24,PacingBidder,460.26130350737066,460.26130350737026,True,False,5,PacingBidder=460.26 | ValueBidder=460.26 | CTRBidder=15.17 | ThresholdBidder=12.64 | FixedBidder=1.50
25,ValueBidder,234.8157008199111,234.81570081991106,False,False,5,ValueBidder=234.82 | PacingBidder=234.82 | CTRBidder=10.84 | ThresholdBidder=9.03 | FixedBidder=1.50
26,ValueBidder,629.1486985365832,629.1486985365832,False,False,5,ValueBidder=629.15 | PacingBidder=629.15 | CTRBidder=17.74 | ThresholdBidder=14.78 | FixedBidder=1.50
27,ValueBidder,377.31955097111035,377.3195509711099,False,False,5,ValueBidder=377.32 | PacingBidder=377.32 | CTRBidder=13.74 | ThresholdBidder=11.45 | FixedBidder=1.50
28,ValueBidder,438.80197331766226,438.80197331766203,True,False,5,ValueBidder=438.80 | PacingBidder=438.80 | CTRBidder=14.81 | ThresholdBidder=12.34 | FixedBidder=1.50
29,ValueBidder,179.29758047896266,179.2975804789626,False,False,5,ValueBidder=179.30 | PacingBidder=179.30 | CTRBidder=9.47 | ThresholdBidder=7.89 | FixedBidder=1.50
30,PacingBidder,447.91274205552844,447.9127420555283,True,False,5,PacingBidder=447.91 | ValueBidder=447.91 | CTRBidder=14.97 | ThresholdBidder=12.47 | FixedBidder=1.50
31,PacingBidder,155.66954736587894,155.66954736587886,False,False,5,PacingBidder=155.67 | ValueBidder=155.67 | CTRBidder=8.82 | ThresholdBidder=7.35 | FixedBidder=1.50
32,ValueBidder,241.3882838366001,241.3882838366001,False,False,5,ValueBidder=241.39 | PacingBidder=241.39 | CTRBidder=10.99 | ThresholdBidder=9.16 | FixedBidder=1.50
33,ValueBidder,270.0657144546961,270.0657144546961,False,False,5,ValueBidder=270.07 | PacingBidder=270.07 | CTRBidder=11.62 | ThresholdBidder=9.68 | FixedBidder=1.50
34,PacingBidder,427.97909010536307,427.97909010536296,True,False,5,PacingBidder=427.98 | ValueBidder=427.98 | CTRBidder=14.63 | ThresholdBidder=12.19 | FixedBidder=1.50
35,PacingBidder,290.51766374942076,290.5176637494207,False,False,5,PacingBidder=290.52 | ValueBidder=290.52 | CTRBidder=12.05 | ThresholdBidder=10.04 | FixedBidder=1.50
36,ValueBidder,411.3458129092941,411.34581290929407,False,False,5,ValueBidder=411.35 | PacingBidder=411.35 | CTRBidder=14.34 | ThresholdBidder=11.95 | FixedBidder=1.50
37,ValueBidder,216.1215584814998,216.12155848149973,True,False,5,ValueBidder=216.12 | PacingBidder=216.12 | CTRBidder=10.40 | ThresholdBidder=8.66 | FixedBidder=1.50
38,PacingBidder,423.27726575026645,423.2772657502663,True,False,5,PacingBidder=423.28 | ValueBidder=423.28 | CTRBidder=14.55 | ThresholdBidder=12.12 | FixedBidder=1.50
39,PacingBidder,395.3938627851636,395.39386278516355,False,False,5,PacingBidder=395.39 | ValueBidder=395.39 | CTRBidder=14.06 | ThresholdBidder=11.72 | FixedBidder=1.50
40,PacingBidder,701.9137124750146,701.9137124750143,False,False,5,PacingBidder=701.91 | ValueBidder=701.91 | CTRBidder=18.73 | ThresholdBidder=15.61 | FixedBidder=1.50
41,ValueBidder,649.3234736713151,649.3234736713151,True,False,5,ValueBidder=649.32 | PacingBidder=649.32 | CTRBidder=18.02 | ThresholdBidder=15.02 | FixedBidder=1.50
42,ValueBidder,365.09829025158984,365.0982902515894,False,False,5,ValueBidder=365.10 | PacingBidder=365.10 | CTRBidder=13.51 | ThresholdBidder=11.26 | FixedBidder=1.50
43,ValueBidder,212.22680035891702,212.2268003589169,False,False,5,ValueBidder=212.23 | PacingBidder=212.23 | CTRBidder=10.30 | ThresholdBidder=8.58 | FixedBidder=1.50
44,ValueBidder,287.94314213082515,287.9431421308249,False,False,5,ValueBidder=287.94 | PacingBidder=287.94 | CTRBidder=12.00 | ThresholdBidder=10.00 | FixedBidder=1.50
45,ValueBidder,500.2813055056491,500.28130550564885,True,False,5,ValueBidder=500.28 | PacingBidder=500.28 | CTRBidder=15.82 | ThresholdBidder=13.18 | FixedBidder=1.50
46,ValueBidder,334.5537243689081,334.5537243689081,False,False,5,ValueBidder=334.55 | PacingBidder=334.55 | CTRBidder=12.93 | ThresholdBidder=10.78 | FixedBidder=1.50
47,ValueBidder,398.33238824610356,398.33238824610345,True,False,5,ValueBidder=398.33 | PacingBidder=398.33 | CTRBidder=14.11 | ThresholdBidder=11.76 | FixedBidder=1.50
48,PacingBidder,344.34803415351746,344.3480341535172,False,False,5,PacingBidder=344.35 | ValueBidder=344.35 | CTRBidder=13.12 | ThresholdBidder=10.93 | FixedBidder=1.50
49,ValueBidder,294.05659771481237,294.05659771481237,True,False,5,ValueBidder=294.06 | PacingBidder=294.06 | CTRBidder=12.13 | ThresholdBidder=10.10 | FixedBidder=1.50
50,PacingBidder,511.62394296183345,511.6239429618331,True,False,5,PacingBidder=511.62 | ValueBidder=511.62 | CTRBidder=15.99 | ThresholdBidder=13.33 | FixedBidder=1.50
51,ValueBidder,356.58729930092517,356.58729930092454,True,False,5,ValueBidder=356.59 | PacingBidder=356.59 | CTRBidder=13.35 | ThresholdBidder=11.13 | FixedBidder=1.50
52,PacingBidder,247.71554194141086,247.71554194141075,False,False,5,PacingBidder=247.72 | ValueBidder=247.72 | CTRBidder=11.13 | ThresholdBidder=9.27 | FixedBidder=1.50
53,PacingBidder,342.1498167537009,342.14981675370086,False,False,5,PacingBidder=342.15 | ValueBidder=342.15 | CTRBidder=13.08 | ThresholdBidder=10.90 | FixedBidder=1.50
54,ValueBidder,215.79886556019517,215.79886556019517,False,False,5,ValueBidder=215.80 | PacingBidder=215.80 | CTRBidder=10.39 | ThresholdBidder=8.66 | FixedBidder=1.50
55,ValueBidder,254.83759422721707,254.83759422721707,False,False,5,ValueBidder=254.84 | PacingBidder=254.84 | CTRBidder=11.29 | ThresholdBidder=9.41 | FixedBidder=1.50
56,ValueBidder,88.46916135923553,88.46916135923553,False,False,5,ValueBidder=88.47 | PacingBidder=88.47 | CTRBidder=6.65 | ThresholdBidder=5.54 | FixedBidder=1.50
57,PacingBidder,314.5065355490196,314.5065355490195,False,False,5,PacingBidder=314.51 | ValueBidder=314.51 | CTRBidder=12.54 | ThresholdBidder=10.45 | FixedBidder=1.50
58,ValueBidder,458.59397889104633,458.59397889104633,True,False,5,ValueBidder=458.59 | PacingBidder=458.59 | CTRBidder=15.14 | ThresholdBidder=12.62 | FixedBidder=1.50
59,ValueBidder,462.15978068341064,462.15978068341064,True,False,5,ValueBidder=462.16 | PacingBidder=462.16 | CTRBidder=15.20 | ThresholdBidder=12.67 | FixedBidder=1.50
60,ValueBidder,272.6542215624776,272.6542215624774,True,False,5,ValueBidder=272.65 | PacingBidder=272.65 | CTRBidder=11.68 | ThresholdBidder=9.73 | FixedBidder=1.50
61,ValueBidder,559.9388900712346,559.9388900712344,True,False,5,ValueBidder=559.94 | PacingBidder=559.94 | CTRBidder=16.73 | ThresholdBidder=13.94 | FixedBidder=1.50
62,ValueBidder,309.49193581252405,309.49193581252405,False,False,5,ValueBidder=309.49 | PacingBidder=309.49 | CTRBidder=12.44 | ThresholdBidder=10.37 | FixedBidder=1.50
63,ValueBidder,463.3804680517561,463.3804680517559,True,False,5,ValueBidder=463.38 | PacingBidder=463.38 | CTRBidder=15.22 | ThresholdBidder=12.68 | FixedBidder=1.50
64,PacingBidder,350.67352550681574,350.6735255068155,True,False,5,PacingBidder=350.67 | ValueBidder=350.67 | CTRBidder=13.24 | ThresholdBidder=11.03 | FixedBidder=1.50
65,PacingBidder,443.79755889261077,443.7975588926106,False,False,5,PacingBidder=443.80 | ValueBidder=443.80 | CTRBidder=14.90 | ThresholdBidder=12.41 | FixedBidder=1.50
66,ValueBidder,257.83264786516804,257.83264786516787,False,False,5,ValueBidder=257.83 | PacingBidder=257.83 | CTRBidder=11.35 | ThresholdBidder=9.46 | FixedBidder=1.50
67,PacingBidder,392.5150665540087,392.51506655400834,True,False,5,PacingBidder=392.52 | ValueBidder=392.52 | CTRBidder=14.01 | ThresholdBidder=11.67 | FixedBidder=1.50
68,ValueBidder,303.20537613869124,303.20537613869107,False,False,5,ValueBidder=303.21 | PacingBidder=303.21 | CTRBidder=12.31 | ThresholdBidder=10.26 | FixedBidder=1.50
69,PacingBidder,261.8103389109599,261.8103389109597,False,False,5,PacingBidder=261.81 | ValueBidder=261.81 | CTRBidder=11.44 | ThresholdBidder=9.53 | FixedBidder=1.50
70,ValueBidder,255.49734161795416,255.49734161795413,False,False,5,ValueBidder=255.50 | PacingBidder=255.50 | CTRBidder=11.30 | ThresholdBidder=9.42 | FixedBidder=1.50
71,PacingBidder,301.08060728825797,301.0806072882579,False,False,5,PacingBidder=301.08 | ValueBidder=301.08 | CTRBidder=12.27 | ThresholdBidder=10.22 | FixedBidder=1.50
72,ValueBidder,484.63201255322184,484.63201255322167,True,False,5,ValueBidder=484.63 | PacingBidder=484.63 | CTRBidder=15.57 | ThresholdBidder=12.97 | FixedBidder=1.50
73,ValueBidder,374.0004446095941,374.00044460959407,True,False,5,ValueBidder=374.00 | PacingBidder=374.00 | CTRBidder=13.67 | ThresholdBidder=11.40 | FixedBidder=1.50
74,PacingBidder,368.7322416245988,368.73224162459877,False,False,5,PacingBidder=368.73 | ValueBidder=368.73 | CTRBidder=13.58 | ThresholdBidder=11.32 | FixedBidder=1.50
75,ValueBidder,334.9729927602431,334.9729927602429,False,False,5,ValueBidder=334.97 | PacingBidder=334.97 | CTRBidder=12.94 | ThresholdBidder=10.78 | FixedBidder=1.50
76,ValueBidder,583.5672986970363,583.5672986970363,True,False,5,ValueBidder=583.57 | PacingBidder=583.57 | CTRBidder=17.08 | ThresholdBidder=14.23 | FixedBidder=1.50
77,PacingBidder,404.69071186932734,404.69071186932723,True,False,5,PacingBidder=404.69 | ValueBidder=404.69 | CTRBidder=14.22 | ThresholdBidder=11.85 | FixedBidder=1.50
78,PacingBidder,617.0401349515761,617.0401349515755,True,True,5,PacingBidder=617.04 | ValueBidder=617.04 | CTRBidder=17.56 | ThresholdBidder=14.64 | FixedBidder=1.50
79,ValueBidder,248.57161144324073,248.57161144324067,False,False,5,ValueBidder=248.57 | PacingBidder=248.57 | CTRBidder=11.15 | ThresholdBidder=9.29 | FixedBidder=1.50
80,PacingBidder,503.34646753114987,503.34646753114953,True,False,5,PacingBidder=503.35 | ValueBidder=503.35 | CTRBidder=15.86 | ThresholdBidder=13.22 | FixedBidder=1.50
81,PacingBidder,412.72354674736914,412.7235467473691,True,False,5,PacingBidder=412.72 | ValueBidder=412.72 | CTRBidder=14.37 | ThresholdBidder=11.97 | FixedBidder=1.50
82,PacingBidder,622.1368770451877,622.1368770451874,True,False,5,PacingBidder=622.14 | ValueBidder=622.14 | CTRBidder=17.64 | ThresholdBidder=14.70 | FixedBidder=1.50
83,ValueBidder,149.08410919005436,149.0841091900543,True,False,5,ValueBidder=149.08 | PacingBidder=149.08 | CTRBidder=8.63 | ThresholdBidder=7.19 | FixedBidder=1.50
84,PacingBidder,320.18920983705726,320.1892098370571,True,False,5,PacingBidder=320.19 | ValueBidder=320.19 | CTRBidder=12.65 | ThresholdBidder=10.54 | FixedBidder=1.50
85,ValueBidder,386.1486823892241,386.1486823892241,False,False,5,ValueBidder=386.15 | PacingBidder=386.15 | CTRBidder=13.90 | ThresholdBidder=11.58 | FixedBidder=1.50
86,ValueBidder,232.52570853307057,232.5257085330703,True,False,5,ValueBidder=232.53 | PacingBidder=232.53 | CTRBidder=10.78 | ThresholdBidder=8.99 | FixedBidder=1.50
87,ValueBidder,254.1970183722867,254.1970183722867,True,False,5,ValueBidder=254.20 | PacingBidder=254.20 | CTRBidder=11.27 | ThresholdBidder=9.39 | FixedBidder=1.50
88,ValueBidder,671.2156743802467,671.2156743802461,True,False,5,ValueBidder=671.22 | PacingBidder=671.22 | CTRBidder=18.32 | ThresholdBidder=15.27 | FixedBidder=1.50
89,PacingBidder,383.89231959809047,383.8923195980902,False,False,5,PacingBidder=383.89 | ValueBidder=383.89 | CTRBidder=13.85 | ThresholdBidder=11.55 | FixedBidder=1.50
90,ValueBidder,475.7902029996801,475.7902029996799,True,False,5,ValueBidder=475.79 | PacingBidder=475.79 | CTRBidder=15.42 | ThresholdBidder=12.85 | FixedBidder=1.50
91,PacingBidder,295.49439276562316,295.4943927656231,True,False,5,PacingBidder=295.49 | ValueBidder=295.49 | CTRBidder=12.16 | ThresholdBidder=10.13 | FixedBidder=1.50
92,ValueBidder,341.15235457155575,341.15235457155575,False,False,5,ValueBidder=341.15 | PacingBidder=341.15 | CTRBidder=13.06 | ThresholdBidder=10.88 | FixedBidder=1.50
93,ValueBidder,415.29016200865743,415.2901620086574,True,False,5,ValueBidder=415.29 | PacingBidder=415.29 | CTRBidder=14.41 | ThresholdBidder=12.01 | FixedBidder=1.50
94,PacingBidder,94.54151452945318,94.54151452945317,False,False,5,PacingBidder=94.54 | ValueBidder=94.54 | CTRBidder=6.88 | ThresholdBidder=5.73 | FixedBidder=1.50
95,ValueBidder,446.7667061573887,446.7667061573887,True,False,5,ValueBidder=446.77 | PacingBidder=446.77 | CTRBidder=14.95 | ThresholdBidder=12.46 | FixedBidder=1.50
96,ValueBidder,460.53957470731245,460.53957470731245,False,False,5,ValueBidder=460.54 | PacingBidder=460.54 | CTRBidder=15.17 | ThresholdBidder=12.65 | FixedBidder=1.50
97,ValueBidder,489.8013809874779,489.8013809874777,True,False,5,ValueBidder=489.80 | PacingBidder=489.80 | CTRBidder=15.65 | ThresholdBidder=13.04 | FixedBidder=1.50
98,ValueBidder,156.4936777131948,156.49367771319476,False,False,5,ValueBidder=156.49 | PacingBidder=156.49 | CTRBidder=8.85 | ThresholdBidder=7.37 | FixedBidder=1.50
99,ValueBidder,437.9407662231982,437.9407662231976,True,False,5,ValueBidder=437.94 | PacingBidder=437.94 | CTRBidder=14.80 | ThresholdBidder=12.33 | FixedBidder=1.50
100,PacingBidder,322.22893883499955,322.2289388349993,True,False,5,PacingBidder=322.23 | ValueBidder=322.23 | CTRBidder=12.69 | ThresholdBidder=10.58 | FixedBidder=1.50
101,ValueBidder,366.2148044198775,366.2148044198775,False,False,5,ValueBidder=366.21 | PacingBidder=366.21 | CTRBidder=13.53 | ThresholdBidder=11.28 | FixedBidder=1.50
102,ValueBidder,343.5627725078883,343.56277250788816,True,False,5,ValueBidder=343.56 | PacingBidder=343.56 | CTRBidder=13.11 | ThresholdBidder=10.92 | FixedBidder=1.50
103,ValueBidder,436.6455141927845,436.6455141927844,False,False,5,ValueBidder=436.65 | PacingBidder=436.65 | CTRBidder=14.78 | ThresholdBidder=12.31 | FixedBidder=1.50
104,ValueBidder,496.9459952111956,496.9459952111956,False,False,5,ValueBidder=496.95 | PacingBidder=496.95 | CTRBidder=15.76 | ThresholdBidder=13.14 | FixedBidder=1.50
105,ValueBidder,399.55411052647923,399.5541105264792,True,False,5,ValueBidder=399.55 | PacingBidder=399.55 | CTRBidder=14.13 | ThresholdBidder=11.78 | FixedBidder=1.50
106,PacingBidder,456.23922537635525,456.23922537635485,False,False,5,PacingBidder=456.24 | ValueBidder=456.24 | CTRBidder=15.10 | ThresholdBidder=12.59 | FixedBidder=1.50
107,PacingBidder,327.5280102170488,327.5280102170486,True,False,5,PacingBidder=327.53 | ValueBidder=327.53 | CTRBidder=12.80 | ThresholdBidder=10.66 | FixedBidder=1.50
108,ValueBidder,363.7099168892515,363.7099168892515,False,False,5,ValueBidder=363.71 | PacingBidder=363.71 | CTRBidder=13.49 | ThresholdBidder=11.24 | FixedBidder=1.50
109,ValueBidder,452.934952388705,452.93495238870486,True,False,5,ValueBidder=452.93 | PacingBidder=452.93 | CTRBidder=15.05 | ThresholdBidder=12.54 | FixedBidder=1.50
110,PacingBidder,215.94080276464135,215.9408027646412,False,False,5,PacingBidder=215.94 | ValueBidder=215.94 | CTRBidder=10.39 | ThresholdBidder=8.66 | FixedBidder=1.50
111,PacingBidder,385.76347608965403,385.763476089654,True,False,5,PacingBidder=385.76 | ValueBidder=385.76 | CTRBidder=13.89 | ThresholdBidder=11.57 | FixedBidder=1.50
112,ValueBidder,323.14149495083615,323.14149495083615,True,False,5,ValueBidder=323.14 | PacingBidder=323.14 | CTRBidder=12.71 | ThresholdBidder=10.59 | FixedBidder=1.50
113,ValueBidder,224.94100277657728,224.94100277657728,False,False,5,ValueBidder=224.94 | PacingBidder=224.94 | CTRBidder=10.61 | ThresholdBidder=8.84 | FixedBidder=1.50
114,ValueBidder,202.6670584859131,202.66705848591306,True,False,5,ValueBidder=202.67 | PacingBidder=202.67 | CTRBidder=10.07 | ThresholdBidder=8.39 | FixedBidder=1.50
115,PacingBidder,283.51955933356277,283.5195593335625,True,False,5,PacingBidder=283.52 | ValueBidder=283.52 | CTRBidder=11.91 | ThresholdBidder=9.92 | FixedBidder=1.50
116,PacingBidder,322.66822317423,322.6682231742296,False,False,5,PacingBidder=322.67 | ValueBidder=322.67 | CTRBidder=12.70 | ThresholdBidder=10.58 | FixedBidder=1.50
117,ValueBidder,333.29072413778283,333.29072413778283,False,False,5,ValueBidder=333.29 | PacingBidder=333.29 | CTRBidder=12.91 | ThresholdBidder=10.76 | FixedBidder=1.50
118,ValueBidder,224.76521927805453,224.76521927805433,False,False,5,ValueBidder=224.77 | PacingBidder=224.77 | CTRBidder=10.60 | ThresholdBidder=8.83 | FixedBidder=1.50
119,ValueBidder,213.37486033117392,213.37486033117392,False,False,5,ValueBidder=213.37 | PacingBidder=213.37 | CTRBidder=10.33 | ThresholdBidder=8.61 | FixedBidder=1.50
120,ValueBidder,233.03960731588583,233.0396073158856,True,False,5,ValueBidder=233.04 | PacingBidder=233.04 | CTRBidder=10.79 | ThresholdBidder=9.00 | FixedBidder=1.50
121,PacingBidder,208.44623499684724,208.44623499684712,False,False,5,PacingBidder=208.45 | ValueBidder=208.45 | CTRBidder=10.21 | ThresholdBidder=8.51 | FixedBidder=1.50
122,ValueBidder,596.0778602628001,596.0778602628001,True,False,5,ValueBidder=596.08 | PacingBidder=596.08 | CTRBidder=17.26 | ThresholdBidder=14.39 | FixedBidder=1.50
123,PacingBidder,328.9024676426887,328.9024676426885,False,False,5,PacingBidder=328.90 | ValueBidder=328.90 | CTRBidder=12.82 | ThresholdBidder=10.69 | FixedBidder=1.50
124,ValueBidder,543.3746754007572,543.3746754007567,False,False,5,ValueBidder=543.37 | PacingBidder=543.37 | CTRBidder=16.48 | ThresholdBidder=13.74 | FixedBidder=1.50
125,ValueBidder,174.21971455276818,174.21971455276818,False,False,5,ValueBidder=174.22 | PacingBidder=174.22 | CTRBidder=9.33 | ThresholdBidder=7.78 | FixedBidder=1.50
126,ValueBidder,234.76419735537962,234.7641973553795,False,False,5,ValueBidder=234.76 | PacingBidder=234.76 | CTRBidder=10.83 | ThresholdBidder=9.03 | FixedBidder=1.50
127,ValueBidder,463.560395915781,463.56039591578076,True,False,5,ValueBidder=463.56 | PacingBidder=463.56 | CTRBidder=15.22 | ThresholdBidder=12.69 | FixedBidder=1.50
128,PacingBidder,509.87490844334474,509.8749084433445,False,False,5,PacingBidder=509.87 | ValueBidder=509.87 | CTRBidder=15.97 | ThresholdBidder=13.31 | FixedBidder=1.50
129,PacingBidder,201.44787949267928,201.44787949267902,False,False,5,PacingBidder=201.45 | ValueBidder=201.45 | CTRBidder=10.04 | ThresholdBidder=8.36 | FixedBidder=1.50
130,ValueBidder,460.0888855070237,460.0888855070237,True,False,5,ValueBidder=460.09 | PacingBidder=460.09 | CTRBidder=15.17 | ThresholdBidder=12.64 | FixedBidder=1.50
131,ValueBidder,231.23736854338833,231.23736854338813,False,False,5,ValueBidder=231.24 | PacingBidder=231.24 | CTRBidder=10.75 | ThresholdBidder=8.96 | FixedBidder=1.50
132,ValueBidder,184.78612418045677,184.7861241804567,False,False,5,ValueBidder=184.79 | PacingBidder=184.79 | CTRBidder=9.61 | ThresholdBidder=8.01 | FixedBidder=1.50
133,PacingBidder,144.0930151356135,144.09301513561343,False,False,5,PacingBidder=144.09 | ValueBidder=144.09 | CTRBidder=8.49 | ThresholdBidder=7.07 | FixedBidder=1.50
134,ValueBidder,611.7849346604568,611.7849346604568,True,False,5,ValueBidder=611.78 | PacingBidder=611.78 | CTRBidder=17.49 | ThresholdBidder=14.57 | FixedBidder=1.50
135,ValueBidder,569.1705284975079,569.1705284975079,False,False,5,ValueBidder=569.17 | PacingBidder=569.17 | CTRBidder=16.87 | ThresholdBidder=14.06 | FixedBidder=1.50
136,PacingBidder,354.55912157875366,354.5591215787535,True,False,5,PacingBidder=354.56 | ValueBidder=354.56 | CTRBidder=13.31 | ThresholdBidder=11.10 | FixedBidder=1.50
137,PacingBidder,222.38930485974143,222.38930485974126,False,False,5,PacingBidder=222.39 | ValueBidder=222.39 | CTRBidder=10.54 | ThresholdBidder=8.79 | FixedBidder=1.50
138,ValueBidder,301.03003768552855,301.03003768552827,True,False,5,ValueBidder=301.03 | PacingBidder=301.03 | CTRBidder=12.27 | ThresholdBidder=10.22 | FixedBidder=1.50
139,ValueBidder,230.3939004642067,230.39390046420644,True,False,5,ValueBidder=230.39 | PacingBidder=230.39 | CTRBidder=10.73 | ThresholdBidder=8.94 | FixedBidder=1.50
140,ValueBidder,369.21216454884865,369.21216454884853,True,False,5,ValueBidder=369.21 | PacingBidder=369.21 | CTRBidder=13.59 | ThresholdBidder=11.32 | FixedBidder=1.50
141,PacingBidder,374.9539287807871,374.953928780787,False,False,5,PacingBidder=374.95 | ValueBidder=374.95 | CTRBidder=13.69 | ThresholdBidder=11.41 | FixedBidder=1.50
142,PacingBidder,638.5197434877222,638.5197434877217,False,False,5,PacingBidder=638.52 | ValueBidder=638.52 | CTRBidder=17.87 | ThresholdBidder=14.89 | FixedBidder=1.50
143,ValueBidder,335.61463183777005,335.61463183777005,False,False,5,ValueBidder=335.61 | PacingBidder=335.61 | CTRBidder=12.95 | ThresholdBidder=10.80 | FixedBidder=1.50
144,ValueBidder,424.36207271759076,424.36207271759037,False,False,5,ValueBidder=424.36 | PacingBidder=424.36 | CTRBidder=14.57 | ThresholdBidder=12.14 | FixedBidder=1.50
145,ValueBidder,561.3425400541203,561.3425400541203,False,False,5,ValueBidder=561.34 | PacingBidder=561.34 | CTRBidder=16.75 | ThresholdBidder=13.96 | FixedBidder=1.50
146,ValueBidder,288.08086629142105,288.08086629142105,False,False,5,ValueBidder=288.08 | PacingBidder=288.08 | CTRBidder=12.00 | ThresholdBidder=10.00 | FixedBidder=1.50
147,ValueBidder,323.306631312456,323.306631312456,False,False,5,ValueBidder=323.31 | PacingBidder=323.31 | CTRBidder=12.71 | ThresholdBidder=10.60 | FixedBidder=1.50
148,ValueBidder,227.43710570125046,227.43710570125037,True,False,5,ValueBidder=227.44 | PacingBidder=227.44 | CTRBidder=10.66 | ThresholdBidder=8.89 | FixedBidder=1.50
149,PacingBidder,370.1389074400224,370.1389074400222,True,False,5,PacingBidder=370.14 | ValueBidder=370.14 | CTRBidder=13.60 | ThresholdBidder=11.34 | FixedBidder=1.50
150,ValueBidder,259.92486900828266,259.92486900828266,False,False,5,ValueBidder=259.92 | PacingBidder=259.92 | CTRBidder=11.40 | ThresholdBidder=9.50 | FixedBidder=1.50
151,ValueBidder,427.60475846084745,427.60475846084694,False,False,5,ValueBidder=427.60 | PacingBidder=427.60 | CTRBidder=14.62 | ThresholdBidder=12.18 | FixedBidder=1.50
152,ValueBidder,493.2298607597859,493.2298607597859,True,False,5,ValueBidder=493.23 | PacingBidder=493.23 | CTRBidder=15.70 | ThresholdBidder=13.09 | FixedBidder=1.50
153,ValueBidder,238.0498441266128,238.0498441266128,True,False,5,ValueBidder=238.05 | PacingBidder=238.05 | CTRBidder=10.91 | ThresholdBidder=9.09 | FixedBidder=1.50
154,ValueBidder,221.7928740409395,221.7928740409395,False,False,5,ValueBidder=221.79 | PacingBidder=221.79 | CTRBidder=10.53 | ThresholdBidder=8.78 | FixedBidder=1.50
155,ValueBidder,218.42045096266924,218.42045096266924,True,False,5,ValueBidder=218.42 | PacingBidder=218.42 | CTRBidder=10.45 | ThresholdBidder=8.71 | FixedBidder=1.50
156,ValueBidder,305.6853108819409,305.6853108819409,False,False,5,ValueBidder=305.69 | PacingBidder=305.69 | CTRBidder=12.36 | ThresholdBidder=10.30 | FixedBidder=1.50
157,ValueBidder,525.2159367988808,525.2159367988808,False,False,5,ValueBidder=525.22 | PacingBidder=525.22 | CTRBidder=16.21 | ThresholdBidder=13.50 | FixedBidder=1.50
158,ValueBidder,458.6420582970424,458.6420582970424,True,False,5,ValueBidder=458.64 | PacingBidder=458.64 | CTRBidder=15.14 | ThresholdBidder=12.62 | FixedBidder=1.50
159,ValueBidder,241.01567537188373,241.01567537188373,False,False,5,ValueBidder=241.02 | PacingBidder=241.02 | CTRBidder=10.98 | ThresholdBidder=9.15 | FixedBidder=1.50
160,ValueBidder,357.8574982534072,357.8574982534072,True,False,5,ValueBidder=357.86 | PacingBidder=357.86 | CTRBidder=13.38 | ThresholdBidder=11.15 | FixedBidder=1.50
161,PacingBidder,495.553707655869,495.5537076558688,True,False,5,PacingBidder=495.55 | ValueBidder=495.55 | CTRBidder=15.74 | ThresholdBidder=13.12 | FixedBidder=1.50
162,PacingBidder,123.58033065988455,123.5803306598845,False,False,5,PacingBidder=123.58 | ValueBidder=123.58 | CTRBidder=7.86 | ThresholdBidder=6.55 | FixedBidder=1.50
163,PacingBidder,454.0044043824296,454.0044043824292,True,False,5,PacingBidder=454.00 | ValueBidder=454.00 | CTRBidder=15.07 | ThresholdBidder=12.56 | FixedBidder=1.50
164,PacingBidder,404.0955399391641,404.0955399391637,False,False,5,PacingBidder=404.10 | ValueBidder=404.10 | CTRBidder=14.21 | ThresholdBidder=11.85 | FixedBidder=1.50
165,PacingBidder,575.4273739935873,575.427373993587,True,False,5,PacingBidder=575.43 | ValueBidder=575.43 | CTRBidder=16.96 | ThresholdBidder=14.14 | FixedBidder=1.50
166,PacingBidder,482.8895216427257,482.88952164272547,False,False,5,PacingBidder=482.89 | ValueBidder=482.89 | CTRBidder=15.54 | ThresholdBidder=12.95 | FixedBidder=1.50
167,ValueBidder,379.8059137623588,379.8059137623586,False,False,5,ValueBidder=379.81 | PacingBidder=379.81 | CTRBidder=13.78 | ThresholdBidder=11.48 | FixedBidder=1.50
168,ValueBidder,300.9770233288625,300.9770233288623,True,False,5,ValueBidder=300.98 | PacingBidder=300.98 | CTRBidder=12.27 | ThresholdBidder=10.22 | FixedBidder=1.50
169,PacingBidder,302.87241684981365,302.8724168498133,True,False,5,PacingBidder=302.87 | ValueBidder=302.87 | CTRBidder=12.31 | ThresholdBidder=10.25 | FixedBidder=1.50
170,ValueBidder,407.3280031386105,407.3280031386105,True,False,5,ValueBidder=407.33 | PacingBidder=407.33 | CTRBidder=14.27 | ThresholdBidder=11.89 | FixedBidder=1.50
171,ValueBidder,505.2396405423771,505.2396405423769,True,False,5,ValueBidder=505.24 | PacingBidder=505.24 | CTRBidder=15.89 | ThresholdBidder=13.25 | FixedBidder=1.50
172,ValueBidder,360.6043450038342,360.6043450038342,True,False,5,ValueBidder=360.60 | PacingBidder=360.60 | CTRBidder=13.43 | ThresholdBidder=11.19 | FixedBidder=1.50
173,PacingBidder,289.033263653316,289.03326365331594,False,False,5,PacingBidder=289.03 | ValueBidder=289.03 | CTRBidder=12.02 | ThresholdBidder=10.02 | FixedBidder=1.50
174,ValueBidder,282.4072354695483,282.40723546954825,True,False,5,ValueBidder=282.41 | PacingBidder=282.41 | CTRBidder=11.88 | ThresholdBidder=9.90 | FixedBidder=1.50
175,ValueBidder,468.2955567783048,468.2955567783048,True,False,5,ValueBidder=468.30 | PacingBidder=468.30 | CTRBidder=15.30 | ThresholdBidder=12.75 | FixedBidder=1.50
176,PacingBidder,388.77223146261883,388.7722314626187,False,False,5,PacingBidder=388.77 | ValueBidder=388.77 | CTRBidder=13.94 | ThresholdBidder=11.62 | FixedBidder=1.50
177,ValueBidder,91.00234866345914,91.00234866345914,False,False,5,ValueBidder=91.00 | PacingBidder=91.00 | CTRBidder=6.75 | ThresholdBidder=5.62 | FixedBidder=1.50
178,PacingBidder,209.38450335712713,209.38450335712702,False,False,5,PacingBidder=209.38 | ValueBidder=209.38 | CTRBidder=10.23 | ThresholdBidder=8.53 | FixedBidder=1.50
179,ValueBidder,333.73731965619663,333.7373196561965,False,False,5,ValueBidder=333.74 | PacingBidder=333.74 | CTRBidder=12.92 | ThresholdBidder=10.76 | FixedBidder=1.50
180,PacingBidder,489.35689077265835,489.3568907726582,False,False,5,PacingBidder=489.36 | ValueBidder=489.36 | CTRBidder=15.64 | ThresholdBidder=13.04 | FixedBidder=1.50
181,ValueBidder,351.5690364804207,351.56903648042015,True,False,5,ValueBidder=351.57 | PacingBidder=351.57 | CTRBidder=13.26 | ThresholdBidder=11.05 | FixedBidder=1.50
182,PacingBidder,514.0229708953714,514.0229708953709,True,False,5,PacingBidder=514.02 | ValueBidder=514.02 | CTRBidder=16.03 | ThresholdBidder=13.36 | FixedBidder=1.50
183,ValueBidder,600.0103130858926,600.0103130858926,False,False,5,ValueBidder=600.01 | PacingBidder=600.01 | CTRBidder=17.32 | ThresholdBidder=14.43 | FixedBidder=1.50
184,ValueBidder,456.7135086424776,456.7135086424774,True,False,5,ValueBidder=456.71 | PacingBidder=456.71 | CTRBidder=15.11 | ThresholdBidder=12.59 | FixedBidder=1.50
185,PacingBidder,543.9556706349374,543.9556706349372,False,False,5,PacingBidder=543.96 | ValueBidder=543.96 | CTRBidder=16.49 | ThresholdBidder=13.74 | FixedBidder=1.50
186,PacingBidder,332.12776028954613,332.127760289546,False,False,5,PacingBidder=332.13 | ValueBidder=332.13 | CTRBidder=12.89 | ThresholdBidder=10.74 | FixedBidder=1.50
187,ValueBidder,354.3503063818064,354.3503063818059,False,False,5,ValueBidder=354.35 | PacingBidder=354.35 | CTRBidder=13.31 | ThresholdBidder=11.09 | FixedBidder=1.50
188,PacingBidder,513.2547758875382,513.2547758875379,False,False,5,PacingBidder=513.25 | ValueBidder=513.25 | CTRBidder=16.02 | ThresholdBidder=13.35 | FixedBidder=1.50
189,ValueBidder,250.83239489017595,250.83239489017583,False,False,5,ValueBidder=250.83 | PacingBidder=250.83 | CTRBidder=11.20 | ThresholdBidder=9.33 | FixedBidder=1.50
190,ValueBidder,182.41442755920255,182.41442755920255,False,False,5,ValueBidder=182.41 | PacingBidder=182.41 | CTRBidder=9.55 | ThresholdBidder=7.96 | FixedBidder=1.50
191,PacingBidder,600.8274639226081,600.827463922608,False,False,5,PacingBidder=600.83 | ValueBidder=600.83 | CTRBidder=17.33 | ThresholdBidder=14.44 | FixedBidder=1.50
192,ValueBidder,387.7071218845744,387.70712188457424,False,False,5,ValueBidder=387.71 | PacingBidder=387.71 | CTRBidder=13.92 | ThresholdBidder=11.60 | FixedBidder=1.50
193,PacingBidder,255.99954151229116,255.99954151229105,False,False,5,PacingBidder=256.00 | ValueBidder=256.00 | CTRBidder=11.31 | ThresholdBidder=9.43 | FixedBidder=1.50
194,ValueBidder,550.0260629409541,550.0260629409539,False,False,5,ValueBidder=550.03 | PacingBidder=550.03 | CTRBidder=16.58 | ThresholdBidder=13.82 | FixedBidder=1.50
195,PacingBidder,362.211498986667,362.21149898666675,False,False,5,PacingBidder=362.21 | ValueBidder=362.21 | CTRBidder=13.46 | ThresholdBidder=11.21 | FixedBidder=1.50
196,ValueBidder,89.17168504287413,89.17168504287407,False,False,5,ValueBidder=89.17 | PacingBidder=89.17 | CTRBidder=6.68 | ThresholdBidder=5.56 | FixedBidder=1.50
197,ValueBidder,555.7986184504338,555.7986184504338,True,False,5,ValueBidder=555.80 | PacingBidder=555.80 | CTRBidder=16.67 | ThresholdBidder=13.89 | FixedBidder=1.50
198,ValueBidder,296.11341734676637,296.11341734676637,True,False,5,ValueBidder=296.11 | PacingBidder=296.11 | CTRBidder=12.17 | ThresholdBidder=10.14 | FixedBidder=1.50
199,PacingBidder,281.02960439029187,281.02960439029164,True,False,5,PacingBidder=281.03 | ValueBidder=281.03 | CTRBidder=11.85 | ThresholdBidder=9.88 | FixedBidder=1.50
200,ValueBidder,287.45848650791237,287.45848650791226,False,False,5,ValueBidder=287.46 | PacingBidder=287.46 | CTRBidder=11.99 | ThresholdBidder=9.99 | FixedBidder=1.50
201,PacingBidder,561.0536480513396,561.0536480513392,True,False,5,PacingBidder=561.05 | ValueBidder=561.05 | CTRBidder=16.75 | ThresholdBidder=13.96 | FixedBidder=1.50
202,PacingBidder,464.41030813637155,464.4103081363712,True,False,5,PacingBidder=464.41 | ValueBidder=464.41 | CTRBidder=15.24 | ThresholdBidder=12.70 | FixedBidder=1.50
203,ValueBidder,379.73079208797657,379.73079208797657,True,False,5,ValueBidder=379.73 | PacingBidder=379.73 | CTRBidder=13.78 | ThresholdBidder=11.48 | FixedBidder=1.50
204,ValueBidder,192.13149685852258,192.13149685852258,False,False,5,ValueBidder=192.13 | PacingBidder=192.13 | CTRBidder=9.80 | ThresholdBidder=8.17 | FixedBidder=1.50
205,ValueBidder,244.27177138749596,244.27177138749573,False,False,5,ValueBidder=244.27 | PacingBidder=244.27 | CTRBidder=11.05 | ThresholdBidder=9.21 | FixedBidder=1.50
206,PacingBidder,320.1920294403084,320.1920294403083,False,False,5,PacingBidder=320.19 | ValueBidder=320.19 | CTRBidder=12.65 | ThresholdBidder=10.54 | FixedBidder=1.50
207,ValueBidder,181.93788459773023,181.9378845977301,False,False,5,ValueBidder=181.94 | PacingBidder=181.94 | CTRBidder=9.54 | ThresholdBidder=7.95 | FixedBidder=1.50
208,PacingBidder,416.9307733497128,416.93077334971247,True,False,5,PacingBidder=416.93 | ValueBidder=416.93 | CTRBidder=14.44 | ThresholdBidder=12.03 | FixedBidder=1.50
209,ValueBidder,267.45633566526766,267.45633566526766,False,False,5,ValueBidder=267.46 | PacingBidder=267.46 | CTRBidder=11.56 | ThresholdBidder=9.64 | FixedBidder=1.50
210,PacingBidder,472.55271855028417,472.5527185502839,False,False,5,PacingBidder=472.55 | ValueBidder=472.55 | CTRBidder=15.37 | ThresholdBidder=12.81 | FixedBidder=1.50
211,ValueBidder,420.4973660916477,420.49736609164734,True,False,5,ValueBidder=420.50 | PacingBidder=420.50 | CTRBidder=14.50 | ThresholdBidder=12.08 | FixedBidder=1.50
212,ValueBidder,350.4439053117133,350.4439053117133,True,False,5,ValueBidder=350.44 | PacingBidder=350.44 | CTRBidder=13.24 | ThresholdBidder=11.03 | FixedBidder=1.50
213,ValueBidder,531.9420841897362,531.9420841897362,False,False,5,ValueBidder=531.94 | PacingBidder=531.94 | CTRBidder=16.31 | ThresholdBidder=13.59 | FixedBidder=1.50
214,ValueBidder,160.89113004937036,160.89113004937033,False,False,5,ValueBidder=160.89 | PacingBidder=160.89 | CTRBidder=8.97 | ThresholdBidder=7.47 | FixedBidder=1.50
215,PacingBidder,601.9603693707394,601.9603693707392,False,False,5,PacingBidder=601.96 | ValueBidder=601.96 | CTRBidder=17.35 | ThresholdBidder=14.46 | FixedBidder=1.50
216,PacingBidder,303.9189345563238,303.9189345563236,False,False,5,PacingBidder=303.92 | ValueBidder=303.92 | CTRBidder=12.33 | ThresholdBidder=10.27 | FixedBidder=1.50
217,PacingBidder,352.562707955675,352.5627079556747,True,False,5,PacingBidder=352.56 | ValueBidder=352.56 | CTRBidder=13.28 | ThresholdBidder=11.06 | FixedBidder=1.50
218,ValueBidder,685.3376059728687,685.3376059728687,True,False,5,ValueBidder=685.34 | PacingBidder=685.34 | CTRBidder=18.51 | ThresholdBidder=15.43 | FixedBidder=1.50
219,ValueBidder,310.82255155424343,310.8225515542434,True,False,5,ValueBidder=310.82 | PacingBidder=310.82 | CTRBidder=12.47 | ThresholdBidder=10.39 | FixedBidder=1.50
220,ValueBidder,428.094306023304,428.0943060233038,True,False,5,ValueBidder=428.09 | PacingBidder=428.09 | CTRBidder=14.63 | ThresholdBidder=12.19 | FixedBidder=1.50
221,ValueBidder,512.0420254648988,512.0420254648988,False,False,5,ValueBidder=512.04 | PacingBidder=512.04 | CTRBidder=16.00 | ThresholdBidder=13.33 | FixedBidder=1.50
222,ValueBidder,591.1424110981959,591.1424110981959,False,False,5,ValueBidder=591.14 | PacingBidder=591.14 | CTRBidder=17.19 | ThresholdBidder=14.33 | FixedBidder=1.50
223,ValueBidder,624.3500654023634,624.3500654023633,True,True,5,ValueBidder=624.35 | PacingBidder=624.35 | CTRBidder=17.67 | ThresholdBidder=14.72 | FixedBidder=1.50
224,ValueBidder,421.3935887345526,421.3935887345526,True,False,5,ValueBidder=421.39 | PacingBidder=421.39 | CTRBidder=14.52 | ThresholdBidder=12.10 | FixedBidder=1.50
225,PacingBidder,374.334208590268,374.3342085902678,True,False,5,PacingBidder=374.33 | ValueBidder=374.33 | CTRBidder=13.68 | ThresholdBidder=11.40 | FixedBidder=1.50
226,ValueBidder,174.95135125687355,174.95135125687355,False,False,5,ValueBidder=174.95 | PacingBidder=174.95 | CTRBidder=9.35 | ThresholdBidder=7.79 | FixedBidder=1.50
227,PacingBidder,281.56555583676925,281.5655558367691,True,False,5,PacingBidder=281.57 | ValueBidder=281.57 | CTRBidder=11.87 | ThresholdBidder=9.89 | FixedBidder=1.50
228,PacingBidder,484.42954349992107,484.42954349992084,False,False,5,PacingBidder=484.43 | ValueBidder=484.43 | CTRBidder=15.56 | ThresholdBidder=12.97 | FixedBidder=1.50
229,ValueBidder,69.22847580647775,69.2284758064777,False,False,5,ValueBidder=69.23 | PacingBidder=69.23 | CTRBidder=5.88 | ThresholdBidder=4.90 | FixedBidder=1.50
230,PacingBidder,469.22221244103577,469.2222124410354,False,False,5,PacingBidder=469.22 | ValueBidder=469.22 | CTRBidder=15.32 | ThresholdBidder=12.76 | FixedBidder=1.50
231,PacingBidder,555.4629897512569,555.4629897512567,True,True,5,PacingBidder=555.46 | ValueBidder=555.46 | CTRBidder=16.67 | ThresholdBidder=13.89 | FixedBidder=1.50
232,PacingBidder,317.3530807074401,317.35308070743986,False,False,5,PacingBidder=317.35 | ValueBidder=317.35 | CTRBidder=12.60 | ThresholdBidder=10.50 | FixedBidder=1.50
233,PacingBidder,400.6619438707471,400.661943870747,False,False,5,PacingBidder=400.66 | ValueBidder=400.66 | CTRBidder=14.15 | ThresholdBidder=11.79 | FixedBidder=1.50
234,ValueBidder,400.1930596382315,400.1930596382315,True,False,5,ValueBidder=400.19 | PacingBidder=400.19 | CTRBidder=14.15 | ThresholdBidder=11.79 | FixedBidder=1.50
235,PacingBidder,462.03510748359014,462.03510748358974,False,False,5,PacingBidder=462.04 | ValueBidder=462.04 | CTRBidder=15.20 | ThresholdBidder=12.67 | FixedBidder=1.50
236,PacingBidder,313.312143244254,313.31214324425383,False,False,5,PacingBidder=313.31 | ValueBidder=313.31 | CTRBidder=12.52 | ThresholdBidder=10.43 | FixedBidder=1.50
237,ValueBidder,229.93500183997602,229.93500183997597,False,False,5,ValueBidder=229.94 | PacingBidder=229.94 | CTRBidder=10.72 | ThresholdBidder=8.94 | FixedBidder=1.50
238,ValueBidder,187.7124683140768,187.7124683140768,False,False,5,ValueBidder=187.71 | PacingBidder=187.71 | CTRBidder=9.69 | ThresholdBidder=8.07 | FixedBidder=1.50
239,ValueBidder,282.3979125787971,282.3979125787971,False,False,5,ValueBidder=282.40 | PacingBidder=282.40 | CTRBidder=11.88 | ThresholdBidder=9.90 | FixedBidder=1.50
240,ValueBidder,460.0165735420783,460.0165735420783,False,False,5,ValueBidder=460.02 | PacingBidder=460.02 | CTRBidder=15.17 | ThresholdBidder=12.64 | FixedBidder=1.50
241,ValueBidder,235.22076082758747,235.22076082758724,True,False,5,ValueBidder=235.22 | PacingBidder=235.22 | CTRBidder=10.84 | ThresholdBidder=9.04 | FixedBidder=1.50
242,PacingBidder,396.5053715022832,396.5053715022831,False,False,5,PacingBidder=396.51 | ValueBidder=396.51 | CTRBidder=14.08 | ThresholdBidder=11.73 | FixedBidder=1.50
243,ValueBidder,601.6636757675822,601.6636757675822,False,False,5,ValueBidder=601.66 | PacingBidder=601.66 | CTRBidder=17.34 | ThresholdBidder=14.45 | FixedBidder=1.50
244,ValueBidder,335.73223752982216,335.73223752982193,False,False,5,ValueBidder=335.73 | PacingBidder=335.73 | CTRBidder=12.96 | ThresholdBidder=10.80 | FixedBidder=1.50
245,ValueBidder,311.454553437041,311.45455343704094,True,False,5,ValueBidder=311.45 | PacingBidder=311.45 | CTRBidder=12.48 | ThresholdBidder=10.40 | FixedBidder=1.50
246,PacingBidder,436.8854007988717,436.8854007988715,False,False,5,PacingBidder=436.89 | ValueBidder=436.89 | CTRBidder=14.78 | ThresholdBidder=12.32 | FixedBidder=1.50
247,ValueBidder,281.35368916992485,281.3536891699246,False,False,5,ValueBidder=281.35 | PacingBidder=281.35 | CTRBidder=11.86 | ThresholdBidder=9.88 | FixedBidder=1.50
248,ValueBidder,363.93454339136173,363.9345433913616,False,False,5,ValueBidder=363.93 | PacingBidder=363.93 | CTRBidder=13.49 | ThresholdBidder=11.24 | FixedBidder=1.50
249,PacingBidder,599.067911200497,599.0679112004967,True,False,5,PacingBidder=599.07 | ValueBidder=599.07 | CTRBidder=17.31 | ThresholdBidder=14.42 | FixedBidder=1.50
250,ValueBidder,313.51448039850385,313.51448039850374,False,False,5,ValueBidder=313.51 | PacingBidder=313.51 | CTRBidder=12.52 | ThresholdBidder=10.43 | FixedBidder=1.50
251,ValueBidder,526.2748598880806,526.2748598880806,True,False,5,ValueBidder=526.27 | PacingBidder=526.27 | CTRBidder=16.22 | ThresholdBidder=13.52 | FixedBidder=1.50
252,ValueBidder,259.6480663507607,259.6480663507607,False,False,5,ValueBidder=259.65 | PacingBidder=259.65 | CTRBidder=11.39 | ThresholdBidder=9.50 | FixedBidder=1.50
253,PacingBidder,601.8541263321733,601.8541263321731,False,False,5,PacingBidder=601.85 | ValueBidder=601.85 | CTRBidder=17.35 | ThresholdBidder=14.46 | FixedBidder=1.50
254,PacingBidder,279.1429286716178,279.1429286716176,True,False,5,PacingBidder=279.14 | ValueBidder=279.14 | CTRBidder=11.81 | ThresholdBidder=9.85 | FixedBidder=1.50
255,PacingBidder,84.85793371476362,84.85793371476355,False,False,5,PacingBidder=84.86 | ValueBidder=84.86 | CTRBidder=6.51 | ThresholdBidder=5.43 | FixedBidder=1.50
256,ValueBidder,222.304343467972,222.30434346797193,False,False,5,ValueBidder=222.30 | PacingBidder=222.30 | CTRBidder=10.54 | ThresholdBidder=8.79 | FixedBidder=1.50
257,PacingBidder,252.7867790150615,252.78677901506137,True,False,5,PacingBidder=252.79 | ValueBidder=252.79 | CTRBidder=11.24 | ThresholdBidder=9.37 | FixedBidder=1.50
258,ValueBidder,280.81570638292067,280.81570638292067,False,False,5,ValueBidder=280.82 | PacingBidder=280.82 | CTRBidder=11.85 | ThresholdBidder=9.87 | FixedBidder=1.50
259,ValueBidder,383.44362983103963,383.4436298310395,True,False,5,ValueBidder=383.44 | PacingBidder=383.44 | CTRBidder=13.85 | ThresholdBidder=11.54 | FixedBidder=1.50
260,ValueBidder,372.6117576197706,372.6117576197703,False,False,5,ValueBidder=372.61 | PacingBidder=372.61 | CTRBidder=13.65 | ThresholdBidder=11.37 | FixedBidder=1.50
261,PacingBidder,268.370809674814,268.3708096748137,True,False,5,PacingBidder=268.37 | ValueBidder=268.37 | CTRBidder=11.58 | ThresholdBidder=9.65 | FixedBidder=1.50
262,ValueBidder,167.76056017796358,167.76056017796358,False,False,5,ValueBidder=167.76 | PacingBidder=167.76 | CTRBidder=9.16 | ThresholdBidder=7.63 | FixedBidder=1.50
263,ValueBidder,262.0611771513726,262.0611771513722,False,False,5,ValueBidder=262.06 | PacingBidder=262.06 | CTRBidder=11.45 | ThresholdBidder=9.54 | FixedBidder=1.50
264,PacingBidder,370.70142499124023,370.70142499124,True,False,5,PacingBidder=370.70 | ValueBidder=370.70 | CTRBidder=13.61 | ThresholdBidder=11.35 | FixedBidder=1.50
265,PacingBidder,104.6984931692365,104.69849316923644,False,False,5,PacingBidder=104.70 | ValueBidder=104.70 | CTRBidder=7.24 | ThresholdBidder=6.03 | FixedBidder=1.50
266,PacingBidder,267.15750360421004,267.15750360421,False,False,5,PacingBidder=267.16 | ValueBidder=267.16 | CTRBidder=11.56 | ThresholdBidder=9.63 | FixedBidder=1.50
267,ValueBidder,391.9044518357999,391.90445183579965,True,False,5,ValueBidder=391.90 | PacingBidder=391.90 | CTRBidder=14.00 | ThresholdBidder=11.67 | FixedBidder=1.50
268,ValueBidder,183.7200911048745,183.72009110487443,False,False,5,ValueBidder=183.72 | PacingBidder=183.72 | CTRBidder=9.58 | ThresholdBidder=7.99 | FixedBidder=1.50
269,PacingBidder,386.29014956797647,386.29014956797636,True,False,5,PacingBidder=386.29 | ValueBidder=386.29 | CTRBidder=13.90 | ThresholdBidder=11.58 | FixedBidder=1.50
270,ValueBidder,434.76428561836525,434.7642856183651,False,False,5,ValueBidder=434.76 | PacingBidder=434.76 | CTRBidder=14.74 | ThresholdBidder=12.29 | FixedBidder=1.50
271,ValueBidder,256.03782360289233,256.03782360289233,True,False,5,ValueBidder=256.04 | PacingBidder=256.04 | CTRBidder=11.31 | ThresholdBidder=9.43 | FixedBidder=1.50
272,PacingBidder,46.349275780014,46.34927578001398,True,False,5,PacingBidder=46.35 | ValueBidder=46.35 | CTRBidder=4.81 | ThresholdBidder=4.01 | FixedBidder=1.50
273,ValueBidder,370.50738765773957,370.50738765773923,False,False,5,ValueBidder=370.51 | PacingBidder=370.51 | CTRBidder=13.61 | ThresholdBidder=11.34 | FixedBidder=1.50
274,PacingBidder,489.8266802232847,489.82668022328454,True,False,5,PacingBidder=489.83 | ValueBidder=489.83 | CTRBidder=15.65 | ThresholdBidder=13.04 | FixedBidder=1.50
275,ValueBidder,183.3128301069725,183.3128301069724,True,False,5,ValueBidder=183.31 | PacingBidder=183.31 | CTRBidder=9.57 | ThresholdBidder=7.98 | FixedBidder=1.50
276,ValueBidder,620.5704905966418,620.5704905966418,True,False,5,ValueBidder=620.57 | PacingBidder=620.57 | CTRBidder=17.61 | ThresholdBidder=14.68 | FixedBidder=1.50
277,PacingBidder,240.75258985856368,240.75258985856357,True,False,5,PacingBidder=240.75 | ValueBidder=240.75 | CTRBidder=10.97 | ThresholdBidder=9.14 | FixedBidder=1.50
278,ValueBidder,633.513547206548,633.513547206548,False,False,5,ValueBidder=633.51 | PacingBidder=633.51 | CTRBidder=17.80 | ThresholdBidder=14.83 | FixedBidder=1.50
279,ValueBidder,358.40570129381746,358.40570129381746,True,False,5,ValueBidder=358.41 | PacingBidder=358.41 | CTRBidder=13.39 | ThresholdBidder=11.16 | FixedBidder=1.50
280,PacingBidder,183.99630594489162,183.99630594489153,False,False,5,PacingBidder=184.00 | ValueBidder=184.00 | CTRBidder=9.59 | ThresholdBidder=7.99 | FixedBidder=1.50
281,ValueBidder,380.95017698283397,380.9501769828339,False,False,5,ValueBidder=380.95 | PacingBidder=380.95 | CTRBidder=13.80 | ThresholdBidder=11.50 | FixedBidder=1.50
282,ValueBidder,318.93844928734967,318.9384492873493,True,False,5,ValueBidder=318.94 | PacingBidder=318.94 | CTRBidder=12.63 | ThresholdBidder=10.52 | FixedBidder=1.50
283,ValueBidder,474.0721042282977,474.07210422829746,False,False,5,ValueBidder=474.07 | PacingBidder=474.07 | CTRBidder=15.40 | ThresholdBidder=12.83 | FixedBidder=1.50
284,ValueBidder,268.3749234118313,268.37492341183093,True,False,5,ValueBidder=268.37 | PacingBidder=268.37 | CTRBidder=11.58 | ThresholdBidder=9.65 | FixedBidder=1.50
285,PacingBidder,487.58983326066976,487.58983326066954,False,False,5,PacingBidder=487.59 | ValueBidder=487.59 | CTRBidder=15.61 | ThresholdBidder=13.01 | FixedBidder=1.50
286,ValueBidder,526.1818625349969,526.1818625349969,True,False,5,ValueBidder=526.18 | PacingBidder=526.18 | CTRBidder=16.22 | ThresholdBidder=13.52 | FixedBidder=1.50
287,ValueBidder,417.8308801390578,417.8308801390578,False,False,5,ValueBidder=417.83 | PacingBidder=417.83 | CTRBidder=14.45 | ThresholdBidder=12.04 | FixedBidder=1.50
288,PacingBidder,661.9868916466694,661.986891646669,False,False,5,PacingBidder=661.99 | ValueBidder=661.99 | CTRBidder=18.19 | ThresholdBidder=15.16 | FixedBidder=1.50
289,ValueBidder,390.0918730179828,390.09187301798266,False,False,5,ValueBidder=390.09 | PacingBidder=390.09 | CTRBidder=13.97 | ThresholdBidder=11.64 | FixedBidder=1.50
290,ValueBidder,319.6084639347777,319.60846393477766,False,False,5,ValueBidder=319.61 | PacingBidder=319.61 | CTRBidder=12.64 | ThresholdBidder=10.53 | FixedBidder=1.50
291,PacingBidder,302.378482813869,302.37848281386897,False,False,5,PacingBidder=302.38 | ValueBidder=302.38 | CTRBidder=12.30 | ThresholdBidder=10.25 | FixedBidder=1.50
292,ValueBidder,436.6817495620317,436.6817495620317,True,False,5,ValueBidder=436.68 | PacingBidder=436.68 | CTRBidder=14.78 | ThresholdBidder=12.31 | FixedBidder=1.50
293,PacingBidder,270.30661796304736,270.30661796304724,True,False,5,PacingBidder=270.31 | ValueBidder=270.31 | CTRBidder=11.63 | ThresholdBidder=9.69 | FixedBidder=1.50
294,PacingBidder,475.4749783954696,475.4749783954691,False,False,5,PacingBidder=475.47 | ValueBidder=475.47 | CTRBidder=15.42 | ThresholdBidder=12.85 | FixedBidder=1.50
295,ValueBidder,294.81541417699424,294.81541417699407,True,False,5,ValueBidder=294.82 | PacingBidder=294.82 | CTRBidder=12.14 | ThresholdBidder=10.12 | FixedBidder=1.50
296,ValueBidder,372.5954378573507,372.5954378573507,False,False,5,ValueBidder=372.60 | PacingBidder=372.60 | CTRBidder=13.65 | ThresholdBidder=11.37 | FixedBidder=1.50
297,PacingBidder,525.26844245925,525.2684424592495,False,False,5,PacingBidder=525.27 | ValueBidder=525.27 | CTRBidder=16.21 | ThresholdBidder=13.50 | FixedBidder=1.50
298,PacingBidder,422.4521948687873,422.45219486878716,True,False,5,PacingBidder=422.45 | ValueBidder=422.45 | CTRBidder=14.53 | ThresholdBidder=12.11 | FixedBidder=1.50
299,PacingBidder,166.75522133107793,166.7552213310778,False,False,5,PacingBidder=166.76 | ValueBidder=166.76 | CTRBidder=9.13 | ThresholdBidder=7.61 | FixedBidder=1.50
300,ValueBidder,319.16413538314987,319.16413538314987,True,False,5,ValueBidder=319.16 | PacingBidder=319.16 | CTRBidder=12.63 | ThresholdBidder=10.53 | FixedBidder=1.50
301,ValueBidder,498.0887023172303,498.0887023172303,True,False,5,ValueBidder=498.09 | PacingBidder=498.09 | CTRBidder=15.78 | ThresholdBidder=13.15 | FixedBidder=1.50
302,ValueBidder,366.9643173270565,366.96431732705634,True,False,5,ValueBidder=366.96 | PacingBidder=366.96 | CTRBidder=13.55 | ThresholdBidder=11.29 | FixedBidder=1.50
303,ValueBidder,323.28271868232764,323.28271868232764,False,False,5,ValueBidder=323.28 | PacingBidder=323.28 | CTRBidder=12.71 | ThresholdBidder=10.59 | FixedBidder=1.50
304,PacingBidder,247.82693116726227,247.8269311672621,False,False,5,PacingBidder=247.83 | ValueBidder=247.83 | CTRBidder=11.13 | ThresholdBidder=9.28 | FixedBidder=1.50
305,ValueBidder,308.65548766645855,308.6554876664584,True,False,5,ValueBidder=308.66 | PacingBidder=308.66 | CTRBidder=12.42 | ThresholdBidder=10.35 | FixedBidder=1.50
306,PacingBidder,222.62507730643878,222.62507730643867,False,False,5,PacingBidder=222.63 | ValueBidder=222.63 | CTRBidder=10.55 | ThresholdBidder=8.79 | FixedBidder=1.50
307,ValueBidder,375.25326232114566,375.2532623211455,True,False,5,ValueBidder=375.25 | PacingBidder=375.25 | CTRBidder=13.70 | ThresholdBidder=11.41 | FixedBidder=1.50
308,ValueBidder,217.1373848530469,217.13738485304685,False,False,5,ValueBidder=217.14 | PacingBidder=217.14 | CTRBidder=10.42 | ThresholdBidder=8.68 | FixedBidder=1.50
309,ValueBidder,216.19311693996448,216.19311693996426,False,False,5,ValueBidder=216.19 | PacingBidder=216.19 | CTRBidder=10.40 | ThresholdBidder=8.66 | FixedBidder=1.50
310,PacingBidder,328.9551628130695,328.9551628130692,False,False,5,PacingBidder=328.96 | ValueBidder=328.96 | CTRBidder=12.82 | ThresholdBidder=10.69 | FixedBidder=1.50
311,ValueBidder,276.5243513932631,276.52435139326303,False,False,5,ValueBidder=276.52 | PacingBidder=276.52 | CTRBidder=11.76 | ThresholdBidder=9.80 | FixedBidder=1.50
312,ValueBidder,591.6670823211044,591.6670823211041,False,False,5,ValueBidder=591.67 | PacingBidder=591.67 | CTRBidder=17.20 | ThresholdBidder=14.33 | FixedBidder=1.50
313,PacingBidder,244.88173089040876,244.8817308904087,False,False,5,PacingBidder=244.88 | ValueBidder=244.88 | CTRBidder=11.07 | ThresholdBidder=9.22 | FixedBidder=1.50
314,PacingBidder,518.0823762421263,518.0823762421259,True,False,5,PacingBidder=518.08 | ValueBidder=518.08 | CTRBidder=16.09 | ThresholdBidder=13.41 | FixedBidder=1.50
315,ValueBidder,238.7694441846974,238.76944418469716,True,False,5,ValueBidder=238.77 | PacingBidder=238.77 | CTRBidder=10.93 | ThresholdBidder=9.11 | FixedBidder=1.50
316,ValueBidder,441.38531328390366,441.3853132839035,False,False,5,ValueBidder=441.39 | PacingBidder=441.39 | CTRBidder=14.86 | ThresholdBidder=12.38 | FixedBidder=1.50
317,ValueBidder,316.94766354769916,316.94766354769916,True,False,5,ValueBidder=316.95 | PacingBidder=316.95 | CTRBidder=12.59 | ThresholdBidder=10.49 | FixedBidder=1.50
318,ValueBidder,482.2778208773653,482.2778208773653,True,False,5,ValueBidder=482.28 | PacingBidder=482.28 | CTRBidder=15.53 | ThresholdBidder=12.94 | FixedBidder=1.50
319,PacingBidder,296.0979349850183,296.0979349850181,False,False,5,PacingBidder=296.10 | ValueBidder=296.10 | CTRBidder=12.17 | ThresholdBidder=10.14 | FixedBidder=1.50
320,ValueBidder,299.2099716512751,299.2099716512747,True,False,5,ValueBidder=299.21 | PacingBidder=299.21 | CTRBidder=12.23 | ThresholdBidder=10.19 | FixedBidder=1.50
321,ValueBidder,236.49546206935855,236.49546206935855,False,False,5,ValueBidder=236.50 | PacingBidder=236.50 | CTRBidder=10.87 | ThresholdBidder=9.06 | FixedBidder=1.50
322,ValueBidder,99.80602271410734,99.80602271410733,False,False,5,ValueBidder=99.81 | PacingBidder=99.81 | CTRBidder=7.06 | ThresholdBidder=5.89 | FixedBidder=1.50
323,ValueBidder,588.4152032236507,588.4152032236507,True,False,5,ValueBidder=588.42 | PacingBidder=588.42 | CTRBidder=17.15 | ThresholdBidder=14.29 | FixedBidder=1.50
324,ValueBidder,340.4257977565652,340.425797756565,True,False,5,ValueBidder=340.43 | PacingBidder=340.43 | CTRBidder=13.05 | ThresholdBidder=10.87 | FixedBidder=1.50
325,ValueBidder,525.6300692738727,525.6300692738727,True,False,5,ValueBidder=525.63 | PacingBidder=525.63 | CTRBidder=16.21 | ThresholdBidder=13.51 | FixedBidder=1.50
326,ValueBidder,320.70154680678286,320.70154680678286,False,False,5,ValueBidder=320.70 | PacingBidder=320.70 | CTRBidder=12.66 | ThresholdBidder=10.55 | FixedBidder=1.50
327,ValueBidder,453.5064471496124,453.5064471496124,True,False,5,ValueBidder=453.51 | PacingBidder=453.51 | CTRBidder=15.06 | ThresholdBidder=12.55 | FixedBidder=1.50
328,ValueBidder,357.1941998397405,357.19419983974046,True,False,5,ValueBidder=357.19 | PacingBidder=357.19 | CTRBidder=13.36 | ThresholdBidder=11.14 | FixedBidder=1.50
329,PacingBidder,430.8613888636914,430.8613888636911,False,False,5,PacingBidder=430.86 | ValueBidder=430.86 | CTRBidder=14.68 | ThresholdBidder=12.23 | FixedBidder=1.50
330,ValueBidder,248.3666345279654,248.3666345279651,False,False,5,ValueBidder=248.37 | PacingBidder=248.37 | CTRBidder=11.14 | ThresholdBidder=9.29 | FixedBidder=1.50
331,PacingBidder,597.5100878967954,597.5100878967952,False,False,5,PacingBidder=597.51 | ValueBidder=597.51 | CTRBidder=17.28 | ThresholdBidder=14.40 | FixedBidder=1.50
332,ValueBidder,354.7522670000921,354.7522670000921,True,False,5,ValueBidder=354.75 | PacingBidder=354.75 | CTRBidder=13.32 | ThresholdBidder=11.10 | FixedBidder=1.50
333,ValueBidder,214.5748995502529,214.5748995502529,False,False,5,ValueBidder=214.57 | PacingBidder=214.57 | CTRBidder=10.36 | ThresholdBidder=8.63 | FixedBidder=1.50
334,PacingBidder,401.6620484294271,401.66204842942705,False,False,5,PacingBidder=401.66 | ValueBidder=401.66 | CTRBidder=14.17 | ThresholdBidder=11.81 | FixedBidder=1.50
335,PacingBidder,399.30396455769437,399.3039645576939,True,False,5,PacingBidder=399.30 | ValueBidder=399.30 | CTRBidder=14.13 | ThresholdBidder=11.77 | FixedBidder=1.50
336,ValueBidder,244.52372392987687,244.52372392987667,False,False,5,ValueBidder=244.52 | PacingBidder=244.52 | CTRBidder=11.06 | ThresholdBidder=9.21 | FixedBidder=1.50
337,ValueBidder,533.5047008881899,533.5047008881899,True,False,5,ValueBidder=533.50 | PacingBidder=533.50 | CTRBidder=16.33 | ThresholdBidder=13.61 | FixedBidder=1.50
338,PacingBidder,289.0740064679449,289.0740064679448,False,False,5,PacingBidder=289.07 | ValueBidder=289.07 | CTRBidder=12.02 | ThresholdBidder=10.02 | FixedBidder=1.50
339,PacingBidder,368.93672823090617,368.93672823090594,True,False,5,PacingBidder=368.94 | ValueBidder=368.94 | CTRBidder=13.58 | ThresholdBidder=11.32 | FixedBidder=1.50
340,ValueBidder,290.7428823787471,290.7428823787471,False,False,5,ValueBidder=290.74 | PacingBidder=290.74 | CTRBidder=12.06 | ThresholdBidder=10.05 | FixedBidder=1.50
341,ValueBidder,585.9066840023735,585.9066840023735,True,False,5,ValueBidder=585.91 | PacingBidder=585.91 | CTRBidder=17.12 | ThresholdBidder=14.26 | FixedBidder=1.50
342,PacingBidder,386.23547882711114,386.2354788271107,True,False,5,PacingBidder=386.24 | ValueBidder=386.24 | CTRBidder=13.90 | ThresholdBidder=11.58 | FixedBidder=1.50
343,ValueBidder,526.7282605381622,526.7282605381622,False,False,5,ValueBidder=526.73 | PacingBidder=526.73 | CTRBidder=16.23 | ThresholdBidder=13.52 | FixedBidder=1.50
344,PacingBidder,272.2506041680755,272.2506041680752,False,False,5,PacingBidder=272.25 | ValueBidder=272.25 | CTRBidder=11.67 | ThresholdBidder=9.72 | FixedBidder=1.50
345,ValueBidder,392.6535407766452,392.6535407766452,False,False,5,ValueBidder=392.65 | PacingBidder=392.65 | CTRBidder=14.01 | ThresholdBidder=11.68 | FixedBidder=1.50
346,ValueBidder,366.72712213129915,366.72712213129904,True,False,5,ValueBidder=366.73 | PacingBidder=366.73 | CTRBidder=13.54 | ThresholdBidder=11.28 | FixedBidder=1.50
347,PacingBidder,176.5309219956842,176.53092199568417,True,False,5,PacingBidder=176.53 | ValueBidder=176.53 | CTRBidder=9.39 | ThresholdBidder=7.83 | FixedBidder=1.50
348,ValueBidder,469.86028689813935,469.86028689813935,False,False,5,ValueBidder=469.86 | PacingBidder=469.86 | CTRBidder=15.33 | ThresholdBidder=12.77 | FixedBidder=1.50
349,ValueBidder,501.9018807573674,501.90188075736717,False,False,5,ValueBidder=501.90 | PacingBidder=501.90 | CTRBidder=15.84 | ThresholdBidder=13.20 | FixedBidder=1.50
350,PacingBidder,619.5161877572104,619.5161877572102,False,False,5,PacingBidder=619.52 | ValueBidder=619.52 | CTRBidder=17.60 | ThresholdBidder=14.67 | FixedBidder=1.50
351,PacingBidder,541.6586094921685,541.6586094921682,False,False,5,PacingBidder=541.66 | ValueBidder=541.66 | CTRBidder=16.46 | ThresholdBidder=13.71 | FixedBidder=1.50
352,ValueBidder,330.69097120209125,330.69097120209125,False,False,5,ValueBidder=330.69 | PacingBidder=330.69 | CTRBidder=12.86 | ThresholdBidder=10.72 | FixedBidder=1.50
353,PacingBidder,344.8198335331772,344.8198335331771,False,False,5,PacingBidder=344.82 | ValueBidder=344.82 | CTRBidder=13.13 | ThresholdBidder=10.94 | FixedBidder=1.50
354,ValueBidder,575.6768689521697,575.6768689521697,False,False,5,ValueBidder=575.68 | PacingBidder=575.68 | CTRBidder=16.97 | ThresholdBidder=14.14 | FixedBidder=1.50
355,ValueBidder,642.3238662037764,642.3238662037764,True,False,5,ValueBidder=642.32 | PacingBidder=642.32 | CTRBidder=17.92 | ThresholdBidder=14.93 | FixedBidder=1.50
356,ValueBidder,338.306077655451,338.30607765545096,False,False,5,ValueBidder=338.31 | PacingBidder=338.31 | CTRBidder=13.01 | ThresholdBidder=10.84 | FixedBidder=1.50
357,PacingBidder,383.0151479283223,383.0151479283222,False,False,5,PacingBidder=383.02 | ValueBidder=383.02 | CTRBidder=13.84 | ThresholdBidder=11.53 | FixedBidder=1.50
358,PacingBidder,409.4036046333357,409.4036046333353,True,False,5,PacingBidder=409.40 | ValueBidder=409.40 | CTRBidder=14.31 | ThresholdBidder=11.92 | FixedBidder=1.50
359,ValueBidder,490.19034135833573,490.1903413583355,True,False,5,ValueBidder=490.19 | PacingBidder=490.19 | CTRBidder=15.66 | ThresholdBidder=13.05 | FixedBidder=1.50
360,ValueBidder,272.1661515270227,272.1661515270225,False,False,5,ValueBidder=272.17 | PacingBidder=272.17 | CTRBidder=11.67 | ThresholdBidder=9.72 | FixedBidder=1.50
361,ValueBidder,337.0635218519334,337.0635218519334,True,False,5,ValueBidder=337.06 | PacingBidder=337.06 | CTRBidder=12.98 | ThresholdBidder=10.82 | FixedBidder=1.50
362,ValueBidder,247.4970964837573,247.4970964837573,False,False,5,ValueBidder=247.50 | PacingBidder=247.50 | CTRBidder=11.12 | ThresholdBidder=9.27 | FixedBidder=1.50
363,PacingBidder,222.48675584652244,222.48675584652236,True,False,5,PacingBidder=222.49 | ValueBidder=222.49 | CTRBidder=10.55 | ThresholdBidder=8.79 | FixedBidder=1.50
364,ValueBidder,516.1062941845837,516.1062941845837,False,False,5,ValueBidder=516.11 | PacingBidder=516.11 | CTRBidder=16.06 | ThresholdBidder=13.39 | FixedBidder=1.50
365,PacingBidder,187.36244510762583,187.36244510762577,False,False,5,PacingBidder=187.36 | ValueBidder=187.36 | CTRBidder=9.68 | ThresholdBidder=8.07 | FixedBidder=1.50
366,ValueBidder,189.88261825706837,189.88261825706837,False,False,5,ValueBidder=189.88 | PacingBidder=189.88 | CTRBidder=9.74 | ThresholdBidder=8.12 | FixedBidder=1.50
367,ValueBidder,610.0138734380929,610.0138734380929,True,False,5,ValueBidder=610.01 | PacingBidder=610.01 | CTRBidder=17.46 | ThresholdBidder=14.55 | FixedBidder=1.50
368,ValueBidder,235.98034806787513,235.98034806787513,True,False,5,ValueBidder=235.98 | PacingBidder=235.98 | CTRBidder=10.86 | ThresholdBidder=9.05 | FixedBidder=1.50
369,PacingBidder,364.30611366139794,364.30611366139766,False,False,5,PacingBidder=364.31 | ValueBidder=364.31 | CTRBidder=13.50 | ThresholdBidder=11.25 | FixedBidder=1.50
370,PacingBidder,508.4139281111131,508.41392811111285,False,False,5,PacingBidder=508.41 | ValueBidder=508.41 | CTRBidder=15.94 | ThresholdBidder=13.29 | FixedBidder=1.50
371,ValueBidder,482.8084441740583,482.8084441740583,False,False,5,ValueBidder=482.81 | PacingBidder=482.81 | CTRBidder=15.54 | ThresholdBidder=12.95 | FixedBidder=1.50
372,PacingBidder,293.21892192207076,293.2189219220707,False,False,5,PacingBidder=293.22 | ValueBidder=293.22 | CTRBidder=12.11 | ThresholdBidder=10.09 | FixedBidder=1.50
373,PacingBidder,323.2633605553192,323.2633605553188,False,False,5,PacingBidder=323.26 | ValueBidder=323.26 | CTRBidder=12.71 | ThresholdBidder=10.59 | FixedBidder=1.50
374,ValueBidder,67.53591333160394,67.53591333160391,False,False,5,ValueBidder=67.54 | PacingBidder=67.54 | CTRBidder=5.81 | ThresholdBidder=4.84 | FixedBidder=1.50
375,ValueBidder,246.6390933944596,246.6390933944596,False,False,5,ValueBidder=246.64 | PacingBidder=246.64 | CTRBidder=11.10 | ThresholdBidder=9.25 | FixedBidder=1.50
376,ValueBidder,515.9216034630144,515.9216034630138,False,False,5,ValueBidder=515.92 | PacingBidder=515.92 | CTRBidder=16.06 | ThresholdBidder=13.38 | FixedBidder=1.50
377,ValueBidder,480.4168319918769,480.4168319918769,True,False,5,ValueBidder=480.42 | PacingBidder=480.42 | CTRBidder=15.50 | ThresholdBidder=12.92 | FixedBidder=1.50
378,PacingBidder,407.87882914870863,407.8788291487085,True,False,5,PacingBidder=407.88 | ValueBidder=407.88 | CTRBidder=14.28 | ThresholdBidder=11.90 | FixedBidder=1.50
379,PacingBidder,185.28937346195218,185.28937346195212,False,False,5,PacingBidder=185.29 | ValueBidder=185.29 | CTRBidder=9.63 | ThresholdBidder=8.02 | FixedBidder=1.50
380,ValueBidder,444.3899480487903,444.38994804879013,True,False,5,ValueBidder=444.39 | PacingBidder=444.39 | CTRBidder=14.91 | ThresholdBidder=12.42 | FixedBidder=1.50
381,ValueBidder,448.53117938699904,448.5311793869984,True,False,5,ValueBidder=448.53 | PacingBidder=448.53 | CTRBidder=14.98 | ThresholdBidder=12.48 | FixedBidder=1.50
382,ValueBidder,429.42088625154116,429.42088625154116,False,False,5,ValueBidder=429.42 | PacingBidder=429.42 | CTRBidder=14.65 | ThresholdBidder=12.21 | FixedBidder=1.50
383,PacingBidder,371.49338649308737,371.4933864930873,True,False,5,PacingBidder=371.49 | ValueBidder=371.49 | CTRBidder=13.63 | ThresholdBidder=11.36 | FixedBidder=1.50
384,ValueBidder,262.33364638299236,262.33364638299236,True,False,5,ValueBidder=262.33 | PacingBidder=262.33 | CTRBidder=11.45 | ThresholdBidder=9.54 | FixedBidder=1.50
385,PacingBidder,458.7183516782033,458.7183516782031,False,False,5,PacingBidder=458.72 | ValueBidder=458.72 | CTRBidder=15.14 | ThresholdBidder=12.62 | FixedBidder=1.50
386,ValueBidder,306.8812497945459,306.8812497945458,True,False,5,ValueBidder=306.88 | PacingBidder=306.88 | CTRBidder=12.39 | ThresholdBidder=10.32 | FixedBidder=1.50
387,ValueBidder,269.5776061119012,269.57760611190116,False,False,5,ValueBidder=269.58 | PacingBidder=269.58 | CTRBidder=11.61 | ThresholdBidder=9.67 | FixedBidder=1.50
388,ValueBidder,306.46314583381604,306.4631458338159,False,False,5,ValueBidder=306.46 | PacingBidder=306.46 | CTRBidder=12.38 | ThresholdBidder=10.32 | FixedBidder=1.50
389,PacingBidder,306.7824156729579,306.78241567295765,True,False,5,PacingBidder=306.78 | ValueBidder=306.78 | CTRBidder=12.39 | ThresholdBidder=10.32 | FixedBidder=1.50
390,ValueBidder,349.3696362870734,349.3696362870733,True,False,5,ValueBidder=349.37 | PacingBidder=349.37 | CTRBidder=13.22 | ThresholdBidder=11.01 | FixedBidder=1.50
391,ValueBidder,204.9660771326217,204.9660771326217,False,False,5,ValueBidder=204.97 | PacingBidder=204.97 | CTRBidder=10.12 | ThresholdBidder=8.44 | FixedBidder=1.50
392,ValueBidder,501.51550467432884,501.51550467432884,False,False,5,ValueBidder=501.52 | PacingBidder=501.52 | CTRBidder=15.84 | ThresholdBidder=13.20 | FixedBidder=1.50
393,ValueBidder,301.72667385831005,301.72667385831,True,False,5,ValueBidder=301.73 | PacingBidder=301.73 | CTRBidder=12.28 | ThresholdBidder=10.24 | FixedBidder=1.50
394,ValueBidder,221.6185333979392,221.6185333979391,True,False,5,ValueBidder=221.62 | PacingBidder=221.62 | CTRBidder=10.53 | ThresholdBidder=8.77 | FixedBidder=1.50
395,ValueBidder,567.8883157958985,567.8883157958983,False,False,5,ValueBidder=567.89 | PacingBidder=567.89 | CTRBidder=16.85 | ThresholdBidder=14.04 | FixedBidder=1.50
396,ValueBidder,485.85835575451165,485.85835575451125,False,False,5,ValueBidder=485.86 | PacingBidder=485.86 | CTRBidder=15.59 | ThresholdBidder=12.99 | FixedBidder=1.50
397,ValueBidder,600.132888639039,600.1328886390387,True,False,5,ValueBidder=600.13 | PacingBidder=600.13 | CTRBidder=17.32 | ThresholdBidder=14.44 | FixedBidder=1.50
398,ValueBidder,621.2275781273511,621.2275781273511,True,False,5,ValueBidder=621.23 | PacingBidder=621.23 | CTRBidder=17.62 | ThresholdBidder=14.69 | FixedBidder=1.50
399,ValueBidder,327.92182236890557,327.9218223689055,False,False,5,ValueBidder=327.92 | PacingBidder=327.92 | CTRBidder=12.80 | ThresholdBidder=10.67 | FixedBidder=1.50
400,ValueBidder,434.250036618925,434.25003661892487,True,False,5,ValueBidder=434.25 | PacingBidder=434.25 | CTRBidder=14.74 | ThresholdBidder=12.28 | FixedBidder=1.50
401,PacingBidder,369.42982479914883,369.4298247991487,True,False,5,PacingBidder=369.43 | ValueBidder=369.43 | CTRBidder=13.59 | ThresholdBidder=11.33 | FixedBidder=1.50
402,PacingBidder,381.80423100839977,381.80423100839954,False,False,5,PacingBidder=381.80 | ValueBidder=381.80 | CTRBidder=13.82 | ThresholdBidder=11.51 | FixedBidder=1.50
403,ValueBidder,235.2329410106928,235.2329410106928,True,False,5,ValueBidder=235.23 | PacingBidder=235.23 | CTRBidder=10.85 | ThresholdBidder=9.04 | FixedBidder=1.50
404,ValueBidder,536.9946290151325,536.9946290151323,True,False,5,ValueBidder=536.99 | PacingBidder=536.99 | CTRBidder=16.39 | ThresholdBidder=13.65 | FixedBidder=1.50
405,ValueBidder,508.5920003924547,508.5920003924547,False,False,5,ValueBidder=508.59 | PacingBidder=508.59 | CTRBidder=15.95 | ThresholdBidder=13.29 | FixedBidder=1.50
406,ValueBidder,478.5232013217424,478.5232013217424,True,False,5,ValueBidder=478.52 | PacingBidder=478.52 | CTRBidder=15.47 | ThresholdBidder=12.89 | FixedBidder=1.50
407,ValueBidder,423.26303921298614,423.26303921298614,False,False,5,ValueBidder=423.26 | PacingBidder=423.26 | CTRBidder=14.55 | ThresholdBidder=12.12 | FixedBidder=1.50
408,ValueBidder,556.0493273573468,556.0493273573463,True,False,5,ValueBidder=556.05 | PacingBidder=556.05 | CTRBidder=16.67 | ThresholdBidder=13.90 | FixedBidder=1.50
409,ValueBidder,472.0396358773019,472.0396358773019,False,False,5,ValueBidder=472.04 | PacingBidder=472.04 | CTRBidder=15.36 | ThresholdBidder=12.80 | FixedBidder=1.50
410,PacingBidder,517.5809908390007,517.5809908390005,False,False,5,PacingBidder=517.58 | ValueBidder=517.58 | CTRBidder=16.09 | ThresholdBidder=13.41 | FixedBidder=1.50
411,ValueBidder,378.59125123573403,378.591251235734,False,False,5,ValueBidder=378.59 | PacingBidder=378.59 | CTRBidder=13.76 | ThresholdBidder=11.47 | FixedBidder=1.50
412,ValueBidder,453.41521446374827,453.41521446374804,True,False,5,ValueBidder=453.42 | PacingBidder=453.42 | CTRBidder=15.06 | ThresholdBidder=12.55 | FixedBidder=1.50
413,ValueBidder,289.7531676662505,289.7531676662503,True,False,5,ValueBidder=289.75 | PacingBidder=289.75 | CTRBidder=12.04 | ThresholdBidder=10.03 | FixedBidder=1.50
414,PacingBidder,420.2548049799216,420.25480497992146,True,False,5,PacingBidder=420.25 | ValueBidder=420.25 | CTRBidder=14.50 | ThresholdBidder=12.08 | FixedBidder=1.50
415,ValueBidder,442.0241260789075,442.0241260789075,False,False,5,ValueBidder=442.02 | PacingBidder=442.02 | CTRBidder=14.87 | ThresholdBidder=12.39 | FixedBidder=1.50
416,ValueBidder,289.8194239568962,289.819423956896,False,False,5,ValueBidder=289.82 | PacingBidder=289.82 | CTRBidder=12.04 | ThresholdBidder=10.03 | FixedBidder=1.50
417,PacingBidder,628.6305856985252,628.6305856985249,True,False,5,PacingBidder=628.63 | ValueBidder=628.63 | CTRBidder=17.73 | ThresholdBidder=14.77 | FixedBidder=1.50
418,ValueBidder,385.231795616695,385.2317956166949,False,False,5,ValueBidder=385.23 | PacingBidder=385.23 | CTRBidder=13.88 | ThresholdBidder=11.57 | FixedBidder=1.50
419,PacingBidder,207.89522064865494,207.8952206486549,True,False,5,PacingBidder=207.90 | ValueBidder=207.90 | CTRBidder=10.20 | ThresholdBidder=8.50 | FixedBidder=1.50
420,ValueBidder,141.49013558177325,141.49013558177325,False,False,5,ValueBidder=141.49 | PacingBidder=141.49 | CTRBidder=8.41 | ThresholdBidder=7.01 | FixedBidder=1.50
421,PacingBidder,342.8198733937062,342.8198733937058,False,False,5,PacingBidder=342.82 | ValueBidder=342.82 | CTRBidder=13.09 | ThresholdBidder=10.91 | FixedBidder=1.50
422,ValueBidder,203.5819323402217,203.5819323402217,False,False,5,ValueBidder=203.58 | PacingBidder=203.58 | CTRBidder=10.09 | ThresholdBidder=8.41 | FixedBidder=1.50
423,ValueBidder,280.6455689144693,280.6455689144693,False,False,5,ValueBidder=280.65 | PacingBidder=280.65 | CTRBidder=11.85 | ThresholdBidder=9.87 | FixedBidder=1.50
424,ValueBidder,202.032616654687,202.0326166546869,True,False,5,ValueBidder=202.03 | PacingBidder=202.03 | CTRBidder=10.05 | ThresholdBidder=8.38 | FixedBidder=1.50
425,PacingBidder,341.34423946466273,341.34423946466245,True,False,5,PacingBidder=341.34 | ValueBidder=341.34 | CTRBidder=13.06 | ThresholdBidder=10.89 | FixedBidder=1.50
426,ValueBidder,310.9946573657919,310.9946573657918,True,False,5,ValueBidder=310.99 | PacingBidder=310.99 | CTRBidder=12.47 | ThresholdBidder=10.39 | FixedBidder=1.50
427,PacingBidder,496.68783923395347,496.68783923395324,True,False,5,PacingBidder=496.69 | ValueBidder=496.69 | CTRBidder=15.76 | ThresholdBidder=13.13 | FixedBidder=1.50
428,PacingBidder,380.21051331637835,380.2105133163781,False,False,5,PacingBidder=380.21 | ValueBidder=380.21 | CTRBidder=13.79 | ThresholdBidder=11.49 | FixedBidder=1.50
429,ValueBidder,289.1456122388625,289.1456122388624,True,False,5,ValueBidder=289.15 | PacingBidder=289.15 | CTRBidder=12.02 | ThresholdBidder=10.02 | FixedBidder=1.50
430,ValueBidder,534.8154052825828,534.8154052825828,True,False,5,ValueBidder=534.82 | PacingBidder=534.82 | CTRBidder=16.35 | ThresholdBidder=13.63 | FixedBidder=1.50
431,ValueBidder,383.4528015763673,383.4528015763673,True,False,5,ValueBidder=383.45 | PacingBidder=383.45 | CTRBidder=13.85 | ThresholdBidder=11.54 | FixedBidder=1.50
432,ValueBidder,560.737935190975,560.737935190975,True,False,5,ValueBidder=560.74 | PacingBidder=560.74 | CTRBidder=16.74 | ThresholdBidder=13.95 | FixedBidder=1.50
433,PacingBidder,486.6837083073217,486.68370830732147,True,False,5,PacingBidder=486.68 | ValueBidder=486.68 | CTRBidder=15.60 | ThresholdBidder=13.00 | FixedBidder=1.50
434,ValueBidder,361.7324284666339,361.7324284666337,True,False,5,ValueBidder=361.73 | PacingBidder=361.73 | CTRBidder=13.45 | ThresholdBidder=11.21 | FixedBidder=1.50
435,ValueBidder,197.93768928400473,197.9376892840046,False,False,5,ValueBidder=197.94 | PacingBidder=197.94 | CTRBidder=9.95 | ThresholdBidder=8.29 | FixedBidder=1.50
436,PacingBidder,636.4348172123468,636.4348172123466,False,False,5,PacingBidder=636.43 | ValueBidder=636.43 | CTRBidder=17.84 | ThresholdBidder=14.87 | FixedBidder=1.50
437,ValueBidder,496.18840156757574,496.1884015675753,True,False,5,ValueBidder=496.19 | PacingBidder=496.19 | CTRBidder=15.75 | ThresholdBidder=13.13 | FixedBidder=1.50
438,ValueBidder,240.66487300833944,240.66487300833944,False,False,5,ValueBidder=240.66 | PacingBidder=240.66 | CTRBidder=10.97 | ThresholdBidder=9.14 | FixedBidder=1.50
439,ValueBidder,297.75496743523047,297.75496743523036,True,False,5,ValueBidder=297.75 | PacingBidder=297.75 | CTRBidder=12.20 | ThresholdBidder=10.17 | FixedBidder=1.50
440,ValueBidder,311.9873457854636,311.9873457854636,False,False,5,ValueBidder=311.99 | PacingBidder=311.99 | CTRBidder=12.49 | ThresholdBidder=10.41 | FixedBidder=1.50
441,ValueBidder,435.0195835384534,435.0195835384534,True,False,5,ValueBidder=435.02 | PacingBidder=435.02 | CTRBidder=14.75 | ThresholdBidder=12.29 | FixedBidder=1.50
442,ValueBidder,90.53999765872575,90.53999765872575,False,False,5,ValueBidder=90.54 | PacingBidder=90.54 | CTRBidder=6.73 | ThresholdBidder=5.61 | FixedBidder=1.50
443,ValueBidder,285.76102877274514,285.761028772745,False,False,5,ValueBidder=285.76 | PacingBidder=285.76 | CTRBidder=11.95 | ThresholdBidder=9.96 | FixedBidder=1.50
444,PacingBidder,513.3354239099444,513.335423909944,True,False,5,PacingBidder=513.34 | ValueBidder=513.34 | CTRBidder=16.02 | ThresholdBidder=13.35 | FixedBidder=1.50
445,ValueBidder,317.36988826653857,317.3698882665382,False,False,5,ValueBidder=317.37 | PacingBidder=317.37 | CTRBidder=12.60 | ThresholdBidder=10.50 | FixedBidder=1.50
446,ValueBidder,684.7669489019174,684.7669489019172,True,False,5,ValueBidder=684.77 | PacingBidder=684.77 | CTRBidder=18.50 | ThresholdBidder=15.42 | FixedBidder=1.50
447,PacingBidder,616.7541318006471,616.7541318006467,True,False,5,PacingBidder=616.75 | ValueBidder=616.75 | CTRBidder=17.56 | ThresholdBidder=14.63 | FixedBidder=1.50
448,ValueBidder,590.1389032564495,590.1389032564489,False,False,5,ValueBidder=590.14 | PacingBidder=590.14 | CTRBidder=17.18 | ThresholdBidder=14.31 | FixedBidder=1.50
449,ValueBidder,122.54772115078366,122.54772115078362,True,False,5,ValueBidder=122.55 | PacingBidder=122.55 | CTRBidder=7.83 | ThresholdBidder=6.52 | FixedBidder=1.50
450,ValueBidder,577.6221525215319,577.6221525215319,True,False,5,ValueBidder=577.62 | PacingBidder=577.62 | CTRBidder=16.99 | ThresholdBidder=14.16 | FixedBidder=1.50
451,ValueBidder,172.25759517579615,172.25759517579615,False,False,5,ValueBidder=172.26 | PacingBidder=172.26 | CTRBidder=9.28 | ThresholdBidder=7.73 | FixedBidder=1.50
452,ValueBidder,267.57055989045796,267.57055989045796,False,False,5,ValueBidder=267.57 | PacingBidder=267.57 | CTRBidder=11.57 | ThresholdBidder=9.64 | FixedBidder=1.50
453,PacingBidder,420.7240467768665,420.72404677686615,False,False,5,PacingBidder=420.72 | ValueBidder=420.72 | CTRBidder=14.50 | ThresholdBidder=12.09 | FixedBidder=1.50
454,PacingBidder,309.2640659400993,309.2640659400992,False,False,5,PacingBidder=309.26 | ValueBidder=309.26 | CTRBidder=12.44 | ThresholdBidder=10.36 | FixedBidder=1.50
455,ValueBidder,398.1625904070344,398.16259040703414,False,False,5,ValueBidder=398.16 | PacingBidder=398.16 | CTRBidder=14.11 | ThresholdBidder=11.76 | FixedBidder=1.50
456,ValueBidder,538.8561010197599,538.8561010197598,False,False,5,ValueBidder=538.86 | PacingBidder=538.86 | CTRBidder=16.41 | ThresholdBidder=13.68 | FixedBidder=1.50
457,PacingBidder,185.63679396750166,185.63679396750157,False,False,5,PacingBidder=185.64 | ValueBidder=185.64 | CTRBidder=9.63 | ThresholdBidder=8.03 | FixedBidder=1.50
458,ValueBidder,326.0109969699727,326.0109969699727,False,False,5,ValueBidder=326.01 | PacingBidder=326.01 | CTRBidder=12.77 | ThresholdBidder=10.64 | FixedBidder=1.50
459,ValueBidder,275.648276875974,275.64827687597375,False,False,5,ValueBidder=275.65 | PacingBidder=275.65 | CTRBidder=11.74 | ThresholdBidder=9.78 | FixedBidder=1.50
460,ValueBidder,651.7890258664622,651.7890258664622,False,False,5,ValueBidder=651.79 | PacingBidder=651.79 | CTRBidder=18.05 | ThresholdBidder=15.04 | FixedBidder=1.50
461,ValueBidder,234.26295202207783,234.26295202207774,False,False,5,ValueBidder=234.26 | PacingBidder=234.26 | CTRBidder=10.82 | ThresholdBidder=9.02 | FixedBidder=1.50
462,PacingBidder,385.7003665839087,385.7003665839085,False,False,5,PacingBidder=385.70 | ValueBidder=385.70 | CTRBidder=13.89 | ThresholdBidder=11.57 | FixedBidder=1.50
463,PacingBidder,449.1500532079681,449.15005320796774,False,False,5,PacingBidder=449.15 | ValueBidder=449.15 | CTRBidder=14.99 | ThresholdBidder=12.49 | FixedBidder=1.50
464,ValueBidder,373.40906920729856,373.4090692072983,True,False,5,ValueBidder=373.41 | PacingBidder=373.41 | CTRBidder=13.66 | ThresholdBidder=11.39 | FixedBidder=1.50
465,PacingBidder,195.30959978814747,195.3095997881474,True,False,5,PacingBidder=195.31 | ValueBidder=195.31 | CTRBidder=9.88 | ThresholdBidder=8.24 | FixedBidder=1.50
466,ValueBidder,400.0621551777794,400.06215517777935,False,False,5,ValueBidder=400.06 | PacingBidder=400.06 | CTRBidder=14.14 | ThresholdBidder=11.79 | FixedBidder=1.50
467,PacingBidder,386.431724114638,386.43172411463763,True,False,5,PacingBidder=386.43 | ValueBidder=386.43 | CTRBidder=13.90 | ThresholdBidder=11.58 | FixedBidder=1.50
468,ValueBidder,546.7540450731345,546.7540450731343,False,False,5,ValueBidder=546.75 | PacingBidder=546.75 | CTRBidder=16.53 | ThresholdBidder=13.78 | FixedBidder=1.50
469,PacingBidder,581.9410354025184,581.941035402518,True,False,5,PacingBidder=581.94 | ValueBidder=581.94 | CTRBidder=17.06 | ThresholdBidder=14.21 | FixedBidder=1.50
470,ValueBidder,242.6619912427808,242.6619912427806,True,False,5,ValueBidder=242.66 | PacingBidder=242.66 | CTRBidder=11.02 | ThresholdBidder=9.18 | FixedBidder=1.50
471,ValueBidder,148.24722780682455,148.2472278068245,True,False,5,ValueBidder=148.25 | PacingBidder=148.25 | CTRBidder=8.61 | ThresholdBidder=7.17 | FixedBidder=1.50
472,ValueBidder,341.2278291091515,341.2278291091513,False,False,5,ValueBidder=341.23 | PacingBidder=341.23 | CTRBidder=13.06 | ThresholdBidder=10.88 | FixedBidder=1.50
473,PacingBidder,172.1948533639875,172.19485336398745,False,False,5,PacingBidder=172.19 | ValueBidder=172.19 | CTRBidder=9.28 | ThresholdBidder=7.73 | FixedBidder=1.50
474,PacingBidder,217.71513947302572,217.71513947302543,False,False,5,PacingBidder=217.72 | ValueBidder=217.72 | CTRBidder=10.43 | ThresholdBidder=8.69 | FixedBidder=1.50
475,PacingBidder,355.4959687729263,355.4959687729261,True,False,5,PacingBidder=355.50 | ValueBidder=355.50 | CTRBidder=13.33 | ThresholdBidder=11.11 | FixedBidder=1.50
476,ValueBidder,392.5859460194055,392.58594601940547,False,False,5,ValueBidder=392.59 | PacingBidder=392.59 | CTRBidder=14.01 | ThresholdBidder=11.68 | FixedBidder=1.50
477,ValueBidder,207.78267869163034,207.7826786916302,False,False,5,ValueBidder=207.78 | PacingBidder=207.78 | CTRBidder=10.19 | ThresholdBidder=8.49 | FixedBidder=1.50
478,ValueBidder,657.3339019587481,657.3339019587476,True,False,5,ValueBidder=657.33 | PacingBidder=657.33 | CTRBidder=18.13 | ThresholdBidder=15.11 | FixedBidder=1.50
479,ValueBidder,240.1078053118891,240.10780531188894,True,False,5,ValueBidder=240.11 | PacingBidder=240.11 | CTRBidder=10.96 | ThresholdBidder=9.13 | FixedBidder=1.50
480,ValueBidder,235.0613337035669,235.0613337035668,False,False,5,ValueBidder=235.06 | PacingBidder=235.06 | CTRBidder=10.84 | ThresholdBidder=9.03 | FixedBidder=1.50
481,PacingBidder,588.1898132277146,588.1898132277144,True,False,5,PacingBidder=588.19 | ValueBidder=588.19 | CTRBidder=17.15 | ThresholdBidder=14.29 | FixedBidder=1.50
482,ValueBidder,579.6060137027971,579.6060137027971,False,False,5,ValueBidder=579.61 | PacingBidder=579.61 | CTRBidder=17.02 | ThresholdBidder=14.19 | FixedBidder=1.50
483,PacingBidder,303.7759096840111,303.77590968401086,True,False,5,PacingBidder=303.78 | ValueBidder=303.78 | CTRBidder=12.32 | ThresholdBidder=10.27 | FixedBidder=1.50
484,ValueBidder,226.10160672408836,226.10160672408827,False,False,5,ValueBidder=226.10 | PacingBidder=226.10 | CTRBidder=10.63 | ThresholdBidder=8.86 | FixedBidder=1.50
485,PacingBidder,428.7304823216088,428.7304823216084,True,False,5,PacingBidder=428.73 | ValueBidder=428.73 | CTRBidder=14.64 | ThresholdBidder=12.20 | FixedBidder=1.50
486,ValueBidder,344.09777091789607,344.09777091789584,True,False,5,ValueBidder=344.10 | PacingBidder=344.10 | CTRBidder=13.12 | ThresholdBidder=10.93 | FixedBidder=1.50
487,ValueBidder,383.6288548773989,383.6288548773989,True,False,5,ValueBidder=383.63 | PacingBidder=383.63 | CTRBidder=13.85 | ThresholdBidder=11.54 | FixedBidder=1.50
488,ValueBidder,204.07384119798223,204.07384119798223,True,False,5,ValueBidder=204.07 | PacingBidder=204.07 | CTRBidder=10.10 | ThresholdBidder=8.42 | FixedBidder=1.50
489,PacingBidder,423.0757895982719,423.0757895982716,True,False,5,PacingBidder=423.08 | ValueBidder=423.08 | CTRBidder=14.54 | ThresholdBidder=12.12 | FixedBidder=1.50
490,PacingBidder,413.702833313639,413.70283331363896,True,False,5,PacingBidder=413.70 | ValueBidder=413.70 | CTRBidder=14.38 | ThresholdBidder=11.99 | FixedBidder=1.50
491,PacingBidder,559.8954392605697,559.8954392605696,True,False,5,PacingBidder=559.90 | ValueBidder=559.90 | CTRBidder=16.73 | ThresholdBidder=13.94 | FixedBidder=1.50
492,PacingBidder,297.8768216022592,297.8768216022589,True,False,5,PacingBidder=297.88 | ValueBidder=297.88 | CTRBidder=12.20 | ThresholdBidder=10.17 | FixedBidder=1.50
493,ValueBidder,465.26773089377275,465.2677308937726,True,False,5,ValueBidder=465.27 | PacingBidder=465.27 | CTRBidder=15.25 | ThresholdBidder=12.71 | FixedBidder=1.50
494,PacingBidder,504.4454849069941,504.44548490699384,True,False,5,PacingBidder=504.45 | ValueBidder=504.45 | CTRBidder=15.88 | ThresholdBidder=13.23 | FixedBidder=1.50
495,ValueBidder,353.7774172459132,353.77741724591294,True,False,5,ValueBidder=353.78 | PacingBidder=353.78 | CTRBidder=13.30 | ThresholdBidder=11.08 | FixedBidder=1.50
496,ValueBidder,459.5473508973628,459.5473508973628,False,False,5,ValueBidder=459.55 | PacingBidder=459.55 | CTRBidder=15.16 | ThresholdBidder=12.63 | FixedBidder=1.50
497,PacingBidder,478.65148736570944,478.6514873657093,False,False,5,PacingBidder=478.65 | ValueBidder=478.65 | CTRBidder=15.47 | ThresholdBidder=12.89 | FixedBidder=1.50
498,PacingBidder,377.241911378038,377.2419113780379,False,False,5,PacingBidder=377.24 | ValueBidder=377.24 | CTRBidder=13.73 | ThresholdBidder=11.44 | FixedBidder=1.50
499,ValueBidder,515.4792946069018,515.4792946069018,False,False,5,ValueBidder=515.48 | PacingBidder=515.48 | CTRBidder=16.05 | ThresholdBidder=13.38 | FixedBidder=1.50
500,ValueBidder,347.6294370457614,347.6294370457614,True,False,5,ValueBidder=347.63 | PacingBidder=347.63 | CTRBidder=13.18 | ThresholdBidder=10.99 | FixedBidder=1.50
501,PacingBidder,407.62131953550005,407.62131953549977,False,False,5,PacingBidder=407.62 | ValueBidder=407.62 | CTRBidder=14.28 | ThresholdBidder=11.90 | FixedBidder=1.50
502,PacingBidder,454.1444009517907,454.1444009517904,True,False,5,PacingBidder=454.14 | ValueBidder=454.14 | CTRBidder=15.07 | ThresholdBidder=12.56 | FixedBidder=1.50
503,ValueBidder,318.390869638804,318.390869638804,True,False,5,ValueBidder=318.39 | PacingBidder=318.39 | CTRBidder=12.62 | ThresholdBidder=10.51 | FixedBidder=1.50
504,ValueBidder,451.3366102827131,451.33661028271285,True,False,5,ValueBidder=451.34 | PacingBidder=451.34 | CTRBidder=15.02 | ThresholdBidder=12.52 | FixedBidder=1.50
505,ValueBidder,396.7893671792319,396.7893671792315,False,False,5,ValueBidder=396.79 | PacingBidder=396.79 | CTRBidder=14.09 | ThresholdBidder=11.74 | FixedBidder=1.50
506,PacingBidder,519.1628099492984,519.162809949298,False,False,5,PacingBidder=519.16 | ValueBidder=519.16 | CTRBidder=16.11 | ThresholdBidder=13.43 | FixedBidder=1.50
507,ValueBidder,337.287309090616,337.287309090616,True,False,5,ValueBidder=337.29 | PacingBidder=337.29 | CTRBidder=12.99 | ThresholdBidder=10.82 | FixedBidder=1.50
508,ValueBidder,689.0156794832907,689.0156794832905,True,False,5,ValueBidder=689.02 | PacingBidder=689.02 | CTRBidder=18.56 | ThresholdBidder=15.47 | FixedBidder=1.50
509,PacingBidder,230.1197184025622,230.11971840256192,True,False,5,PacingBidder=230.12 | ValueBidder=230.12 | CTRBidder=10.73 | ThresholdBidder=8.94 | FixedBidder=1.50
510,PacingBidder,547.6304996970931,547.6304996970929,True,False,5,PacingBidder=547.63 | ValueBidder=547.63 | CTRBidder=16.55 | ThresholdBidder=13.79 | FixedBidder=1.50
511,PacingBidder,441.860623823612,441.8606238236119,False,False,5,PacingBidder=441.86 | ValueBidder=441.86 | CTRBidder=14.86 | ThresholdBidder=12.39 | FixedBidder=1.50
512,PacingBidder,267.7915445575561,267.7915445575558,True,False,5,PacingBidder=267.79 | ValueBidder=267.79 | CTRBidder=11.57 | ThresholdBidder=9.64 | FixedBidder=1.50
513,ValueBidder,339.3988535910896,339.39885359108956,False,False,5,ValueBidder=339.40 | PacingBidder=339.40 | CTRBidder=13.03 | ThresholdBidder=10.86 | FixedBidder=1.50
514,ValueBidder,214.3919845656126,214.3919845656126,True,False,5,ValueBidder=214.39 | PacingBidder=214.39 | CTRBidder=10.35 | ThresholdBidder=8.63 | FixedBidder=1.50
515,ValueBidder,264.0418858159886,264.0418858159886,True,False,5,ValueBidder=264.04 | PacingBidder=264.04 | CTRBidder=11.49 | ThresholdBidder=9.58 | FixedBidder=1.50
516,ValueBidder,143.96815428988495,143.96815428988495,False,False,5,ValueBidder=143.97 | PacingBidder=143.97 | CTRBidder=8.48 | ThresholdBidder=7.07 | FixedBidder=1.50
517,PacingBidder,346.1780015906683,346.17800159066826,False,False,5,PacingBidder=346.18 | ValueBidder=346.18 | CTRBidder=13.16 | ThresholdBidder=10.96 | FixedBidder=1.50
518,ValueBidder,458.6534764512765,458.6534764512765,True,False,5,ValueBidder=458.65 | PacingBidder=458.65 | CTRBidder=15.14 | ThresholdBidder=12.62 | FixedBidder=1.50
519,PacingBidder,357.47700662373995,357.4770066237397,True,False,5,PacingBidder=357.48 | ValueBidder=357.48 | CTRBidder=13.37 | ThresholdBidder=11.14 | FixedBidder=1.50
520,ValueBidder,350.51917010518764,350.51917010518764,True,False,5,ValueBidder=350.52 | PacingBidder=350.52 | CTRBidder=13.24 | ThresholdBidder=11.03 | FixedBidder=1.50
521,ValueBidder,533.0836507428892,533.0836507428887,False,False,5,ValueBidder=533.08 | PacingBidder=533.08 | CTRBidder=16.33 | ThresholdBidder=13.61 | FixedBidder=1.50
522,PacingBidder,603.2933797121857,603.2933797121854,False,False,5,PacingBidder=603.29 | ValueBidder=603.29 | CTRBidder=17.37 | ThresholdBidder=14.47 | FixedBidder=1.50
523,ValueBidder,208.047976481073,208.047976481073,True,False,5,ValueBidder=208.05 | PacingBidder=208.05 | CTRBidder=10.20 | ThresholdBidder=8.50 | FixedBidder=1.50
524,ValueBidder,581.4623770813774,581.4623770813774,True,False,5,ValueBidder=581.46 | PacingBidder=581.46 | CTRBidder=17.05 | ThresholdBidder=14.21 | FixedBidder=1.50
525,ValueBidder,346.1331397716295,346.1331397716293,False,False,5,ValueBidder=346.13 | PacingBidder=346.13 | CTRBidder=13.16 | ThresholdBidder=10.96 | FixedBidder=1.50
526,PacingBidder,535.3517649953757,535.3517649953756,True,False,5,PacingBidder=535.35 | ValueBidder=535.35 | CTRBidder=16.36 | ThresholdBidder=13.63 | FixedBidder=1.50
527,ValueBidder,342.6904216420318,342.6904216420318,False,False,5,ValueBidder=342.69 | PacingBidder=342.69 | CTRBidder=13.09 | ThresholdBidder=10.91 | FixedBidder=1.50
528,ValueBidder,493.3768578142819,493.3768578142819,True,False,5,ValueBidder=493.38 | PacingBidder=493.38 | CTRBidder=15.71 | ThresholdBidder=13.09 | FixedBidder=1.50
529,PacingBidder,408.84137461218455,408.8413746121844,False,False,5,PacingBidder=408.84 | ValueBidder=408.84 | CTRBidder=14.30 | ThresholdBidder=11.91 | FixedBidder=1.50
530,ValueBidder,653.4837470863122,653.483747086312,True,False,5,ValueBidder=653.48 | PacingBidder=653.48 | CTRBidder=18.08 | ThresholdBidder=15.06 | FixedBidder=1.50
531,ValueBidder,383.64984782529365,383.64984782529353,False,False,5,ValueBidder=383.65 | PacingBidder=383.65 | CTRBidder=13.85 | ThresholdBidder=11.54 | FixedBidder=1.50
532,PacingBidder,490.0397211324209,490.0397211324204,True,False,5,PacingBidder=490.04 | ValueBidder=490.04 | CTRBidder=15.65 | ThresholdBidder=13.04 | FixedBidder=1.50
533,PacingBidder,380.59037645661624,380.59037645661607,True,False,5,PacingBidder=380.59 | ValueBidder=380.59 | CTRBidder=13.79 | ThresholdBidder=11.50 | FixedBidder=1.50
534,ValueBidder,553.1027821701774,553.1027821701771,False,False,5,ValueBidder=553.10 | PacingBidder=553.10 | CTRBidder=16.63 | ThresholdBidder=13.86 | FixedBidder=1.50
535,ValueBidder,378.7085665054359,378.70856650543544,True,False,5,ValueBidder=378.71 | PacingBidder=378.71 | CTRBidder=13.76 | ThresholdBidder=11.47 | FixedBidder=1.50
536,ValueBidder,496.7616317006082,496.7616317006082,False,False,5,ValueBidder=496.76 | PacingBidder=496.76 | CTRBidder=15.76 | ThresholdBidder=13.13 | FixedBidder=1.50
537,ValueBidder,405.1362152701468,405.1362152701468,True,False,5,ValueBidder=405.14 | PacingBidder=405.14 | CTRBidder=14.23 | ThresholdBidder=11.86 | FixedBidder=1.50
538,PacingBidder,447.03217688127404,447.03217688127364,True,False,5,PacingBidder=447.03 | ValueBidder=447.03 | CTRBidder=14.95 | ThresholdBidder=12.46 | FixedBidder=1.50
539,ValueBidder,85.11881541583556,85.11881541583556,False,False,5,ValueBidder=85.12 | PacingBidder=85.12 | CTRBidder=6.52 | ThresholdBidder=5.44 | FixedBidder=1.50
540,PacingBidder,361.35694013684076,361.35694013684065,False,False,5,PacingBidder=361.36 | ValueBidder=361.36 | CTRBidder=13.44 | ThresholdBidder=11.20 | FixedBidder=1.50
541,ValueBidder,160.91041699193173,160.9104169919317,False,False,5,ValueBidder=160.91 | PacingBidder=160.91 | CTRBidder=8.97 | ThresholdBidder=7.47 | FixedBidder=1.50
542,ValueBidder,411.74513840909185,411.74513840909157,False,False,5,ValueBidder=411.75 | PacingBidder=411.75 | CTRBidder=14.35 | ThresholdBidder=11.96 | FixedBidder=1.50
543,ValueBidder,343.71035153209516,343.71035153209516,False,False,5,ValueBidder=343.71 | PacingBidder=343.71 | CTRBidder=13.11 | ThresholdBidder=10.92 | FixedBidder=1.50
544,PacingBidder,411.2942413802791,411.2942413802787,True,False,5,PacingBidder=411.29 | ValueBidder=411.29 | CTRBidder=14.34 | ThresholdBidder=11.95 | FixedBidder=1.50
545,ValueBidder,394.1823764329229,394.1823764329227,False,False,5,ValueBidder=394.18 | PacingBidder=394.18 | CTRBidder=14.04 | ThresholdBidder=11.70 | FixedBidder=1.50
546,PacingBidder,403.7548540025919,403.75485400259174,False,False,5,PacingBidder=403.75 | ValueBidder=403.75 | CTRBidder=14.21 | ThresholdBidder=11.84 | FixedBidder=1.50
547,ValueBidder,500.41594002481895,500.41594002481895,True,False,5,ValueBidder=500.42 | PacingBidder=500.42 | CTRBidder=15.82 | ThresholdBidder=13.18 | FixedBidder=1.50
548,ValueBidder,317.23211112151967,317.23211112151955,False,False,5,ValueBidder=317.23 | PacingBidder=317.23 | CTRBidder=12.59 | ThresholdBidder=10.50 | FixedBidder=1.50
549,ValueBidder,315.19792419362864,315.1979241936285,False,False,5,ValueBidder=315.20 | PacingBidder=315.20 | CTRBidder=12.55 | ThresholdBidder=10.46 | FixedBidder=1.50
550,ValueBidder,164.88532708042084,164.88532708042072,False,False,5,ValueBidder=164.89 | PacingBidder=164.89 | CTRBidder=9.08 | ThresholdBidder=7.57 | FixedBidder=1.50
551,PacingBidder,717.1776511328843,717.177651132884,True,False,5,PacingBidder=717.18 | ValueBidder=717.18 | CTRBidder=18.94 | ThresholdBidder=15.78 | FixedBidder=1.50
552,PacingBidder,278.8858223421144,278.88582234211435,False,False,5,PacingBidder=278.89 | ValueBidder=278.89 | CTRBidder=11.81 | ThresholdBidder=9.84 | FixedBidder=1.50
553,ValueBidder,349.7311653165855,349.73116531658525,False,False,5,ValueBidder=349.73 | PacingBidder=349.73 | CTRBidder=13.22 | ThresholdBidder=11.02 | FixedBidder=1.50
554,ValueBidder,371.1128640799548,371.1128640799546,False,False,5,ValueBidder=371.11 | PacingBidder=371.11 | CTRBidder=13.62 | ThresholdBidder=11.35 | FixedBidder=1.50
555,ValueBidder,234.75047464109878,234.75047464109863,False,False,5,ValueBidder=234.75 | PacingBidder=234.75 | CTRBidder=10.83 | ThresholdBidder=9.03 | FixedBidder=1.50
556,ValueBidder,329.03754248522006,329.0375424852198,True,False,5,ValueBidder=329.04 | PacingBidder=329.04 | CTRBidder=12.83 | ThresholdBidder=10.69 | FixedBidder=1.50
557,PacingBidder,389.0932803691726,389.0932803691724,True,False,5,PacingBidder=389.09 | ValueBidder=389.09 | CTRBidder=13.95 | ThresholdBidder=11.62 | FixedBidder=1.50
558,PacingBidder,34.66903454121019,34.66903454121017,True,False,5,PacingBidder=34.67 | ValueBidder=34.67 | CTRBidder=4.16 | ThresholdBidder=3.47 | FixedBidder=1.50
559,ValueBidder,447.55362463117984,447.5536246311798,True,False,5,ValueBidder=447.55 | PacingBidder=447.55 | CTRBidder=14.96 | ThresholdBidder=12.47 | FixedBidder=1.50
560,ValueBidder,505.82154038826366,505.8215403882632,True,False,5,ValueBidder=505.82 | PacingBidder=505.82 | CTRBidder=15.90 | ThresholdBidder=13.25 | FixedBidder=1.50
561,ValueBidder,417.0106830193005,417.01068301930025,True,False,5,ValueBidder=417.01 | PacingBidder=417.01 | CTRBidder=14.44 | ThresholdBidder=12.03 | FixedBidder=1.50
562,ValueBidder,567.1590260189585,567.1590260189582,True,False,5,ValueBidder=567.16 | PacingBidder=567.16 | CTRBidder=16.84 | ThresholdBidder=14.03 | FixedBidder=1.50
563,ValueBidder,534.0721079063269,534.0721079063269,False,False,5,ValueBidder=534.07 | PacingBidder=534.07 | CTRBidder=16.34 | ThresholdBidder=13.62 | FixedBidder=1.50
564,ValueBidder,350.95381128356604,350.95381128356604,False,False,5,ValueBidder=350.95 | PacingBidder=350.95 | CTRBidder=13.25 | ThresholdBidder=11.04 | FixedBidder=1.50
565,ValueBidder,304.30285325530565,304.30285325530554,False,False,5,ValueBidder=304.30 | PacingBidder=304.30 | CTRBidder=12.33 | ThresholdBidder=10.28 | FixedBidder=1.50
566,ValueBidder,420.83861431994427,420.83861431994404,True,False,5,ValueBidder=420.84 | PacingBidder=420.84 | CTRBidder=14.51 | ThresholdBidder=12.09 | FixedBidder=1.50
567,PacingBidder,393.7811110192325,393.7811110192323,False,False,5,PacingBidder=393.78 | ValueBidder=393.78 | CTRBidder=14.03 | ThresholdBidder=11.69 | FixedBidder=1.50
568,ValueBidder,388.01465263544253,388.01465263544253,False,False,5,ValueBidder=388.01 | PacingBidder=388.01 | CTRBidder=13.93 | ThresholdBidder=11.61 | FixedBidder=1.50
569,ValueBidder,206.6256674951737,206.6256674951737,False,False,5,ValueBidder=206.63 | PacingBidder=206.63 | CTRBidder=10.16 | ThresholdBidder=8.47 | FixedBidder=1.50
570,PacingBidder,226.28685249524727,226.2868524952472,False,False,5,PacingBidder=226.29 | ValueBidder=226.29 | CTRBidder=10.64 | ThresholdBidder=8.86 | FixedBidder=1.50
571,ValueBidder,444.38608182722413,444.38608182722413,True,False,5,ValueBidder=444.39 | PacingBidder=444.39 | CTRBidder=14.91 | ThresholdBidder=12.42 | FixedBidder=1.50
572,ValueBidder,574.2453235338317,574.2453235338313,True,False,5,ValueBidder=574.25 | PacingBidder=574.25 | CTRBidder=16.94 | ThresholdBidder=14.12 | FixedBidder=1.50
573,PacingBidder,440.4720613430027,440.47206134300245,True,False,5,PacingBidder=440.47 | ValueBidder=440.47 | CTRBidder=14.84 | ThresholdBidder=12.37 | FixedBidder=1.50
574,PacingBidder,446.94462561273514,446.9446256127349,False,False,5,PacingBidder=446.94 | ValueBidder=446.94 | CTRBidder=14.95 | ThresholdBidder=12.46 | FixedBidder=1.50
575,ValueBidder,351.67310190381164,351.67310190381147,False,False,5,ValueBidder=351.67 | PacingBidder=351.67 | CTRBidder=13.26 | ThresholdBidder=11.05 | FixedBidder=1.50
576,ValueBidder,387.3278452692554,387.32784526925536,True,False,5,ValueBidder=387.33 | PacingBidder=387.33 | CTRBidder=13.92 | ThresholdBidder=11.60 | FixedBidder=1.50
577,ValueBidder,355.8329843658844,355.83298436588416,False,False,5,ValueBidder=355.83 | PacingBidder=355.83 | CTRBidder=13.34 | ThresholdBidder=11.12 | FixedBidder=1.50
578,ValueBidder,310.9879005886566,310.9879005886563,True,False,5,ValueBidder=310.99 | PacingBidder=310.99 | CTRBidder=12.47 | ThresholdBidder=10.39 | FixedBidder=1.50
579,ValueBidder,213.14643657942318,213.14643657942312,False,False,5,ValueBidder=213.15 | PacingBidder=213.15 | CTRBidder=10.32 | ThresholdBidder=8.60 | FixedBidder=1.50
580,ValueBidder,263.6329110900793,263.6329110900793,False,False,5,ValueBidder=263.63 | PacingBidder=263.63 | CTRBidder=11.48 | ThresholdBidder=9.57 | FixedBidder=1.50
581,ValueBidder,384.3067966829481,384.3067966829481,True,True,5,ValueBidder=384.31 | PacingBidder=384.31 | CTRBidder=13.86 | ThresholdBidder=11.55 | FixedBidder=1.50
582,ValueBidder,297.63743084710035,297.63743084710035,False,False,5,ValueBidder=297.64 | PacingBidder=297.64 | CTRBidder=12.20 | ThresholdBidder=10.17 | FixedBidder=1.50
583,ValueBidder,436.52342070370963,436.52342070370946,True,False,5,ValueBidder=436.52 | PacingBidder=436.52 | CTRBidder=14.77 | ThresholdBidder=12.31 | FixedBidder=1.50
584,ValueBidder,124.05407920773085,124.05407920773085,True,False,5,ValueBidder=124.05 | PacingBidder=124.05 | CTRBidder=7.88 | ThresholdBidder=6.56 | FixedBidder=1.50
585,ValueBidder,523.4530569772837,523.4530569772837,True,False,5,ValueBidder=523.45 | PacingBidder=523.45 | CTRBidder=16.18 | ThresholdBidder=13.48 | FixedBidder=1.50
586,PacingBidder,183.07750819127193,183.0775081912718,False,False,5,PacingBidder=183.08 | ValueBidder=183.08 | CTRBidder=9.57 | ThresholdBidder=7.97 | FixedBidder=1.50
587,PacingBidder,298.26341517211245,298.2634151721124,True,False,5,PacingBidder=298.26 | ValueBidder=298.26 | CTRBidder=12.21 | ThresholdBidder=10.18 | FixedBidder=1.50
588,ValueBidder,281.84007823760425,281.84007823760425,True,False,5,ValueBidder=281.84 | PacingBidder=281.84 | CTRBidder=11.87 | ThresholdBidder=9.89 | FixedBidder=1.50
589,ValueBidder,163.79623145717417,163.7962314571741,False,False,5,ValueBidder=163.80 | PacingBidder=163.80 | CTRBidder=9.05 | ThresholdBidder=7.54 | FixedBidder=1.50
590,ValueBidder,78.11969811301974,78.11969811301971,True,False,5,ValueBidder=78.12 | PacingBidder=78.12 | CTRBidder=6.25 | ThresholdBidder=5.21 | FixedBidder=1.50
591,ValueBidder,251.91501118712938,251.91501118712912,False,False,5,ValueBidder=251.92 | PacingBidder=251.92 | CTRBidder=11.22 | ThresholdBidder=9.35 | FixedBidder=1.50
592,ValueBidder,671.6670871084648,671.6670871084648,False,False,5,ValueBidder=671.67 | PacingBidder=671.67 | CTRBidder=18.33 | ThresholdBidder=15.27 | FixedBidder=1.50
593,ValueBidder,147.9800653832817,147.9800653832817,True,False,5,ValueBidder=147.98 | PacingBidder=147.98 | CTRBidder=8.60 | ThresholdBidder=7.17 | FixedBidder=1.50
594,ValueBidder,372.01672517917683,372.01672517917683,False,False,5,ValueBidder=372.02 | PacingBidder=372.02 | CTRBidder=13.64 | ThresholdBidder=11.37 | FixedBidder=1.50
595,ValueBidder,275.59762463994304,275.59762463994286,False,False,5,ValueBidder=275.60 | PacingBidder=275.60 | CTRBidder=11.74 | ThresholdBidder=9.78 | FixedBidder=1.50
596,ValueBidder,377.5325152208077,377.53251522080745,False,False,5,ValueBidder=377.53 | PacingBidder=377.53 | CTRBidder=13.74 | ThresholdBidder=11.45 | FixedBidder=1.50
597,ValueBidder,71.67548765330676,71.67548765330675,False,False,5,ValueBidder=71.68 | PacingBidder=71.68 | CTRBidder=5.99 | ThresholdBidder=4.99 | FixedBidder=1.50
598,ValueBidder,460.03568932565275,460.0356893256525,True,False,5,ValueBidder=460.04 | PacingBidder=460.04 | CTRBidder=15.17 | ThresholdBidder=12.64 | FixedBidder=1.50
599,PacingBidder,325.30266855879825,325.302668558798,True,False,5,PacingBidder=325.30 | ValueBidder=325.30 | CTRBidder=12.75 | ThresholdBidder=10.63 | FixedBidder=1.50
600,PacingBidder,537.7073573441933,537.707357344193,False,False,5,PacingBidder=537.71 | ValueBidder=537.71 | CTRBidder=16.40 | ThresholdBidder=13.66 | FixedBidder=1.50
601,ValueBidder,571.3326094689127,571.3326094689121,False,False,5,ValueBidder=571.33 | PacingBidder=571.33 | CTRBidder=16.90 | ThresholdBidder=14.08 | FixedBidder=1.50
602,PacingBidder,252.37638919097526,252.3763891909752,False,False,5,PacingBidder=252.38 | ValueBidder=252.38 | CTRBidder=11.23 | ThresholdBidder=9.36 | FixedBidder=1.50
603,ValueBidder,414.30755832183576,414.30755832183576,True,False,5,ValueBidder=414.31 | PacingBidder=414.31 | CTRBidder=14.39 | ThresholdBidder=11.99 | FixedBidder=1.50
604,ValueBidder,333.785245344599,333.78524534459876,False,False,5,ValueBidder=333.79 | PacingBidder=333.79 | CTRBidder=12.92 | ThresholdBidder=10.77 | FixedBidder=1.50
605,ValueBidder,455.4214132506943,455.42141325069406,True,False,5,ValueBidder=455.42 | PacingBidder=455.42 | CTRBidder=15.09 | ThresholdBidder=12.58 | FixedBidder=1.50
606,PacingBidder,332.5808944578895,332.5808944578894,False,False,5,PacingBidder=332.58 | ValueBidder=332.58 | CTRBidder=12.90 | ThresholdBidder=10.75 | FixedBidder=1.50
607,ValueBidder,319.01111689884044,319.01111689884044,False,False,5,ValueBidder=319.01 | PacingBidder=319.01 | CTRBidder=12.63 | ThresholdBidder=10.52 | FixedBidder=1.50
608,ValueBidder,225.8691588612967,225.8691588612967,False,False,5,ValueBidder=225.87 | PacingBidder=225.87 | CTRBidder=10.63 | ThresholdBidder=8.86 | FixedBidder=1.50
609,ValueBidder,224.29678966393044,224.29678966393044,False,False,5,ValueBidder=224.30 | PacingBidder=224.30 | CTRBidder=10.59 | ThresholdBidder=8.83 | FixedBidder=1.50
610,ValueBidder,175.25609890755644,175.25609890755644,False,False,5,ValueBidder=175.26 | PacingBidder=175.26 | CTRBidder=9.36 | ThresholdBidder=7.80 | FixedBidder=1.50
611,PacingBidder,340.9524430257878,340.95244302578755,False,False,5,PacingBidder=340.95 | ValueBidder=340.95 | CTRBidder=13.06 | ThresholdBidder=10.88 | FixedBidder=1.50
612,PacingBidder,255.14144293336065,255.1414429333605,True,False,5,PacingBidder=255.14 | ValueBidder=255.14 | CTRBidder=11.29 | ThresholdBidder=9.41 | FixedBidder=1.50
613,PacingBidder,383.5889365072573,383.5889365072569,True,False,5,PacingBidder=383.59 | ValueBidder=383.59 | CTRBidder=13.85 | ThresholdBidder=11.54 | FixedBidder=1.50
614,ValueBidder,541.2840058548466,541.2840058548463,False,False,5,ValueBidder=541.28 | PacingBidder=541.28 | CTRBidder=16.45 | ThresholdBidder=13.71 | FixedBidder=1.50
615,ValueBidder,112.7961379148094,112.7961379148094,False,False,5,ValueBidder=112.80 | PacingBidder=112.80 | CTRBidder=7.51 | ThresholdBidder=6.26 | FixedBidder=1.50
616,ValueBidder,234.02246982429554,234.02246982429546,True,False,5,ValueBidder=234.02 | PacingBidder=234.02 | CTRBidder=10.82 | ThresholdBidder=9.01 | FixedBidder=1.50
617,PacingBidder,536.3053214608151,536.3053214608149,False,False,5,PacingBidder=536.31 | ValueBidder=536.31 | CTRBidder=16.38 | ThresholdBidder=13.65 | FixedBidder=1.50
618,PacingBidder,471.758735454958,471.75873545495784,False,False,5,PacingBidder=471.76 | ValueBidder=471.76 | CTRBidder=15.36 | ThresholdBidder=12.80 | FixedBidder=1.50
619,PacingBidder,428.78318970686604,428.783189706866,False,False,5,PacingBidder=428.78 | ValueBidder=428.78 | CTRBidder=14.64 | ThresholdBidder=12.20 | FixedBidder=1.50
620,ValueBidder,421.4701588099822,421.4701588099822,False,False,5,ValueBidder=421.47 | PacingBidder=421.47 | CTRBidder=14.52 | ThresholdBidder=12.10 | FixedBidder=1.50
621,PacingBidder,587.4288860624224,587.4288860624223,False,False,5,PacingBidder=587.43 | ValueBidder=587.43 | CTRBidder=17.14 | ThresholdBidder=14.28 | FixedBidder=1.50
622,PacingBidder,476.5325800632714,476.53258006327115,True,False,5,PacingBidder=476.53 | ValueBidder=476.53 | CTRBidder=15.44 | ThresholdBidder=12.86 | FixedBidder=1.50
623,PacingBidder,382.62853491916985,382.6285349191698,True,False,5,PacingBidder=382.63 | ValueBidder=382.63 | CTRBidder=13.83 | ThresholdBidder=11.53 | FixedBidder=1.50
624,ValueBidder,450.928059219182,450.928059219182,True,False,5,ValueBidder=450.93 | PacingBidder=450.93 | CTRBidder=15.02 | ThresholdBidder=12.51 | FixedBidder=1.50
625,ValueBidder,554.6130913008265,554.6130913008265,True,False,5,ValueBidder=554.61 | PacingBidder=554.61 | CTRBidder=16.65 | ThresholdBidder=13.88 | FixedBidder=1.50
626,PacingBidder,257.19901929008705,257.1990192900869,True,False,5,PacingBidder=257.20 | ValueBidder=257.20 | CTRBidder=11.34 | ThresholdBidder=9.45 | FixedBidder=1.50
627,ValueBidder,279.64486462355825,279.64486462355825,True,False,5,ValueBidder=279.64 | PacingBidder=279.64 | CTRBidder=11.82 | ThresholdBidder=9.85 | FixedBidder=1.50
628,PacingBidder,369.4335529110774,369.4335529110772,False,False,5,PacingBidder=369.43 | ValueBidder=369.43 | CTRBidder=13.59 | ThresholdBidder=11.33 | FixedBidder=1.50
629,ValueBidder,498.0131926900579,498.0131926900579,True,False,5,ValueBidder=498.01 | PacingBidder=498.01 | CTRBidder=15.78 | ThresholdBidder=13.15 | FixedBidder=1.50
630,ValueBidder,331.20348734232283,331.20348734232283,False,False,5,ValueBidder=331.20 | PacingBidder=331.20 | CTRBidder=12.87 | ThresholdBidder=10.72 | FixedBidder=1.50
631,ValueBidder,477.2689103242306,477.2689103242306,False,False,5,ValueBidder=477.27 | PacingBidder=477.27 | CTRBidder=15.45 | ThresholdBidder=12.87 | FixedBidder=1.50
632,ValueBidder,482.1307726796674,482.1307726796674,True,False,5,ValueBidder=482.13 | PacingBidder=482.13 | CTRBidder=15.53 | ThresholdBidder=12.94 | FixedBidder=1.50
633,ValueBidder,407.1557916806092,407.1557916806092,False,False,5,ValueBidder=407.16 | PacingBidder=407.16 | CTRBidder=14.27 | ThresholdBidder=11.89 | FixedBidder=1.50
634,ValueBidder,503.67993700984357,503.67993700984357,True,False,5,ValueBidder=503.68 | PacingBidder=503.68 | CTRBidder=15.87 | ThresholdBidder=13.22 | FixedBidder=1.50
635,PacingBidder,200.50780871475743,200.5078087147573,False,False,5,PacingBidder=200.51 | ValueBidder=200.51 | CTRBidder=10.01 | ThresholdBidder=8.34 | FixedBidder=1.50
636,PacingBidder,720.0884180654257,720.0884180654255,False,False,5,PacingBidder=720.09 | ValueBidder=720.09 | CTRBidder=18.97 | ThresholdBidder=15.81 | FixedBidder=1.50
637,ValueBidder,528.1106145978478,528.1106145978478,True,False,5,ValueBidder=528.11 | PacingBidder=528.11 | CTRBidder=16.25 | ThresholdBidder=13.54 | FixedBidder=1.50
638,ValueBidder,261.0844685056172,261.0844685056172,False,False,5,ValueBidder=261.08 | PacingBidder=261.08 | CTRBidder=11.43 | ThresholdBidder=9.52 | FixedBidder=1.50
639,ValueBidder,486.7199185085423,486.7199185085423,True,False,5,ValueBidder=486.72 | PacingBidder=486.72 | CTRBidder=15.60 | ThresholdBidder=13.00 | FixedBidder=1.50
640,PacingBidder,334.84786148581446,334.8478614858143,False,False,5,PacingBidder=334.85 | ValueBidder=334.85 | CTRBidder=12.94 | ThresholdBidder=10.78 | FixedBidder=1.50
641,PacingBidder,469.3282434229904,469.32824342299017,True,False,5,PacingBidder=469.33 | ValueBidder=469.33 | CTRBidder=15.32 | ThresholdBidder=12.77 | FixedBidder=1.50
642,ValueBidder,583.4058592691379,583.4058592691379,True,False,5,ValueBidder=583.41 | PacingBidder=583.41 | CTRBidder=17.08 | ThresholdBidder=14.23 | FixedBidder=1.50
643,ValueBidder,312.30208664448935,312.30208664448935,True,False,5,ValueBidder=312.30 | PacingBidder=312.30 | CTRBidder=12.50 | ThresholdBidder=10.41 | FixedBidder=1.50
644,ValueBidder,355.9311841842161,355.9311841842161,True,False,5,ValueBidder=355.93 | PacingBidder=355.93 | CTRBidder=13.34 | ThresholdBidder=11.12 | FixedBidder=1.50
645,PacingBidder,245.02008093573582,245.02008093573562,False,False,5,PacingBidder=245.02 | ValueBidder=245.02 | CTRBidder=11.07 | ThresholdBidder=9.22 | FixedBidder=1.50
646,PacingBidder,139.97332189218133,139.97332189218125,False,False,5,PacingBidder=139.97 | ValueBidder=139.97 | CTRBidder=8.37 | ThresholdBidder=6.97 | FixedBidder=1.50
647,PacingBidder,238.89328730087894,238.89328730087882,False,False,5,PacingBidder=238.89 | ValueBidder=238.89 | CTRBidder=10.93 | ThresholdBidder=9.11 | FixedBidder=1.50
648,ValueBidder,497.28728881391993,497.2872888139198,False,False,5,ValueBidder=497.29 | PacingBidder=497.29 | CTRBidder=15.77 | ThresholdBidder=13.14 | FixedBidder=1.50
649,ValueBidder,577.7528823780581,577.7528823780581,False,False,5,ValueBidder=577.75 | PacingBidder=577.75 | CTRBidder=17.00 | ThresholdBidder=14.16 | FixedBidder=1.50
650,PacingBidder,562.8154985764158,562.8154985764153,True,False,5,PacingBidder=562.82 | ValueBidder=562.82 | CTRBidder=16.78 | ThresholdBidder=13.98 | FixedBidder=1.50
651,PacingBidder,242.48025406059708,242.48025406059702,True,False,5,PacingBidder=242.48 | ValueBidder=242.48 | CTRBidder=11.01 | ThresholdBidder=9.18 | FixedBidder=1.50
652,ValueBidder,402.21227727008835,402.21227727008795,False,False,5,ValueBidder=402.21 | PacingBidder=402.21 | CTRBidder=14.18 | ThresholdBidder=11.82 | FixedBidder=1.50
653,ValueBidder,316.88010554003637,316.88010554003625,False,False,5,ValueBidder=316.88 | PacingBidder=316.88 | CTRBidder=12.59 | ThresholdBidder=10.49 | FixedBidder=1.50
654,PacingBidder,159.04399516261836,159.0439951626183,False,False,5,PacingBidder=159.04 | ValueBidder=159.04 | CTRBidder=8.92 | ThresholdBidder=7.43 | FixedBidder=1.50
655,ValueBidder,623.9555805405674,623.9555805405669,False,False,5,ValueBidder=623.96 | PacingBidder=623.96 | CTRBidder=17.66 | ThresholdBidder=14.72 | FixedBidder=1.50
656,ValueBidder,569.8838756981401,569.8838756981401,False,False,5,ValueBidder=569.88 | PacingBidder=569.88 | CTRBidder=16.88 | ThresholdBidder=14.07 | FixedBidder=1.50
657,ValueBidder,69.2520209979439,69.25202099794389,True,False,5,ValueBidder=69.25 | PacingBidder=69.25 | CTRBidder=5.88 | ThresholdBidder=4.90 | FixedBidder=1.50
658,ValueBidder,557.8732172228365,557.8732172228365,True,False,5,ValueBidder=557.87 | PacingBidder=557.87 | CTRBidder=16.70 | ThresholdBidder=13.92 | FixedBidder=1.50
659,PacingBidder,440.0581971333123,440.05819713331226,False,False,5,PacingBidder=440.06 | ValueBidder=440.06 | CTRBidder=14.83 | ThresholdBidder=12.36 | FixedBidder=1.50
660,ValueBidder,343.6559956994242,343.655995699424,True,False,5,ValueBidder=343.66 | PacingBidder=343.66 | CTRBidder=13.11 | ThresholdBidder=10.92 | FixedBidder=1.50
661,PacingBidder,507.5241327919445,507.524132791944,False,False,5,PacingBidder=507.52 | ValueBidder=507.52 | CTRBidder=15.93 | ThresholdBidder=13.27 | FixedBidder=1.50
662,ValueBidder,193.9232472519229,193.92324725192287,False,False,5,ValueBidder=193.92 | PacingBidder=193.92 | CTRBidder=9.85 | ThresholdBidder=8.21 | FixedBidder=1.50
663,PacingBidder,631.072411260914,631.0724112609138,True,False,5,PacingBidder=631.07 | ValueBidder=631.07 | CTRBidder=17.76 | ThresholdBidder=14.80 | FixedBidder=1.50
664,ValueBidder,370.1850891693131,370.18508916931296,True,False,5,ValueBidder=370.19 | PacingBidder=370.19 | CTRBidder=13.60 | ThresholdBidder=11.34 | FixedBidder=1.50
665,ValueBidder,270.3080416290848,270.3080416290848,False,False,5,ValueBidder=270.31 | PacingBidder=270.31 | CTRBidder=11.63 | ThresholdBidder=9.69 | FixedBidder=1.50
666,PacingBidder,375.2204823492906,375.2204823492904,False,False,5,PacingBidder=375.22 | ValueBidder=375.22 | CTRBidder=13.70 | ThresholdBidder=11.41 | FixedBidder=1.50
667,PacingBidder,282.4010794633815,282.4010794633814,True,False,5,PacingBidder=282.40 | ValueBidder=282.40 | CTRBidder=11.88 | ThresholdBidder=9.90 | FixedBidder=1.50
668,ValueBidder,619.6377420116094,619.6377420116092,False,False,5,ValueBidder=619.64 | PacingBidder=619.64 | CTRBidder=17.60 | ThresholdBidder=14.67 | FixedBidder=1.50
669,PacingBidder,358.9177264062217,358.91772640622156,False,False,5,PacingBidder=358.92 | ValueBidder=358.92 | CTRBidder=13.40 | ThresholdBidder=11.16 | FixedBidder=1.50
670,PacingBidder,302.3499444847299,302.34994448472975,True,False,5,PacingBidder=302.35 | ValueBidder=302.35 | CTRBidder=12.30 | ThresholdBidder=10.25 | FixedBidder=1.50
671,ValueBidder,175.95178024264365,175.9517802426436,False,False,5,ValueBidder=175.95 | PacingBidder=175.95 | CTRBidder=9.38 | ThresholdBidder=7.82 | FixedBidder=1.50
672,ValueBidder,85.83432646833408,85.83432646833405,False,False,5,ValueBidder=85.83 | PacingBidder=85.83 | CTRBidder=6.55 | ThresholdBidder=5.46 | FixedBidder=1.50
673,PacingBidder,325.82644473104705,325.82644473104676,True,False,5,PacingBidder=325.83 | ValueBidder=325.83 | CTRBidder=12.76 | ThresholdBidder=10.64 | FixedBidder=1.50
674,PacingBidder,427.9228606701865,427.92286067018637,False,False,5,PacingBidder=427.92 | ValueBidder=427.92 | CTRBidder=14.63 | ThresholdBidder=12.19 | FixedBidder=1.50
675,ValueBidder,582.274303295777,582.274303295777,False,False,5,ValueBidder=582.27 | PacingBidder=582.27 | CTRBidder=17.06 | ThresholdBidder=14.22 | FixedBidder=1.50
676,PacingBidder,349.87967303281187,349.87967303281164,False,False,5,PacingBidder=349.88 | ValueBidder=349.88 | CTRBidder=13.23 | ThresholdBidder=11.02 | FixedBidder=1.50
677,ValueBidder,542.4315681742727,542.4315681742727,True,False,5,ValueBidder=542.43 | PacingBidder=542.43 | CTRBidder=16.47 | ThresholdBidder=13.72 | FixedBidder=1.50
678,ValueBidder,692.7390232933537,692.7390232933536,True,False,5,ValueBidder=692.74 | PacingBidder=692.74 | CTRBidder=18.61 | ThresholdBidder=15.51 | FixedBidder=1.50
679,ValueBidder,309.82457174333035,309.82457174333024,True,False,5,ValueBidder=309.82 | PacingBidder=309.82 | CTRBidder=12.45 | ThresholdBidder=10.37 | FixedBidder=1.50
680,PacingBidder,275.6643096962437,275.66430969624355,True,False,5,PacingBidder=275.66 | ValueBidder=275.66 | CTRBidder=11.74 | ThresholdBidder=9.78 | FixedBidder=1.50
681,ValueBidder,583.677528461127,583.6775284611265,True,False,5,ValueBidder=583.68 | PacingBidder=583.68 | CTRBidder=17.08 | ThresholdBidder=14.24 | FixedBidder=1.50
682,ValueBidder,121.80607842111404,121.80607842111404,False,False,5,ValueBidder=121.81 | PacingBidder=121.81 | CTRBidder=7.80 | ThresholdBidder=6.50 | FixedBidder=1.50
683,ValueBidder,416.6522087633968,416.6522087633968,False,False,5,ValueBidder=416.65 | PacingBidder=416.65 | CTRBidder=14.43 | ThresholdBidder=12.03 | FixedBidder=1.50
684,ValueBidder,421.05077791191013,421.05077791191013,True,False,5,ValueBidder=421.05 | PacingBidder=421.05 | CTRBidder=14.51 | ThresholdBidder=12.09 | FixedBidder=1.50
685,ValueBidder,401.3516245632728,401.3516245632727,False,False,5,ValueBidder=401.35 | PacingBidder=401.35 | CTRBidder=14.17 | ThresholdBidder=11.81 | FixedBidder=1.50
686,ValueBidder,334.9595019064558,334.9595019064556,True,False,5,ValueBidder=334.96 | PacingBidder=334.96 | CTRBidder=12.94 | ThresholdBidder=10.78 | FixedBidder=1.50
687,PacingBidder,611.2473987447142,611.2473987447138,False,False,5,PacingBidder=611.25 | ValueBidder=611.25 | CTRBidder=17.48 | ThresholdBidder=14.57 | FixedBidder=1.50
688,ValueBidder,509.16097668408065,509.16097668408065,False,False,5,ValueBidder=509.16 | PacingBidder=509.16 | CTRBidder=15.96 | ThresholdBidder=13.30 | FixedBidder=1.50
689,PacingBidder,398.14032574769607,398.1403257476958,False,False,5,PacingBidder=398.14 | ValueBidder=398.14 | CTRBidder=14.11 | ThresholdBidder=11.76 | FixedBidder=1.50
690,ValueBidder,360.2572786753706,360.2572786753704,False,False,5,ValueBidder=360.26 | PacingBidder=360.26 | CTRBidder=13.42 | ThresholdBidder=11.18 | FixedBidder=1.50
691,ValueBidder,545.9016797003278,545.9016797003278,True,False,5,ValueBidder=545.90 | PacingBidder=545.90 | CTRBidder=16.52 | ThresholdBidder=13.77 | FixedBidder=1.50
692,PacingBidder,284.20229978087366,284.2022997808735,False,False,5,PacingBidder=284.20 | ValueBidder=284.20 | CTRBidder=11.92 | ThresholdBidder=9.93 | FixedBidder=1.50
693,PacingBidder,602.1741719240179,602.1741719240177,True,False,5,PacingBidder=602.17 | ValueBidder=602.17 | CTRBidder=17.35 | ThresholdBidder=14.46 | FixedBidder=1.50
694,ValueBidder,339.6277408297519,339.6277408297519,True,False,5,ValueBidder=339.63 | PacingBidder=339.63 | CTRBidder=13.03 | ThresholdBidder=10.86 | FixedBidder=1.50
695,ValueBidder,259.3266377956389,259.3266377956389,False,False,5,ValueBidder=259.33 | PacingBidder=259.33 | CTRBidder=11.39 | ThresholdBidder=9.49 | FixedBidder=1.50
696,ValueBidder,391.7994336137317,391.7994336137317,True,False,5,ValueBidder=391.80 | PacingBidder=391.80 | CTRBidder=14.00 | ThresholdBidder=11.66 | FixedBidder=1.50
697,PacingBidder,124.78240042210929,124.78240042210923,True,False,5,PacingBidder=124.78 | ValueBidder=124.78 | CTRBidder=7.90 | ThresholdBidder=6.58 | FixedBidder=1.50
698,ValueBidder,435.83256482388623,435.8325648238862,False,False,5,ValueBidder=435.83 | PacingBidder=435.83 | CTRBidder=14.76 | ThresholdBidder=12.30 | FixedBidder=1.50
699,PacingBidder,621.0293683655913,621.029368365591,False,False,5,PacingBidder=621.03 | ValueBidder=621.03 | CTRBidder=17.62 | ThresholdBidder=14.68 | FixedBidder=1.50
700,ValueBidder,216.28651252898374,216.28651252898345,False,False,5,ValueBidder=216.29 | PacingBidder=216.29 | CTRBidder=10.40 | ThresholdBidder=8.67 | FixedBidder=1.50
701,ValueBidder,430.38153088687045,430.38153088687045,False,False,5,ValueBidder=430.38 | PacingBidder=430.38 | CTRBidder=14.67 | ThresholdBidder=12.22 | FixedBidder=1.50
702,ValueBidder,223.00095593471636,223.00095593471636,False,False,5,ValueBidder=223.00 | PacingBidder=223.00 | CTRBidder=10.56 | ThresholdBidder=8.80 | FixedBidder=1.50
703,ValueBidder,368.0951475579736,368.0951475579731,False,False,5,ValueBidder=368.10 | PacingBidder=368.10 | CTRBidder=13.57 | ThresholdBidder=11.31 | FixedBidder=1.50
704,ValueBidder,415.5558845401712,415.5558845401712,True,False,5,ValueBidder=415.56 | PacingBidder=415.56 | CTRBidder=14.41 | ThresholdBidder=12.01 | FixedBidder=1.50
705,PacingBidder,320.8233776340547,320.8233776340545,False,False,5,PacingBidder=320.82 | ValueBidder=320.82 | CTRBidder=12.67 | ThresholdBidder=10.55 | FixedBidder=1.50
706,ValueBidder,280.94608490721504,280.94608490721504,False,False,5,ValueBidder=280.95 | PacingBidder=280.95 | CTRBidder=11.85 | ThresholdBidder=9.88 | FixedBidder=1.50
707,PacingBidder,276.1442024663246,276.14420246632443,False,False,5,PacingBidder=276.14 | ValueBidder=276.14 | CTRBidder=11.75 | ThresholdBidder=9.79 | FixedBidder=1.50
708,ValueBidder,493.17212443283586,493.17212443283586,False,False,5,ValueBidder=493.17 | PacingBidder=493.17 | CTRBidder=15.70 | ThresholdBidder=13.09 | FixedBidder=1.50
709,ValueBidder,339.57863995865813,339.5786399586579,False,False,5,ValueBidder=339.58 | PacingBidder=339.58 | CTRBidder=13.03 | ThresholdBidder=10.86 | FixedBidder=1.50
710,ValueBidder,311.09292049129635,311.0929204912963,False,False,5,ValueBidder=311.09 | PacingBidder=311.09 | CTRBidder=12.47 | ThresholdBidder=10.39 | FixedBidder=1.50
711,ValueBidder,289.5819568517103,289.58195685171,False,False,5,ValueBidder=289.58 | PacingBidder=289.58 | CTRBidder=12.03 | ThresholdBidder=10.03 | FixedBidder=1.50
712,PacingBidder,271.1486259154652,271.148625915465,False,False,5,PacingBidder=271.15 | ValueBidder=271.15 | CTRBidder=11.64 | ThresholdBidder=9.70 | FixedBidder=1.50
713,ValueBidder,232.94974465624895,232.9497446562489,False,False,5,ValueBidder=232.95 | PacingBidder=232.95 | CTRBidder=10.79 | ThresholdBidder=8.99 | FixedBidder=1.50
714,PacingBidder,201.81967400347506,201.81967400347486,True,False,5,PacingBidder=201.82 | ValueBidder=201.82 | CTRBidder=10.05 | ThresholdBidder=8.37 | FixedBidder=1.50
715,ValueBidder,391.9337107076541,391.9337107076541,False,False,5,ValueBidder=391.93 | PacingBidder=391.93 | CTRBidder=14.00 | ThresholdBidder=11.67 | FixedBidder=1.50
716,ValueBidder,553.6865003247104,553.6865003247104,False,False,5,ValueBidder=553.69 | PacingBidder=553.69 | CTRBidder=16.64 | ThresholdBidder=13.87 | FixedBidder=1.50
717,PacingBidder,215.18065075108433,215.18065075108413,False,False,5,PacingBidder=215.18 | ValueBidder=215.18 | CTRBidder=10.37 | ThresholdBidder=8.64 | FixedBidder=1.50
718,PacingBidder,292.9942659428207,292.9942659428206,False,False,5,PacingBidder=292.99 | ValueBidder=292.99 | CTRBidder=12.10 | ThresholdBidder=10.09 | FixedBidder=1.50
719,ValueBidder,176.5640718263527,176.56407182635263,True,False,5,ValueBidder=176.56 | PacingBidder=176.56 | CTRBidder=9.40 | ThresholdBidder=7.83 | FixedBidder=1.50
720,PacingBidder,421.27940192008555,421.2794019200851,False,False,5,PacingBidder=421.28 | ValueBidder=421.28 | CTRBidder=14.51 | ThresholdBidder=12.09 | FixedBidder=1.50
721,PacingBidder,489.2475939455402,489.24759394553996,False,False,5,PacingBidder=489.25 | ValueBidder=489.25 | CTRBidder=15.64 | ThresholdBidder=13.03 | FixedBidder=1.50
722,PacingBidder,474.6938508001165,474.69385080011625,False,False,5,PacingBidder=474.69 | ValueBidder=474.69 | CTRBidder=15.41 | ThresholdBidder=12.84 | FixedBidder=1.50
723,ValueBidder,467.8741194769614,467.8741194769614,True,False,5,ValueBidder=467.87 | PacingBidder=467.87 | CTRBidder=15.30 | ThresholdBidder=12.75 | FixedBidder=1.50
724,PacingBidder,247.0895250797255,247.08952507972538,False,False,5,PacingBidder=247.09 | ValueBidder=247.09 | CTRBidder=11.12 | ThresholdBidder=9.26 | FixedBidder=1.50
725,PacingBidder,651.013525136712,651.0135251367118,True,False,5,PacingBidder=651.01 | ValueBidder=651.01 | CTRBidder=18.04 | ThresholdBidder=15.03 | FixedBidder=1.50
726,ValueBidder,464.75650074294134,464.75650074294134,False,False,5,ValueBidder=464.76 | PacingBidder=464.76 | CTRBidder=15.24 | ThresholdBidder=12.70 | FixedBidder=1.50
727,ValueBidder,313.6038920404612,313.603892040461,False,False,5,ValueBidder=313.60 | PacingBidder=313.60 | CTRBidder=12.52 | ThresholdBidder=10.44 | FixedBidder=1.50
728,ValueBidder,387.63919553277975,387.63919553277975,False,False,5,ValueBidder=387.64 | PacingBidder=387.64 | CTRBidder=13.92 | ThresholdBidder=11.60 | FixedBidder=1.50
729,ValueBidder,159.31566224469583,159.31566224469583,True,False,5,ValueBidder=159.32 | PacingBidder=159.32 | CTRBidder=8.93 | ThresholdBidder=7.44 | FixedBidder=1.50
730,ValueBidder,403.0055662461688,403.00556624616866,False,False,5,ValueBidder=403.01 | PacingBidder=403.01 | CTRBidder=14.20 | ThresholdBidder=11.83 | FixedBidder=1.50
731,ValueBidder,305.7237928149775,305.7237928149775,True,False,5,ValueBidder=305.72 | PacingBidder=305.72 | CTRBidder=12.36 | ThresholdBidder=10.30 | FixedBidder=1.50
732,PacingBidder,467.08053520969503,467.0805352096946,False,False,5,PacingBidder=467.08 | ValueBidder=467.08 | CTRBidder=15.28 | ThresholdBidder=12.74 | FixedBidder=1.50
733,ValueBidder,580.9306086319745,580.9306086319745,True,False,5,ValueBidder=580.93 | PacingBidder=580.93 | CTRBidder=17.04 | ThresholdBidder=14.20 | FixedBidder=1.50
734,PacingBidder,446.4420704415148,446.44207044151455,False,False,5,PacingBidder=446.44 | ValueBidder=446.44 | CTRBidder=14.94 | ThresholdBidder=12.45 | FixedBidder=1.50
735,PacingBidder,663.7388538354396,663.7388538354392,False,False,5,PacingBidder=663.74 | ValueBidder=663.74 | CTRBidder=18.22 | ThresholdBidder=15.18 | FixedBidder=1.50
736,ValueBidder,192.80039172422264,192.80039172422264,True,False,5,ValueBidder=192.80 | PacingBidder=192.80 | CTRBidder=9.82 | ThresholdBidder=8.18 | FixedBidder=1.50
737,ValueBidder,390.63580150448297,390.63580150448286,False,False,5,ValueBidder=390.64 | PacingBidder=390.64 | CTRBidder=13.98 | ThresholdBidder=11.65 | FixedBidder=1.50
738,ValueBidder,378.06706078631356,378.06706078631356,True,False,5,ValueBidder=378.07 | PacingBidder=378.07 | CTRBidder=13.75 | ThresholdBidder=11.46 | FixedBidder=1.50
739,ValueBidder,487.2128572691152,487.2128572691149,True,False,5,ValueBidder=487.21 | PacingBidder=487.21 | CTRBidder=15.61 | ThresholdBidder=13.01 | FixedBidder=1.50
740,ValueBidder,305.33965066538764,305.33965066538764,False,False,5,ValueBidder=305.34 | PacingBidder=305.34 | CTRBidder=12.36 | ThresholdBidder=10.30 | FixedBidder=1.50
741,ValueBidder,161.81866600604297,161.81866600604297,True,False,5,ValueBidder=161.82 | PacingBidder=161.82 | CTRBidder=8.99 | ThresholdBidder=7.50 | FixedBidder=1.50
742,ValueBidder,173.03092686604117,173.03092686604117,False,False,5,ValueBidder=173.03 | PacingBidder=173.03 | CTRBidder=9.30 | ThresholdBidder=7.75 | FixedBidder=1.50
743,ValueBidder,75.79312612299769,75.79312612299763,False,False,5,ValueBidder=75.79 | PacingBidder=75.79 | CTRBidder=6.16 | ThresholdBidder=5.13 | FixedBidder=1.50
744,PacingBidder,318.53846231679967,318.53846231679955,False,False,5,PacingBidder=318.54 | ValueBidder=318.54 | CTRBidder=12.62 | ThresholdBidder=10.52 | FixedBidder=1.50
745,ValueBidder,289.6532969660828,289.6532969660827,True,False,5,ValueBidder=289.65 | PacingBidder=289.65 | CTRBidder=12.03 | ThresholdBidder=10.03 | FixedBidder=1.50
746,PacingBidder,209.59785963919623,209.59785963919614,False,False,5,PacingBidder=209.60 | ValueBidder=209.60 | CTRBidder=10.24 | ThresholdBidder=8.53 | FixedBidder=1.50
747,PacingBidder,317.314475007694,317.31447500769394,False,False,5,PacingBidder=317.31 | ValueBidder=317.31 | CTRBidder=12.60 | ThresholdBidder=10.50 | FixedBidder=1.50
748,ValueBidder,266.9887541300248,266.9887541300248,False,False,5,ValueBidder=266.99 | PacingBidder=266.99 | CTRBidder=11.55 | ThresholdBidder=9.63 | FixedBidder=1.50
749,PacingBidder,425.40642083124595,425.4064208312457,True,False,5,PacingBidder=425.41 | ValueBidder=425.41 | CTRBidder=14.58 | ThresholdBidder=12.15 | FixedBidder=1.50
750,ValueBidder,526.2108912240348,526.2108912240344,True,False,5,ValueBidder=526.21 | PacingBidder=526.21 | CTRBidder=16.22 | ThresholdBidder=13.52 | FixedBidder=1.50
751,ValueBidder,421.17391846705584,421.17391846705584,True,False,5,ValueBidder=421.17 | PacingBidder=421.17 | CTRBidder=14.51 | ThresholdBidder=12.09 | FixedBidder=1.50
752,ValueBidder,433.1702138555893,433.1702138555891,False,False,5,ValueBidder=433.17 | PacingBidder=433.17 | CTRBidder=14.72 | ThresholdBidder=12.26 | FixedBidder=1.50
753,ValueBidder,389.071930813289,389.07193081328865,True,False,5,ValueBidder=389.07 | PacingBidder=389.07 | CTRBidder=13.95 | ThresholdBidder=11.62 | FixedBidder=1.50
754,PacingBidder,530.0492354708615,530.0492354708613,True,False,5,PacingBidder=530.05 | ValueBidder=530.05 | CTRBidder=16.28 | ThresholdBidder=13.57 | FixedBidder=1.50
755,ValueBidder,603.4685306202514,603.4685306202514,True,False,5,ValueBidder=603.47 | PacingBidder=603.47 | CTRBidder=17.37 | ThresholdBidder=14.48 | FixedBidder=1.50
756,ValueBidder,311.21202207112304,311.21202207112293,False,False,5,ValueBidder=311.21 | PacingBidder=311.21 | CTRBidder=12.47 | ThresholdBidder=10.40 | FixedBidder=1.50
757,PacingBidder,627.8932031515095,627.8932031515092,True,False,5,PacingBidder=627.89 | ValueBidder=627.89 | CTRBidder=17.72 | ThresholdBidder=14.77 | FixedBidder=1.50
758,ValueBidder,350.3817269072548,350.38172690725463,True,False,5,ValueBidder=350.38 | PacingBidder=350.38 | CTRBidder=13.24 | ThresholdBidder=11.03 | FixedBidder=1.50
759,ValueBidder,542.2546521259595,542.2546521259595,False,False,5,ValueBidder=542.25 | PacingBidder=542.25 | CTRBidder=16.47 | ThresholdBidder=13.72 | FixedBidder=1.50
760,ValueBidder,405.15898815354154,405.15898815354154,False,False,5,ValueBidder=405.16 | PacingBidder=405.16 | CTRBidder=14.23 | ThresholdBidder=11.86 | FixedBidder=1.50
761,ValueBidder,562.9965788121683,562.9965788121683,False,False,5,ValueBidder=563.00 | PacingBidder=563.00 | CTRBidder=16.78 | ThresholdBidder=13.98 | FixedBidder=1.50
762,ValueBidder,213.6422056771644,213.6422056771644,False,False,5,ValueBidder=213.64 | PacingBidder=213.64 | CTRBidder=10.34 | ThresholdBidder=8.61 | FixedBidder=1.50
763,ValueBidder,286.81523471412106,286.8152347141209,True,False,5,ValueBidder=286.82 | PacingBidder=286.82 | CTRBidder=11.98 | ThresholdBidder=9.98 | FixedBidder=1.50
764,PacingBidder,421.2688763158432,421.2688763158429,True,False,5,PacingBidder=421.27 | ValueBidder=421.27 | CTRBidder=14.51 | ThresholdBidder=12.09 | FixedBidder=1.50
765,PacingBidder,507.5537463383716,507.55374633837147,False,False,5,PacingBidder=507.55 | ValueBidder=507.55 | CTRBidder=15.93 | ThresholdBidder=13.28 | FixedBidder=1.50
766,ValueBidder,449.17043000651205,449.17043000651205,True,False,5,ValueBidder=449.17 | PacingBidder=449.17 | CTRBidder=14.99 | ThresholdBidder=12.49 | FixedBidder=1.50
767,ValueBidder,247.72631084586672,247.72631084586664,True,False,5,ValueBidder=247.73 | PacingBidder=247.73 | CTRBidder=11.13 | ThresholdBidder=9.27 | FixedBidder=1.50
768,ValueBidder,517.8344302513481,517.8344302513481,True,False,5,ValueBidder=517.83 | PacingBidder=517.83 | CTRBidder=16.09 | ThresholdBidder=13.41 | FixedBidder=1.50
769,ValueBidder,455.03996204240383,455.0399620424036,False,False,5,ValueBidder=455.04 | PacingBidder=455.04 | CTRBidder=15.08 | ThresholdBidder=12.57 | FixedBidder=1.50
770,ValueBidder,136.86124842077433,136.86124842077433,False,False,5,ValueBidder=136.86 | PacingBidder=136.86 | CTRBidder=8.27 | ThresholdBidder=6.89 | FixedBidder=1.50
771,PacingBidder,378.4583090319583,378.45830903195827,False,False,5,PacingBidder=378.46 | ValueBidder=378.46 | CTRBidder=13.76 | ThresholdBidder=11.46 | FixedBidder=1.50
772,PacingBidder,565.9230990430568,565.9230990430566,True,False,5,PacingBidder=565.92 | ValueBidder=565.92 | CTRBidder=16.82 | ThresholdBidder=14.02 | FixedBidder=1.50
773,ValueBidder,609.1894116585203,609.18941165852,True,False,5,ValueBidder=609.19 | PacingBidder=609.19 | CTRBidder=17.45 | ThresholdBidder=14.54 | FixedBidder=1.50
774,ValueBidder,162.97427042174775,162.9742704217477,False,False,5,ValueBidder=162.97 | PacingBidder=162.97 | CTRBidder=9.03 | ThresholdBidder=7.52 | FixedBidder=1.50
775,ValueBidder,302.7547943812799,302.7547943812798,False,False,5,ValueBidder=302.75 | PacingBidder=302.75 | CTRBidder=12.30 | ThresholdBidder=10.25 | FixedBidder=1.50
776,ValueBidder,572.5153801737495,572.5153801737495,False,False,5,ValueBidder=572.52 | PacingBidder=572.52 | CTRBidder=16.92 | ThresholdBidder=14.10 | FixedBidder=1.50
777,ValueBidder,305.5639045922261,305.56390459222604,False,False,5,ValueBidder=305.56 | PacingBidder=305.56 | CTRBidder=12.36 | ThresholdBidder=10.30 | FixedBidder=1.50
778,PacingBidder,102.17328633209625,102.17328633209621,False,False,5,PacingBidder=102.17 | ValueBidder=102.17 | CTRBidder=7.15 | ThresholdBidder=5.96 | FixedBidder=1.50
779,ValueBidder,359.28956169261164,359.28956169261164,True,False,5,ValueBidder=359.29 | PacingBidder=359.29 | CTRBidder=13.40 | ThresholdBidder=11.17 | FixedBidder=1.50
780,ValueBidder,547.6452108743612,547.645210874361,False,False,5,ValueBidder=547.65 | PacingBidder=547.65 | CTRBidder=16.55 | ThresholdBidder=13.79 | FixedBidder=1.50
781,PacingBidder,567.4730516144704,567.4730516144699,True,False,5,PacingBidder=567.47 | ValueBidder=567.47 | CTRBidder=16.84 | ThresholdBidder=14.04 | FixedBidder=1.50
782,PacingBidder,622.1510924441666,622.1510924441664,True,False,5,PacingBidder=622.15 | ValueBidder=622.15 | CTRBidder=17.64 | ThresholdBidder=14.70 | FixedBidder=1.50
783,PacingBidder,545.4548851711351,545.454885171135,False,False,5,PacingBidder=545.45 | ValueBidder=545.45 | CTRBidder=16.51 | ThresholdBidder=13.76 | FixedBidder=1.50
784,ValueBidder,309.75607422736704,309.7560742273669,False,False,5,ValueBidder=309.76 | PacingBidder=309.76 | CTRBidder=12.45 | ThresholdBidder=10.37 | FixedBidder=1.50
785,ValueBidder,553.6885970629756,553.6885970629756,False,False,5,ValueBidder=553.69 | PacingBidder=553.69 | CTRBidder=16.64 | ThresholdBidder=13.87 | FixedBidder=1.50
786,PacingBidder,338.13996841855834,338.139968418558,True,False,5,PacingBidder=338.14 | ValueBidder=338.14 | CTRBidder=13.00 | ThresholdBidder=10.84 | FixedBidder=1.50
787,ValueBidder,551.3357433668237,551.3357433668237,False,False,5,ValueBidder=551.34 | PacingBidder=551.34 | CTRBidder=16.60 | ThresholdBidder=13.84 | FixedBidder=1.50
788,ValueBidder,525.4603473373111,525.4603473373111,False,False,5,ValueBidder=525.46 | PacingBidder=525.46 | CTRBidder=16.21 | ThresholdBidder=13.51 | FixedBidder=1.50
789,ValueBidder,559.9722735036753,559.9722735036748,True,False,5,ValueBidder=559.97 | PacingBidder=559.97 | CTRBidder=16.73 | ThresholdBidder=13.94 | FixedBidder=1.50
790,ValueBidder,183.22306905874615,183.22306905874615,False,False,5,ValueBidder=183.22 | PacingBidder=183.22 | CTRBidder=9.57 | ThresholdBidder=7.98 | FixedBidder=1.50
791,ValueBidder,279.45083929692623,279.45083929692595,False,False,5,ValueBidder=279.45 | PacingBidder=279.45 | CTRBidder=11.82 | ThresholdBidder=9.85 | FixedBidder=1.50
792,ValueBidder,675.0773701568551,675.0773701568551,False,False,5,ValueBidder=675.08 | PacingBidder=675.08 | CTRBidder=18.37 | ThresholdBidder=15.31 | FixedBidder=1.50
793,ValueBidder,526.3064185597574,526.3064185597574,False,False,5,ValueBidder=526.31 | PacingBidder=526.31 | CTRBidder=16.22 | ThresholdBidder=13.52 | FixedBidder=1.50
794,ValueBidder,578.0553042245186,578.0553042245186,False,False,5,ValueBidder=578.06 | PacingBidder=578.06 | CTRBidder=17.00 | ThresholdBidder=14.17 | FixedBidder=1.50
795,ValueBidder,443.1946587901835,443.1946587901833,False,False,5,ValueBidder=443.19 | PacingBidder=443.19 | CTRBidder=14.89 | ThresholdBidder=12.41 | FixedBidder=1.50
796,PacingBidder,421.6265377895901,421.6265377895899,False,False,5,PacingBidder=421.63 | ValueBidder=421.63 | CTRBidder=14.52 | ThresholdBidder=12.10 | FixedBidder=1.50
797,ValueBidder,576.8416148027907,576.8416148027906,False,False,5,ValueBidder=576.84 | PacingBidder=576.84 | CTRBidder=16.98 | ThresholdBidder=14.15 | FixedBidder=1.50
798,ValueBidder,301.1904404775098,301.1904404775097,True,False,5,ValueBidder=301.19 | PacingBidder=301.19 | CTRBidder=12.27 | ThresholdBidder=10.23 | FixedBidder=1.50
799,PacingBidder,375.5658529657474,375.56585296574684,False,False,5,PacingBidder=375.57 | ValueBidder=375.57 | CTRBidder=13.70 | ThresholdBidder=11.42 | FixedBidder=1.50
800,ValueBidder,250.02277421592612,250.02277421592595,False,False,5,ValueBidder=250.02 | PacingBidder=250.02 | CTRBidder=11.18 | ThresholdBidder=9.32 | FixedBidder=1.50
801,ValueBidder,633.0614349439688,633.0614349439688,True,False,5,ValueBidder=633.06 | PacingBidder=633.06 | CTRBidder=17.79 | ThresholdBidder=14.83 | FixedBidder=1.50
802,ValueBidder,415.1664199967797,415.1664199967796,False,False,5,ValueBidder=415.17 | PacingBidder=415.17 | CTRBidder=14.41 | ThresholdBidder=12.01 | FixedBidder=1.50
803,PacingBidder,461.22420245756956,461.22420245756916,False,False,5,PacingBidder=461.22 | ValueBidder=461.22 | CTRBidder=15.19 | ThresholdBidder=12.65 | FixedBidder=1.50
804,ValueBidder,502.4770515897933,502.4770515897933,True,False,5,ValueBidder=502.48 | PacingBidder=502.48 | CTRBidder=15.85 | ThresholdBidder=13.21 | FixedBidder=1.50
805,ValueBidder,356.6326415181244,356.6326415181243,False,False,5,ValueBidder=356.63 | PacingBidder=356.63 | CTRBidder=13.35 | ThresholdBidder=11.13 | FixedBidder=1.50
806,PacingBidder,169.1383145221697,169.13831452216968,True,False,5,PacingBidder=169.14 | ValueBidder=169.14 | CTRBidder=9.20 | ThresholdBidder=7.66 | FixedBidder=1.50
807,ValueBidder,297.8311947285214,297.8311947285213,False,False,5,ValueBidder=297.83 | PacingBidder=297.83 | CTRBidder=12.20 | ThresholdBidder=10.17 | FixedBidder=1.50
808,PacingBidder,341.0711490915642,341.0711490915641,False,False,5,PacingBidder=341.07 | ValueBidder=341.07 | CTRBidder=13.06 | ThresholdBidder=10.88 | FixedBidder=1.50
809,PacingBidder,421.7222721931587,421.7222721931585,True,False,5,PacingBidder=421.72 | ValueBidder=421.72 | CTRBidder=14.52 | ThresholdBidder=12.10 | FixedBidder=1.50
810,ValueBidder,304.19368234204444,304.19368234204444,True,False,5,ValueBidder=304.19 | PacingBidder=304.19 | CTRBidder=12.33 | ThresholdBidder=10.28 | FixedBidder=1.50
811,PacingBidder,214.5686844072656,214.56868440726555,True,False,5,PacingBidder=214.57 | ValueBidder=214.57 | CTRBidder=10.36 | ThresholdBidder=8.63 | FixedBidder=1.50
812,ValueBidder,355.4672702153456,355.46727021534537,True,False,5,ValueBidder=355.47 | PacingBidder=355.47 | CTRBidder=13.33 | ThresholdBidder=11.11 | FixedBidder=1.50
813,ValueBidder,494.1374924074916,494.1374924074916,True,False,5,ValueBidder=494.14 | PacingBidder=494.14 | CTRBidder=15.72 | ThresholdBidder=13.10 | FixedBidder=1.50
814,ValueBidder,241.17369596507638,241.17369596507638,True,False,5,ValueBidder=241.17 | PacingBidder=241.17 | CTRBidder=10.98 | ThresholdBidder=9.15 | FixedBidder=1.50
815,ValueBidder,386.72053670101974,386.72053670101945,False,False,5,ValueBidder=386.72 | PacingBidder=386.72 | CTRBidder=13.91 | ThresholdBidder=11.59 | FixedBidder=1.50
816,ValueBidder,346.5806142614285,346.5806142614282,False,False,5,ValueBidder=346.58 | PacingBidder=346.58 | CTRBidder=13.16 | ThresholdBidder=10.97 | FixedBidder=1.50
817,PacingBidder,302.5712161666262,302.57121616662585,False,False,5,PacingBidder=302.57 | ValueBidder=302.57 | CTRBidder=12.30 | ThresholdBidder=10.25 | FixedBidder=1.50
818,ValueBidder,326.61630272088723,326.61630272088723,False,False,5,ValueBidder=326.62 | PacingBidder=326.62 | CTRBidder=12.78 | ThresholdBidder=10.65 | FixedBidder=1.50
819,PacingBidder,426.9969579905997,426.99695799059964,True,False,5,PacingBidder=427.00 | ValueBidder=427.00 | CTRBidder=14.61 | ThresholdBidder=12.18 | FixedBidder=1.50
820,ValueBidder,346.8827388439815,346.8827388439815,False,False,5,ValueBidder=346.88 | PacingBidder=346.88 | CTRBidder=13.17 | ThresholdBidder=10.97 | FixedBidder=1.50
821,ValueBidder,144.44059552229612,144.44059552229612,True,False,5,ValueBidder=144.44 | PacingBidder=144.44 | CTRBidder=8.50 | ThresholdBidder=7.08 | FixedBidder=1.50
822,PacingBidder,418.5666165527089,418.5666165527088,False,False,5,PacingBidder=418.57 | ValueBidder=418.57 | CTRBidder=14.47 | ThresholdBidder=12.06 | FixedBidder=1.50
823,ValueBidder,337.5140122121723,337.5140122121722,True,False,5,ValueBidder=337.51 | PacingBidder=337.51 | CTRBidder=12.99 | ThresholdBidder=10.83 | FixedBidder=1.50
824,ValueBidder,240.19222167797648,240.19222167797648,True,False,5,ValueBidder=240.19 | PacingBidder=240.19 | CTRBidder=10.96 | ThresholdBidder=9.13 | FixedBidder=1.50
825,ValueBidder,451.2755982858013,451.2755982858009,True,False,5,ValueBidder=451.28 | PacingBidder=451.28 | CTRBidder=15.02 | ThresholdBidder=12.52 | FixedBidder=1.50
826,ValueBidder,523.7095923526424,523.7095923526424,True,False,5,ValueBidder=523.71 | PacingBidder=523.71 | CTRBidder=16.18 | ThresholdBidder=13.48 | FixedBidder=1.50
827,PacingBidder,388.87941390060917,388.8794139006089,False,False,5,PacingBidder=388.88 | ValueBidder=388.88 | CTRBidder=13.94 | ThresholdBidder=11.62 | FixedBidder=1.50
828,PacingBidder,373.31932389837783,373.3193238983777,False,False,5,PacingBidder=373.32 | ValueBidder=373.32 | CTRBidder=13.66 | ThresholdBidder=11.39 | FixedBidder=1.50
829,ValueBidder,404.98935448688223,404.98935448688184,True,False,5,ValueBidder=404.99 | PacingBidder=404.99 | CTRBidder=14.23 | ThresholdBidder=11.86 | FixedBidder=1.50
830,ValueBidder,477.11435336629785,477.1143533662977,False,False,5,ValueBidder=477.11 | PacingBidder=477.11 | CTRBidder=15.45 | ThresholdBidder=12.87 | FixedBidder=1.50
831,ValueBidder,178.28314978011505,178.28314978011497,False,False,5,ValueBidder=178.28 | PacingBidder=178.28 | CTRBidder=9.44 | ThresholdBidder=7.87 | FixedBidder=1.50
832,ValueBidder,480.8714553838733,480.87145538387307,False,False,5,ValueBidder=480.87 | PacingBidder=480.87 | CTRBidder=15.51 | ThresholdBidder=12.92 | FixedBidder=1.50
833,PacingBidder,402.8611795408881,402.86117954088763,False,False,5,PacingBidder=402.86 | ValueBidder=402.86 | CTRBidder=14.19 | ThresholdBidder=11.83 | FixedBidder=1.50
834,PacingBidder,373.098406070141,373.09840607014087,False,False,5,PacingBidder=373.10 | ValueBidder=373.10 | CTRBidder=13.66 | ThresholdBidder=11.38 | FixedBidder=1.50
835,ValueBidder,245.10213765324997,245.10213765324997,False,False,5,ValueBidder=245.10 | PacingBidder=245.10 | CTRBidder=11.07 | ThresholdBidder=9.23 | FixedBidder=1.50
836,ValueBidder,470.28204561319285,470.28204561319285,True,False,5,ValueBidder=470.28 | PacingBidder=470.28 | CTRBidder=15.33 | ThresholdBidder=12.78 | FixedBidder=1.50
837,ValueBidder,332.08105059639695,332.0810505963967,False,False,5,ValueBidder=332.08 | PacingBidder=332.08 | CTRBidder=12.89 | ThresholdBidder=10.74 | FixedBidder=1.50
838,PacingBidder,485.9955172844044,485.99551728440395,False,False,5,PacingBidder=486.00 | ValueBidder=486.00 | CTRBidder=15.59 | ThresholdBidder=12.99 | FixedBidder=1.50
839,ValueBidder,296.3744934085295,296.3744934085295,True,False,5,ValueBidder=296.37 | PacingBidder=296.37 | CTRBidder=12.17 | ThresholdBidder=10.14 | FixedBidder=1.50
840,ValueBidder,653.8225006983354,653.8225006983354,False,False,5,ValueBidder=653.82 | PacingBidder=653.82 | CTRBidder=18.08 | ThresholdBidder=15.07 | FixedBidder=1.50
841,ValueBidder,106.27143084393951,106.27143084393948,True,False,5,ValueBidder=106.27 | PacingBidder=106.27 | CTRBidder=7.29 | ThresholdBidder=6.07 | FixedBidder=1.50
842,ValueBidder,550.9916659391514,550.9916659391512,False,False,5,ValueBidder=550.99 | PacingBidder=550.99 | CTRBidder=16.60 | ThresholdBidder=13.83 | FixedBidder=1.50
843,ValueBidder,376.31557811180994,376.3155781118098,False,False,5,ValueBidder=376.32 | PacingBidder=376.32 | CTRBidder=13.72 | ThresholdBidder=11.43 | FixedBidder=1.50
844,ValueBidder,197.90297816374303,197.90297816374303,True,False,5,ValueBidder=197.90 | PacingBidder=197.90 | CTRBidder=9.95 | ThresholdBidder=8.29 | FixedBidder=1.50
845,PacingBidder,308.9620603314237,308.9620603314234,False,False,5,PacingBidder=308.96 | ValueBidder=308.96 | CTRBidder=12.43 | ThresholdBidder=10.36 | FixedBidder=1.50
846,PacingBidder,453.9433602425478,453.9433602425476,False,False,5,PacingBidder=453.94 | ValueBidder=453.94 | CTRBidder=15.07 | ThresholdBidder=12.55 | FixedBidder=1.50
847,ValueBidder,312.2037418954217,312.20374189542156,False,False,5,ValueBidder=312.20 | PacingBidder=312.20 | CTRBidder=12.49 | ThresholdBidder=10.41 | FixedBidder=1.50
848,PacingBidder,443.9092871089992,443.90928710899897,False,False,5,PacingBidder=443.91 | ValueBidder=443.91 | CTRBidder=14.90 | ThresholdBidder=12.42 | FixedBidder=1.50
849,PacingBidder,365.1115618188625,365.1115618188623,False,False,5,PacingBidder=365.11 | ValueBidder=365.11 | CTRBidder=13.51 | ThresholdBidder=11.26 | FixedBidder=1.50
850,PacingBidder,379.0832749006321,379.08327490063175,True,False,5,PacingBidder=379.08 | ValueBidder=379.08 | CTRBidder=13.77 | ThresholdBidder=11.47 | FixedBidder=1.50
851,ValueBidder,494.09066796246645,494.09066796246645,False,False,5,ValueBidder=494.09 | PacingBidder=494.09 | CTRBidder=15.72 | ThresholdBidder=13.10 | FixedBidder=1.50
852,ValueBidder,230.3810567821417,230.38105678214146,False,False,5,ValueBidder=230.38 | PacingBidder=230.38 | CTRBidder=10.73 | ThresholdBidder=8.94 | FixedBidder=1.50
853,ValueBidder,456.6317409627296,456.6317409627296,True,False,5,ValueBidder=456.63 | PacingBidder=456.63 | CTRBidder=15.11 | ThresholdBidder=12.59 | FixedBidder=1.50
854,ValueBidder,515.2652092323034,515.2652092323034,True,False,5,ValueBidder=515.27 | PacingBidder=515.27 | CTRBidder=16.05 | ThresholdBidder=13.38 | FixedBidder=1.50
855,ValueBidder,587.9694378918259,587.9694378918259,False,False,5,ValueBidder=587.97 | PacingBidder=587.97 | CTRBidder=17.15 | ThresholdBidder=14.29 | FixedBidder=1.50
856,PacingBidder,207.36335818639148,207.36335818639142,True,False,5,PacingBidder=207.36 | ValueBidder=207.36 | CTRBidder=10.18 | ThresholdBidder=8.49 | FixedBidder=1.50
857,ValueBidder,368.55392718324407,368.55392718324407,False,False,5,ValueBidder=368.55 | PacingBidder=368.55 | CTRBidder=13.57 | ThresholdBidder=11.31 | FixedBidder=1.50
858,ValueBidder,596.4468106638518,596.4468106638516,False,False,5,ValueBidder=596.45 | PacingBidder=596.45 | CTRBidder=17.27 | ThresholdBidder=14.39 | FixedBidder=1.50
859,ValueBidder,579.6493097747876,579.6493097747874,False,False,5,ValueBidder=579.65 | PacingBidder=579.65 | CTRBidder=17.02 | ThresholdBidder=14.19 | FixedBidder=1.50
860,PacingBidder,430.7317073711125,430.73170737111235,True,False,5,PacingBidder=430.73 | ValueBidder=430.73 | CTRBidder=14.68 | ThresholdBidder=12.23 | FixedBidder=1.50
861,ValueBidder,241.41202750475327,241.41202750475327,False,False,5,ValueBidder=241.41 | PacingBidder=241.41 | CTRBidder=10.99 | ThresholdBidder=9.16 | FixedBidder=1.50
862,PacingBidder,285.10407406013786,285.1040740601376,True,False,5,PacingBidder=285.10 | ValueBidder=285.10 | CTRBidder=11.94 | ThresholdBidder=9.95 | FixedBidder=1.50
863,ValueBidder,323.67107932414405,323.67107932414405,False,False,5,ValueBidder=323.67 | PacingBidder=323.67 | CTRBidder=12.72 | ThresholdBidder=10.60 | FixedBidder=1.50
864,ValueBidder,643.3267630919115,643.3267630919115,True,False,5,ValueBidder=643.33 | PacingBidder=643.33 | CTRBidder=17.93 | ThresholdBidder=14.95 | FixedBidder=1.50
865,ValueBidder,73.30751427664036,73.30751427664036,False,False,5,ValueBidder=73.31 | PacingBidder=73.31 | CTRBidder=6.05 | ThresholdBidder=5.05 | FixedBidder=1.50
866,ValueBidder,236.25592847599563,236.25592847599538,False,False,5,ValueBidder=236.26 | PacingBidder=236.26 | CTRBidder=10.87 | ThresholdBidder=9.06 | FixedBidder=1.50
867,ValueBidder,430.5159593881214,430.5159593881214,False,False,5,ValueBidder=430.52 | PacingBidder=430.52 | CTRBidder=14.67 | ThresholdBidder=12.23 | FixedBidder=1.50
868,ValueBidder,470.393127821161,470.39312782116076,False,False,5,ValueBidder=470.39 | PacingBidder=470.39 | CTRBidder=15.34 | ThresholdBidder=12.78 | FixedBidder=1.50
869,ValueBidder,53.3377573825617,53.33775738256163,False,False,5,ValueBidder=53.34 | PacingBidder=53.34 | CTRBidder=5.16 | ThresholdBidder=4.30 | FixedBidder=1.50
870,ValueBidder,317.5843513525499,317.5843513525499,False,False,5,ValueBidder=317.58 | PacingBidder=317.58 | CTRBidder=12.60 | ThresholdBidder=10.50 | FixedBidder=1.50
871,ValueBidder,347.19314248012176,347.19314248012176,True,True,5,ValueBidder=347.19 | PacingBidder=347.19 | CTRBidder=13.18 | ThresholdBidder=10.98 | FixedBidder=1.50
872,ValueBidder,345.2493566545759,345.2493566545759,True,False,5,ValueBidder=345.25 | PacingBidder=345.25 | CTRBidder=13.14 | ThresholdBidder=10.95 | FixedBidder=1.50
873,ValueBidder,367.68996523998374,367.68996523998374,True,False,5,ValueBidder=367.69 | PacingBidder=367.69 | CTRBidder=13.56 | ThresholdBidder=11.30 | FixedBidder=1.50
874,ValueBidder,532.4738154737283,532.4738154737283,False,False,5,ValueBidder=532.47 | PacingBidder=532.47 | CTRBidder=16.32 | ThresholdBidder=13.60 | FixedBidder=1.50
875,ValueBidder,413.8299684356063,413.82996843560585,False,False,5,ValueBidder=413.83 | PacingBidder=413.83 | CTRBidder=14.38 | ThresholdBidder=11.99 | FixedBidder=1.50
876,PacingBidder,627.8620575817025,627.8620575817023,False,False,5,PacingBidder=627.86 | ValueBidder=627.86 | CTRBidder=17.72 | ThresholdBidder=14.77 | FixedBidder=1.50
877,ValueBidder,649.9681723206191,649.9681723206189,True,False,5,ValueBidder=649.97 | PacingBidder=649.97 | CTRBidder=18.03 | ThresholdBidder=15.02 | FixedBidder=1.50
878,ValueBidder,470.8234498695319,470.8234498695319,True,False,5,ValueBidder=470.82 | PacingBidder=470.82 | CTRBidder=15.34 | ThresholdBidder=12.79 | FixedBidder=1.50
879,PacingBidder,423.1372216070585,423.13722160705834,False,False,5,PacingBidder=423.14 | ValueBidder=423.14 | CTRBidder=14.55 | ThresholdBidder=12.12 | FixedBidder=1.50
880,ValueBidder,335.2581212410689,335.25812124106875,False,False,5,ValueBidder=335.26 | PacingBidder=335.26 | CTRBidder=12.95 | ThresholdBidder=10.79 | FixedBidder=1.50
881,ValueBidder,487.9666755904139,487.9666755904137,True,False,5,ValueBidder=487.97 | PacingBidder=487.97 | CTRBidder=15.62 | ThresholdBidder=13.02 | FixedBidder=1.50
882,ValueBidder,460.9164537103966,460.9164537103966,False,False,5,ValueBidder=460.92 | PacingBidder=460.92 | CTRBidder=15.18 | ThresholdBidder=12.65 | FixedBidder=1.50
883,ValueBidder,50.660398594234245,50.66039859423422,False,False,5,ValueBidder=50.66 | PacingBidder=50.66 | CTRBidder=5.03 | ThresholdBidder=4.19 | FixedBidder=1.50
884,PacingBidder,217.48975447245942,217.48975447245934,False,False,5,PacingBidder=217.49 | ValueBidder=217.49 | CTRBidder=10.43 | ThresholdBidder=8.69 | FixedBidder=1.50
885,PacingBidder,152.2714645051999,152.27146450519976,True,False,5,PacingBidder=152.27 | ValueBidder=152.27 | CTRBidder=8.73 | ThresholdBidder=7.27 | FixedBidder=1.50
886,ValueBidder,564.9887351042973,564.9887351042973,True,False,5,ValueBidder=564.99 | PacingBidder=564.99 | CTRBidder=16.81 | ThresholdBidder=14.01 | FixedBidder=1.50
887,ValueBidder,178.7318490903698,178.7318490903698,True,False,5,ValueBidder=178.73 | PacingBidder=178.73 | CTRBidder=9.45 | ThresholdBidder=7.88 | FixedBidder=1.50
888,PacingBidder,298.3038479547685,298.3038479547684,False,False,5,PacingBidder=298.30 | ValueBidder=298.30 | CTRBidder=12.21 | ThresholdBidder=10.18 | FixedBidder=1.50
889,PacingBidder,601.6722816855665,601.6722816855663,True,False,5,PacingBidder=601.67 | ValueBidder=601.67 | CTRBidder=17.34 | ThresholdBidder=14.45 | FixedBidder=1.50
890,ValueBidder,503.7378438128487,503.7378438128487,False,False,5,ValueBidder=503.74 | PacingBidder=503.74 | CTRBidder=15.87 | ThresholdBidder=13.23 | FixedBidder=1.50
891,PacingBidder,433.2876975430865,433.2876975430861,True,False,5,PacingBidder=433.29 | ValueBidder=433.29 | CTRBidder=14.72 | ThresholdBidder=12.27 | FixedBidder=1.50
892,ValueBidder,339.00042722065575,339.00042722065575,False,False,5,ValueBidder=339.00 | PacingBidder=339.00 | CTRBidder=13.02 | ThresholdBidder=10.85 | FixedBidder=1.50
893,PacingBidder,245.81865612157654,245.81865612157642,False,False,5,PacingBidder=245.82 | ValueBidder=245.82 | CTRBidder=11.09 | ThresholdBidder=9.24 | FixedBidder=1.50
894,ValueBidder,199.20928063045457,199.20928063045446,False,False,5,ValueBidder=199.21 | PacingBidder=199.21 | CTRBidder=9.98 | ThresholdBidder=8.32 | FixedBidder=1.50
895,ValueBidder,593.704329340014,593.7043293400137,True,False,5,ValueBidder=593.70 | PacingBidder=593.70 | CTRBidder=17.23 | ThresholdBidder=14.36 | FixedBidder=1.50
896,ValueBidder,323.4479142030201,323.4479142030201,False,False,5,ValueBidder=323.45 | PacingBidder=323.45 | CTRBidder=12.72 | ThresholdBidder=10.60 | FixedBidder=1.50
897,ValueBidder,277.32290485704266,277.32290485704266,False,False,5,ValueBidder=277.32 | PacingBidder=277.32 | CTRBidder=11.78 | ThresholdBidder=9.81 | FixedBidder=1.50
898,PacingBidder,299.5891994294914,299.5891994294909,False,False,5,PacingBidder=299.59 | ValueBidder=299.59 | CTRBidder=12.24 | ThresholdBidder=10.20 | FixedBidder=1.50
899,ValueBidder,264.07633730384237,264.07633730384225,False,False,5,ValueBidder=264.08 | PacingBidder=264.08 | CTRBidder=11.49 | ThresholdBidder=9.58 | FixedBidder=1.50
900,PacingBidder,435.5259042004889,435.52590420048875,False,False,5,PacingBidder=435.53 | ValueBidder=435.53 | CTRBidder=14.76 | ThresholdBidder=12.30 | FixedBidder=1.50
901,PacingBidder,508.9395631651866,508.9395631651863,False,False,5,PacingBidder=508.94 | ValueBidder=508.94 | CTRBidder=15.95 | ThresholdBidder=13.29 | FixedBidder=1.50
902,ValueBidder,616.9848477600447,616.9848477600447,False,False,5,ValueBidder=616.98 | PacingBidder=616.98 | CTRBidder=17.56 | ThresholdBidder=14.64 | FixedBidder=1.50
903,ValueBidder,141.57647729694233,141.57647729694233,True,False,5,ValueBidder=141.58 | PacingBidder=141.58 | CTRBidder=8.41 | ThresholdBidder=7.01 | FixedBidder=1.50
904,PacingBidder,423.64875381860935,423.6487538186092,True,False,5,PacingBidder=423.65 | ValueBidder=423.65 | CTRBidder=14.55 | ThresholdBidder=12.13 | FixedBidder=1.50
905,ValueBidder,464.30271349357355,464.30271349357355,True,False,5,ValueBidder=464.30 | PacingBidder=464.30 | CTRBidder=15.24 | ThresholdBidder=12.70 | FixedBidder=1.50
906,PacingBidder,393.6591287617238,393.6591287617235,False,False,5,PacingBidder=393.66 | ValueBidder=393.66 | CTRBidder=14.03 | ThresholdBidder=11.69 | FixedBidder=1.50
907,PacingBidder,506.60458251890793,506.60458251890736,False,False,5,PacingBidder=506.60 | ValueBidder=506.60 | CTRBidder=15.92 | ThresholdBidder=13.26 | FixedBidder=1.50
908,ValueBidder,543.0991107763889,543.0991107763889,False,False,5,ValueBidder=543.10 | PacingBidder=543.10 | CTRBidder=16.48 | ThresholdBidder=13.73 | FixedBidder=1.50
909,ValueBidder,641.1913927002856,641.1913927002854,True,False,5,ValueBidder=641.19 | PacingBidder=641.19 | CTRBidder=17.91 | ThresholdBidder=14.92 | FixedBidder=1.50
910,ValueBidder,442.28024953362257,442.28024953362257,True,False,5,ValueBidder=442.28 | PacingBidder=442.28 | CTRBidder=14.87 | ThresholdBidder=12.39 | FixedBidder=1.50
911,ValueBidder,383.42825335344236,383.4282533534422,True,False,5,ValueBidder=383.43 | PacingBidder=383.43 | CTRBidder=13.85 | ThresholdBidder=11.54 | FixedBidder=1.50
912,ValueBidder,385.04641100459486,385.0464110045946,False,False,5,ValueBidder=385.05 | PacingBidder=385.05 | CTRBidder=13.88 | ThresholdBidder=11.56 | FixedBidder=1.50
913,ValueBidder,292.06522420094456,292.06522420094456,True,False,5,ValueBidder=292.07 | PacingBidder=292.07 | CTRBidder=12.08 | ThresholdBidder=10.07 | FixedBidder=1.50
914,ValueBidder,502.42898287111524,502.42898287111524,False,False,5,ValueBidder=502.43 | PacingBidder=502.43 | CTRBidder=15.85 | ThresholdBidder=13.21 | FixedBidder=1.50
915,PacingBidder,236.63816903336172,236.63816903336135,False,False,5,PacingBidder=236.64 | ValueBidder=236.64 | CTRBidder=10.88 | ThresholdBidder=9.06 | FixedBidder=1.50
916,PacingBidder,396.4808998768238,396.4808998768237,False,False,5,PacingBidder=396.48 | ValueBidder=396.48 | CTRBidder=14.08 | ThresholdBidder=11.73 | FixedBidder=1.50
917,ValueBidder,542.3340032948729,542.3340032948727,True,False,5,ValueBidder=542.33 | PacingBidder=542.33 | CTRBidder=16.47 | ThresholdBidder=13.72 | FixedBidder=1.50
918,ValueBidder,247.21301487194353,247.21301487194341,False,False,5,ValueBidder=247.21 | PacingBidder=247.21 | CTRBidder=11.12 | ThresholdBidder=9.26 | FixedBidder=1.50
919,PacingBidder,263.61398490008827,263.6139849000882,True,False,5,PacingBidder=263.61 | ValueBidder=263.61 | CTRBidder=11.48 | ThresholdBidder=9.57 | FixedBidder=1.50
920,PacingBidder,322.19805508642094,322.19805508642065,True,False,5,PacingBidder=322.20 | ValueBidder=322.20 | CTRBidder=12.69 | ThresholdBidder=10.58 | FixedBidder=1.50
921,ValueBidder,642.8594924489247,642.8594924489247,True,False,5,ValueBidder=642.86 | PacingBidder=642.86 | CTRBidder=17.93 | ThresholdBidder=14.94 | FixedBidder=1.50
922,PacingBidder,372.15127232722034,372.1512723272201,True,False,5,PacingBidder=372.15 | ValueBidder=372.15 | CTRBidder=13.64 | ThresholdBidder=11.37 | FixedBidder=1.50
923,PacingBidder,287.57107420767267,287.57107420767255,True,False,5,PacingBidder=287.57 | ValueBidder=287.57 | CTRBidder=11.99 | ThresholdBidder=9.99 | FixedBidder=1.50
924,ValueBidder,467.4938385157675,467.49383851576727,False,False,5,ValueBidder=467.49 | PacingBidder=467.49 | CTRBidder=15.29 | ThresholdBidder=12.74 | FixedBidder=1.50
925,PacingBidder,199.619667377977,199.61966737797692,False,False,5,PacingBidder=199.62 | ValueBidder=199.62 | CTRBidder=9.99 | ThresholdBidder=8.33 | FixedBidder=1.50
926,ValueBidder,247.07592476501873,247.07592476501873,True,False,5,ValueBidder=247.08 | PacingBidder=247.08 | CTRBidder=11.11 | ThresholdBidder=9.26 | FixedBidder=1.50
927,PacingBidder,249.0506085421863,249.05060854218624,False,False,5,PacingBidder=249.05 | ValueBidder=249.05 | CTRBidder=11.16 | ThresholdBidder=9.30 | FixedBidder=1.50
928,PacingBidder,615.4478450672792,615.447845067279,True,False,5,PacingBidder=615.45 | ValueBidder=615.45 | CTRBidder=17.54 | ThresholdBidder=14.62 | FixedBidder=1.50
929,PacingBidder,333.0029484266611,333.00294842666085,True,False,5,PacingBidder=333.00 | ValueBidder=333.00 | CTRBidder=12.90 | ThresholdBidder=10.75 | FixedBidder=1.50
930,ValueBidder,300.0154136895048,300.0154136895048,False,False,5,ValueBidder=300.02 | PacingBidder=300.02 | CTRBidder=12.25 | ThresholdBidder=10.21 | FixedBidder=1.50
931,PacingBidder,478.1945427720849,478.1945427720847,False,False,5,PacingBidder=478.19 | ValueBidder=478.19 | CTRBidder=15.46 | ThresholdBidder=12.89 | FixedBidder=1.50
932,ValueBidder,429.45210718991,429.45210718991,False,False,5,ValueBidder=429.45 | PacingBidder=429.45 | CTRBidder=14.65 | ThresholdBidder=12.21 | FixedBidder=1.50
933,ValueBidder,396.7345703935277,396.73457039352763,True,False,5,ValueBidder=396.73 | PacingBidder=396.73 | CTRBidder=14.08 | ThresholdBidder=11.74 | FixedBidder=1.50
934,ValueBidder,676.9350160746002,676.9350160746002,False,False,5,ValueBidder=676.94 | PacingBidder=676.94 | CTRBidder=18.40 | ThresholdBidder=15.33 | FixedBidder=1.50
935,ValueBidder,380.8417309777682,380.84173097776807,True,False,5,ValueBidder=380.84 | PacingBidder=380.84 | CTRBidder=13.80 | ThresholdBidder=11.50 | FixedBidder=1.50
936,PacingBidder,411.94377006800596,411.94377006800585,True,False,5,PacingBidder=411.94 | ValueBidder=411.94 | CTRBidder=14.35 | ThresholdBidder=11.96 | FixedBidder=1.50
937,PacingBidder,251.37010945804195,251.37010945804172,False,False,5,PacingBidder=251.37 | ValueBidder=251.37 | CTRBidder=11.21 | ThresholdBidder=9.34 | FixedBidder=1.50
938,ValueBidder,252.2484729123354,252.2484729123351,True,False,5,ValueBidder=252.25 | PacingBidder=252.25 | CTRBidder=11.23 | ThresholdBidder=9.36 | FixedBidder=1.50
939,PacingBidder,260.13601148753554,260.1360114875354,False,False,5,PacingBidder=260.14 | ValueBidder=260.14 | CTRBidder=11.40 | ThresholdBidder=9.50 | FixedBidder=1.50
940,PacingBidder,421.6554338435558,421.65543384355556,True,False,5,PacingBidder=421.66 | ValueBidder=421.66 | CTRBidder=14.52 | ThresholdBidder=12.10 | FixedBidder=1.50
941,PacingBidder,541.0780050846193,541.0780050846191,False,False,5,PacingBidder=541.08 | ValueBidder=541.08 | CTRBidder=16.45 | ThresholdBidder=13.71 | FixedBidder=1.50
942,ValueBidder,364.6469929239148,364.6469929239148,True,False,5,ValueBidder=364.65 | PacingBidder=364.65 | CTRBidder=13.50 | ThresholdBidder=11.25 | FixedBidder=1.50
943,ValueBidder,456.5522321224165,456.5522321224165,True,False,5,ValueBidder=456.55 | PacingBidder=456.55 | CTRBidder=15.11 | ThresholdBidder=12.59 | FixedBidder=1.50
944,PacingBidder,339.7805354482039,339.7805354482038,False,False,5,PacingBidder=339.78 | ValueBidder=339.78 | CTRBidder=13.03 | ThresholdBidder=10.86 | FixedBidder=1.50
945,ValueBidder,131.65600574957577,131.65600574957577,True,False,5,ValueBidder=131.66 | PacingBidder=131.66 | CTRBidder=8.11 | ThresholdBidder=6.76 | FixedBidder=1.50
946,ValueBidder,475.7510368443165,475.7510368443165,False,False,5,ValueBidder=475.75 | PacingBidder=475.75 | CTRBidder=15.42 | ThresholdBidder=12.85 | FixedBidder=1.50
947,PacingBidder,522.5019844331341,522.5019844331339,True,False,5,PacingBidder=522.50 | ValueBidder=522.50 | CTRBidder=16.16 | ThresholdBidder=13.47 | FixedBidder=1.50
948,ValueBidder,557.1240392831166,557.1240392831164,False,False,5,ValueBidder=557.12 | PacingBidder=557.12 | CTRBidder=16.69 | ThresholdBidder=13.91 | FixedBidder=1.50
949,ValueBidder,642.3407822805626,642.3407822805626,False,False,5,ValueBidder=642.34 | PacingBidder=642.34 | CTRBidder=17.92 | ThresholdBidder=14.93 | FixedBidder=1.50
950,ValueBidder,503.32620658170026,503.32620658170026,True,False,5,ValueBidder=503.33 | PacingBidder=503.33 | CTRBidder=15.86 | ThresholdBidder=13.22 | FixedBidder=1.50
951,ValueBidder,322.2924035558219,322.29240355582175,False,False,5,ValueBidder=322.29 | PacingBidder=322.29 | CTRBidder=12.69 | ThresholdBidder=10.58 | FixedBidder=1.50
952,ValueBidder,220.78647782908592,220.78647782908592,True,False,5,ValueBidder=220.79 | PacingBidder=220.79 | CTRBidder=10.51 | ThresholdBidder=8.76 | FixedBidder=1.50
953,PacingBidder,446.619444030027,446.6194440300269,False,False,5,PacingBidder=446.62 | ValueBidder=446.62 | CTRBidder=14.94 | ThresholdBidder=12.45 | FixedBidder=1.50
954,PacingBidder,379.3173985945414,379.3173985945412,True,False,5,PacingBidder=379.32 | ValueBidder=379.32 | CTRBidder=13.77 | ThresholdBidder=11.48 | FixedBidder=1.50
955,ValueBidder,449.6143993393975,449.6143993393975,False,False,5,ValueBidder=449.61 | PacingBidder=449.61 | CTRBidder=14.99 | ThresholdBidder=12.49 | FixedBidder=1.50
956,ValueBidder,520.198192411122,520.1981924111218,True,False,5,ValueBidder=520.20 | PacingBidder=520.20 | CTRBidder=16.13 | ThresholdBidder=13.44 | FixedBidder=1.50
957,PacingBidder,621.519579737944,621.5195797379438,False,False,5,PacingBidder=621.52 | ValueBidder=621.52 | CTRBidder=17.63 | ThresholdBidder=14.69 | FixedBidder=1.50
958,PacingBidder,247.1057933848488,247.10579338484874,True,False,5,PacingBidder=247.11 | ValueBidder=247.11 | CTRBidder=11.12 | ThresholdBidder=9.26 | FixedBidder=1.50
959,ValueBidder,451.8440695907015,451.8440695907013,True,False,5,ValueBidder=451.84 | PacingBidder=451.84 | CTRBidder=15.03 | ThresholdBidder=12.53 | FixedBidder=1.50
960,ValueBidder,478.5327598299141,478.5327598299141,True,False,5,ValueBidder=478.53 | PacingBidder=478.53 | CTRBidder=15.47 | ThresholdBidder=12.89 | FixedBidder=1.50
961,ValueBidder,501.0180726738743,501.0180726738741,False,False,5,ValueBidder=501.02 | PacingBidder=501.02 | CTRBidder=15.83 | ThresholdBidder=13.19 | FixedBidder=1.50
962,ValueBidder,383.72186979484536,383.7218697948453,False,False,5,ValueBidder=383.72 | PacingBidder=383.72 | CTRBidder=13.85 | ThresholdBidder=11.54 | FixedBidder=1.50
963,PacingBidder,256.95789169570907,256.9578916957089,False,False,5,PacingBidder=256.96 | ValueBidder=256.96 | CTRBidder=11.33 | ThresholdBidder=9.45 | FixedBidder=1.50
964,ValueBidder,552.8380461210495,552.8380461210495,True,False,5,ValueBidder=552.84 | PacingBidder=552.84 | CTRBidder=16.63 | ThresholdBidder=13.85 | FixedBidder=1.50
965,ValueBidder,570.7857504854047,570.7857504854043,False,False,5,ValueBidder=570.79 | PacingBidder=570.79 | CTRBidder=16.89 | ThresholdBidder=14.08 | FixedBidder=1.50
966,PacingBidder,522.3338841804716,522.3338841804715,False,False,5,PacingBidder=522.33 | ValueBidder=522.33 | CTRBidder=16.16 | ThresholdBidder=13.47 | FixedBidder=1.50
967,ValueBidder,450.1498870662559,450.1498870662559,True,False,5,ValueBidder=450.15 | PacingBidder=450.15 | CTRBidder=15.00 | ThresholdBidder=12.50 | FixedBidder=1.50
968,ValueBidder,413.54643597581355,413.54643597581355,False,False,5,ValueBidder=413.55 | PacingBidder=413.55 | CTRBidder=14.38 | ThresholdBidder=11.98 | FixedBidder=1.50
969,PacingBidder,604.4740667188553,604.4740667188546,False,False,5,PacingBidder=604.47 | ValueBidder=604.47 | CTRBidder=17.38 | ThresholdBidder=14.49 | FixedBidder=1.50
970,ValueBidder,266.7566999438449,266.7566999438449,False,False,5,ValueBidder=266.76 | PacingBidder=266.76 | CTRBidder=11.55 | ThresholdBidder=9.62 | FixedBidder=1.50
971,ValueBidder,120.43970531364553,120.43970531364553,False,False,5,ValueBidder=120.44 | PacingBidder=120.44 | CTRBidder=7.76 | ThresholdBidder=6.47 | FixedBidder=1.50
972,ValueBidder,650.5090971140146,650.5090971140145,False,False,5,ValueBidder=650.51 | PacingBidder=650.51 | CTRBidder=18.03 | ThresholdBidder=15.03 | FixedBidder=1.50
973,ValueBidder,346.9624162021265,346.9624162021265,True,False,5,ValueBidder=346.96 | PacingBidder=346.96 | CTRBidder=13.17 | ThresholdBidder=10.98 | FixedBidder=1.50
974,ValueBidder,621.6515828906148,621.6515828906148,False,False,5,ValueBidder=621.65 | PacingBidder=621.65 | CTRBidder=17.63 | ThresholdBidder=14.69 | FixedBidder=1.50
975,ValueBidder,535.9434952659112,535.9434952659108,True,False,5,ValueBidder=535.94 | PacingBidder=535.94 | CTRBidder=16.37 | ThresholdBidder=13.64 | FixedBidder=1.50
976,ValueBidder,441.40649486258945,441.4064948625894,True,False,5,ValueBidder=441.41 | PacingBidder=441.41 | CTRBidder=14.86 | ThresholdBidder=12.38 | FixedBidder=1.50
977,ValueBidder,298.347190043921,298.347190043921,True,False,5,ValueBidder=298.35 | PacingBidder=298.35 | CTRBidder=12.21 | ThresholdBidder=10.18 | FixedBidder=1.50
978,PacingBidder,281.7328493829214,281.7328493829211,False,False,5,PacingBidder=281.73 | ValueBidder=281.73 | CTRBidder=11.87 | ThresholdBidder=9.89 | FixedBidder=1.50
979,PacingBidder,503.4702459666,503.47024596659986,False,False,5,PacingBidder=503.47 | ValueBidder=503.47 | CTRBidder=15.87 | ThresholdBidder=13.22 | FixedBidder=1.50
980,ValueBidder,556.7768672355003,556.7768672355,True,False,5,ValueBidder=556.78 | PacingBidder=556.78 | CTRBidder=16.68 | ThresholdBidder=13.90 | FixedBidder=1.50
981,ValueBidder,99.54577766093755,99.54577766093755,True,False,5,ValueBidder=99.55 | PacingBidder=99.55 | CTRBidder=7.05 | ThresholdBidder=5.88 | FixedBidder=1.50
982,ValueBidder,211.3494519066943,211.3494519066943,False,False,5,ValueBidder=211.35 | PacingBidder=211.35 | CTRBidder=10.28 | ThresholdBidder=8.57 | FixedBidder=1.50
983,ValueBidder,507.9962709016733,507.9962709016733,True,False,5,ValueBidder=508.00 | PacingBidder=508.00 | CTRBidder=15.94 | ThresholdBidder=13.28 | FixedBidder=1.50
984,ValueBidder,427.10620525634766,427.10620525634766,True,False,5,ValueBidder=427.11 | PacingBidder=427.11 | CTRBidder=14.61 | ThresholdBidder=12.18 | FixedBidder=1.50
985,ValueBidder,512.0214849087832,512.0214849087832,False,False,5,ValueBidder=512.02 | PacingBidder=512.02 | CTRBidder=16.00 | ThresholdBidder=13.33 | FixedBidder=1.50
986,PacingBidder,397.19079580944856,397.19079580944845,False,False,5,PacingBidder=397.19 | ValueBidder=397.19 | CTRBidder=14.09 | ThresholdBidder=11.74 | FixedBidder=1.50
987,ValueBidder,216.5484342136329,216.54843421363282,True,False,5,ValueBidder=216.55 | PacingBidder=216.55 | CTRBidder=10.41 | ThresholdBidder=8.67 | FixedBidder=1.50
988,PacingBidder,329.10224216126477,329.1022421612645,False,False,5,PacingBidder=329.10 | ValueBidder=329.10 | CTRBidder=12.83 | ThresholdBidder=10.69 | FixedBidder=1.50
989,ValueBidder,413.93594990280246,413.93594990280246,False,False,5,ValueBidder=413.94 | PacingBidder=413.94 | CTRBidder=14.39 | ThresholdBidder=11.99 | FixedBidder=1.50
990,ValueBidder,151.87802619274987,151.87802619274984,True,False,5,ValueBidder=151.88 | PacingBidder=151.88 | CTRBidder=8.71 | ThresholdBidder=7.26 | FixedBidder=1.50
991,ValueBidder,200.90750227732622,200.90750227732607,True,False,5,ValueBidder=200.91 | PacingBidder=200.91 | CTRBidder=10.02 | ThresholdBidder=8.35 | FixedBidder=1.50
992,ValueBidder,400.1229731462665,400.1229731462665,True,False,5,ValueBidder=400.12 | PacingBidder=400.12 | CTRBidder=14.14 | ThresholdBidder=11.79 | FixedBidder=1.50
993,ValueBidder,413.0607525773392,413.0607525773392,True,False,5,ValueBidder=413.06 | PacingBidder=413.06 | CTRBidder=14.37 | ThresholdBidder=11.98 | FixedBidder=1.50
994,PacingBidder,345.7040564217701,345.70405642176985,False,False,5,PacingBidder=345.70 | ValueBidder=345.70 | CTRBidder=13.15 | ThresholdBidder=10.96 | FixedBidder=1.50
995,PacingBidder,159.98139494376613,159.98139494376605,False,False,5,PacingBidder=159.98 | ValueBidder=159.98 | CTRBidder=8.94 | ThresholdBidder=7.45 | FixedBidder=1.50
996,PacingBidder,634.0872847129543,634.087284712954,False,False,5,PacingBidder=634.09 | ValueBidder=634.09 | CTRBidder=17.81 | ThresholdBidder=14.84 | FixedBidder=1.50
997,ValueBidder,588.7040778333893,588.704077833389,False,False,5,ValueBidder=588.70 | PacingBidder=588.70 | CTRBidder=17.16 | ThresholdBidder=14.30 | FixedBidder=1.50
998,ValueBidder,641.2882007616037,641.2882007616037,True,False,5,ValueBidder=641.29 | PacingBidder=641.29 | CTRBidder=17.91 | ThresholdBidder=14.92 | FixedBidder=1.50
999,ValueBidder,268.594527470873,268.59452747087283,True,False,5,ValueBidder=268.59 | PacingBidder=268.59 | CTRBidder=11.59 | ThresholdBidder=9.66 | FixedBidder=1.50
1000,ValueBidder,517.3174839995179,517.3174839995177,True,False,5,ValueBidder=517.32 | PacingBidder=517.32 | CTRBidder=16.08 | ThresholdBidder=13.40 | FixedBidder=1.50
1001,PacingBidder,692.880553898225,692.8805538982249,False,False,5,PacingBidder=692.88 | ValueBidder=692.88 | CTRBidder=18.61 | ThresholdBidder=15.51 | FixedBidder=1.50
1002,ValueBidder,580.7911186561452,580.7911186561449,False,False,5,ValueBidder=580.79 | PacingBidder=580.79 | CTRBidder=17.04 | ThresholdBidder=14.20 | FixedBidder=1.50
1003,ValueBidder,206.82044261317373,206.82044261317373,False,False,5,ValueBidder=206.82 | PacingBidder=206.82 | CTRBidder=10.17 | ThresholdBidder=8.47 | FixedBidder=1.50
1004,PacingBidder,397.8168446267517,397.8168446267515,True,False,5,PacingBidder=397.82 | ValueBidder=397.82 | CTRBidder=14.10 | ThresholdBidder=11.75 | FixedBidder=1.50
1005,PacingBidder,586.0266145211193,586.026614521119,False,False,5,PacingBidder=586.03 | ValueBidder=586.03 | CTRBidder=17.12 | ThresholdBidder=14.26 | FixedBidder=1.50
1006,PacingBidder,415.151831595074,415.1518315950739,False,False,5,PacingBidder=415.15 | ValueBidder=415.15 | CTRBidder=14.41 | ThresholdBidder=12.01 | FixedBidder=1.50
1007,ValueBidder,375.75546202935385,375.75546202935374,False,False,5,ValueBidder=375.76 | PacingBidder=375.76 | CTRBidder=13.71 | ThresholdBidder=11.42 | FixedBidder=1.50
1008,ValueBidder,658.1908372934496,658.1908372934491,True,False,5,ValueBidder=658.19 | PacingBidder=658.19 | CTRBidder=18.14 | ThresholdBidder=15.12 | FixedBidder=1.50
1009,ValueBidder,372.6128065628242,372.6128065628242,False,False,5,ValueBidder=372.61 | PacingBidder=372.61 | CTRBidder=13.65 | ThresholdBidder=11.37 | FixedBidder=1.50
1010,ValueBidder,352.72873752647797,352.7287375264777,False,False,5,ValueBidder=352.73 | PacingBidder=352.73 | CTRBidder=13.28 | ThresholdBidder=11.07 | FixedBidder=1.50
1011,ValueBidder,365.0786588730753,365.07865887307514,True,False,5,ValueBidder=365.08 | PacingBidder=365.08 | CTRBidder=13.51 | ThresholdBidder=11.26 | FixedBidder=1.50
1012,ValueBidder,216.60544569245184,216.60544569245175,False,False,5,ValueBidder=216.61 | PacingBidder=216.61 | CTRBidder=10.41 | ThresholdBidder=8.67 | FixedBidder=1.50
1013,ValueBidder,407.5849677335477,407.58496773354767,False,False,5,ValueBidder=407.58 | PacingBidder=407.58 | CTRBidder=14.28 | ThresholdBidder=11.90 | FixedBidder=1.50
1014,ValueBidder,501.8535619996307,501.8535619996305,True,False,5,ValueBidder=501.85 | PacingBidder=501.85 | CTRBidder=15.84 | ThresholdBidder=13.20 | FixedBidder=1.50
1015,ValueBidder,61.42319525456723,61.42319525456722,True,False,5,ValueBidder=61.42 | PacingBidder=61.42 | CTRBidder=5.54 | ThresholdBidder=4.62 | FixedBidder=1.50
1016,ValueBidder,245.35001479477918,245.35001479477913,False,False,5,ValueBidder=245.35 | PacingBidder=245.35 | CTRBidder=11.08 | ThresholdBidder=9.23 | FixedBidder=1.50
1017,PacingBidder,564.6298648856748,564.6298648856741,True,False,5,PacingBidder=564.63 | ValueBidder=564.63 | CTRBidder=16.80 | ThresholdBidder=14.00 | FixedBidder=1.50
1018,PacingBidder,220.82807513877685,220.82807513877677,False,False,5,PacingBidder=220.83 | ValueBidder=220.83 | CTRBidder=10.51 | ThresholdBidder=8.76 | FixedBidder=1.50
1019,ValueBidder,361.0987328446876,361.0987328446876,False,False,5,ValueBidder=361.10 | PacingBidder=361.10 | CTRBidder=13.44 | ThresholdBidder=11.20 | FixedBidder=1.50
1020,ValueBidder,363.1942218838686,363.1942218838686,True,False,5,ValueBidder=363.19 | PacingBidder=363.19 | CTRBidder=13.48 | ThresholdBidder=11.23 | FixedBidder=1.50
1021,ValueBidder,440.5405979910822,440.5405979910819,False,False,5,ValueBidder=440.54 | PacingBidder=440.54 | CTRBidder=14.84 | ThresholdBidder=12.37 | FixedBidder=1.50
1022,PacingBidder,373.228917034602,373.2289170346018,True,False,5,PacingBidder=373.23 | ValueBidder=373.23 | CTRBidder=13.66 | ThresholdBidder=11.38 | FixedBidder=1.50
1023,ValueBidder,586.3843254389881,586.3843254389878,True,False,5,ValueBidder=586.38 | PacingBidder=586.38 | CTRBidder=17.12 | ThresholdBidder=14.27 | FixedBidder=1.50
1024,PacingBidder,448.7363066992076,448.7363066992075,False,False,5,PacingBidder=448.74 | ValueBidder=448.74 | CTRBidder=14.98 | ThresholdBidder=12.48 | FixedBidder=1.50
1025,ValueBidder,395.2992097303588,395.2992097303588,False,False,5,ValueBidder=395.30 | PacingBidder=395.30 | CTRBidder=14.06 | ThresholdBidder=11.72 | FixedBidder=1.50
1026,ValueBidder,373.29786085760594,373.29786085760594,False,False,5,ValueBidder=373.30 | PacingBidder=373.30 | CTRBidder=13.66 | ThresholdBidder=11.38 | FixedBidder=1.50
1027,PacingBidder,408.58744388587155,408.5874438858713,True,False,5,PacingBidder=408.59 | ValueBidder=408.59 | CTRBidder=14.29 | ThresholdBidder=11.91 | FixedBidder=1.50
1028,ValueBidder,192.03518084779748,192.03518084779742,False,False,5,ValueBidder=192.04 | PacingBidder=192.04 | CTRBidder=9.80 | ThresholdBidder=8.17 | FixedBidder=1.50
1029,PacingBidder,149.12017819818558,149.12017819818547,True,False,5,PacingBidder=149.12 | ValueBidder=149.12 | CTRBidder=8.63 | ThresholdBidder=7.20 | FixedBidder=1.50
1030,ValueBidder,184.70776334951015,184.70776334951015,False,False,5,ValueBidder=184.71 | PacingBidder=184.71 | CTRBidder=9.61 | ThresholdBidder=8.01 | FixedBidder=1.50
1031,ValueBidder,442.74586485435566,442.74586485435566,False,False,5,ValueBidder=442.75 | PacingBidder=442.75 | CTRBidder=14.88 | ThresholdBidder=12.40 | FixedBidder=1.50
1032,ValueBidder,547.1099497449328,547.1099497449325,True,False,5,ValueBidder=547.11 | PacingBidder=547.11 | CTRBidder=16.54 | ThresholdBidder=13.78 | FixedBidder=1.50
1033,PacingBidder,307.7046596247406,307.7046596247402,True,False,5,PacingBidder=307.70 | ValueBidder=307.70 | CTRBidder=12.40 | ThresholdBidder=10.34 | FixedBidder=1.50
1034,PacingBidder,114.25802794769372,114.25802794769366,False,False,5,PacingBidder=114.26 | ValueBidder=114.26 | CTRBidder=7.56 | ThresholdBidder=6.30 | FixedBidder=1.50
1035,ValueBidder,278.684914958997,278.68491495899667,True,False,5,ValueBidder=278.68 | PacingBidder=278.68 | CTRBidder=11.80 | ThresholdBidder=9.84 | FixedBidder=1.50
1036,ValueBidder,475.4267907936067,475.4267907936067,True,False,5,ValueBidder=475.43 | PacingBidder=475.43 | CTRBidder=15.42 | ThresholdBidder=12.85 | FixedBidder=1.50
1037,ValueBidder,405.34602191367645,405.34602191367617,False,False,5,ValueBidder=405.35 | PacingBidder=405.35 | CTRBidder=14.24 | ThresholdBidder=11.86 | FixedBidder=1.50
1038,PacingBidder,207.0154005719816,207.01540057198142,False,False,5,PacingBidder=207.02 | ValueBidder=207.02 | CTRBidder=10.17 | ThresholdBidder=8.48 | FixedBidder=1.50
1039,ValueBidder,391.56559005321515,391.56559005321515,True,False,5,ValueBidder=391.57 | PacingBidder=391.57 | CTRBidder=13.99 | ThresholdBidder=11.66 | FixedBidder=1.50
1040,ValueBidder,303.73973700438364,303.7397370043835,False,False,5,ValueBidder=303.74 | PacingBidder=303.74 | CTRBidder=12.32 | ThresholdBidder=10.27 | FixedBidder=1.50
1041,PacingBidder,395.48820197914597,395.4882019791457,True,False,5,PacingBidder=395.49 | ValueBidder=395.49 | CTRBidder=14.06 | ThresholdBidder=11.72 | FixedBidder=1.50
1042,ValueBidder,364.3932384419227,364.3932384419225,True,True,5,ValueBidder=364.39 | PacingBidder=364.39 | CTRBidder=13.50 | ThresholdBidder=11.25 | FixedBidder=1.50
1043,PacingBidder,259.1099724309898,259.1099724309896,True,False,5,PacingBidder=259.11 | ValueBidder=259.11 | CTRBidder=11.38 | ThresholdBidder=9.49 | FixedBidder=1.50
1044,ValueBidder,336.11042879578804,336.1104287957877,True,False,5,ValueBidder=336.11 | PacingBidder=336.11 | CTRBidder=12.96 | ThresholdBidder=10.80 | FixedBidder=1.50
1045,ValueBidder,472.50720597968206,472.50720597968206,False,False,5,ValueBidder=472.51 | PacingBidder=472.51 | CTRBidder=15.37 | ThresholdBidder=12.81 | FixedBidder=1.50
1046,PacingBidder,659.849172687492,659.8491726874918,True,False,5,PacingBidder=659.85 | ValueBidder=659.85 | CTRBidder=18.16 | ThresholdBidder=15.14 | FixedBidder=1.50
1047,PacingBidder,281.01268465976267,281.01268465976256,False,False,5,PacingBidder=281.01 | ValueBidder=281.01 | CTRBidder=11.85 | ThresholdBidder=9.88 | FixedBidder=1.50
1048,ValueBidder,423.4968484228181,423.49684842281795,False,False,5,ValueBidder=423.50 | PacingBidder=423.50 | CTRBidder=14.55 | ThresholdBidder=12.13 | FixedBidder=1.50
1049,ValueBidder,655.8275659062431,655.8275659062431,False,False,5,ValueBidder=655.83 | PacingBidder=655.83 | CTRBidder=18.11 | ThresholdBidder=15.09 | FixedBidder=1.50
1050,ValueBidder,565.2390179452425,565.239017945242,True,False,5,ValueBidder=565.24 | PacingBidder=565.24 | CTRBidder=16.81 | ThresholdBidder=14.01 | FixedBidder=1.50
1051,ValueBidder,623.227094143186,623.2270941431856,True,False,5,ValueBidder=623.23 | PacingBidder=623.23 | CTRBidder=17.65 | ThresholdBidder=14.71 | FixedBidder=1.50
1052,ValueBidder,521.2184713625904,521.21847136259,True,False,5,ValueBidder=521.22 | PacingBidder=521.22 | CTRBidder=16.14 | ThresholdBidder=13.45 | FixedBidder=1.50
1053,ValueBidder,434.2417140768198,434.24171407681973,True,False,5,ValueBidder=434.24 | PacingBidder=434.24 | CTRBidder=14.74 | ThresholdBidder=12.28 | FixedBidder=1.50
1054,ValueBidder,265.79845970675467,265.79845970675456,False,False,5,ValueBidder=265.80 | PacingBidder=265.80 | CTRBidder=11.53 | ThresholdBidder=9.61 | FixedBidder=1.50
1055,ValueBidder,56.11771731216965,56.11771731216965,False,False,5,ValueBidder=56.12 | PacingBidder=56.12 | CTRBidder=5.30 | ThresholdBidder=4.41 | FixedBidder=1.50
1056,ValueBidder,368.27437513760157,368.27437513760157,False,False,5,ValueBidder=368.27 | PacingBidder=368.27 | CTRBidder=13.57 | ThresholdBidder=11.31 | FixedBidder=1.50
1057,ValueBidder,431.41091414957134,431.41091414957134,True,False,5,ValueBidder=431.41 | PacingBidder=431.41 | CTRBidder=14.69 | ThresholdBidder=12.24 | FixedBidder=1.50
1058,ValueBidder,680.2672741333419,680.2672741333413,False,False,5,ValueBidder=680.27 | PacingBidder=680.27 | CTRBidder=18.44 | ThresholdBidder=15.37 | FixedBidder=1.50
1059,PacingBidder,407.2461688500399,407.2461688500396,False,False,5,PacingBidder=407.25 | ValueBidder=407.25 | CTRBidder=14.27 | ThresholdBidder=11.89 | FixedBidder=1.50
1060,ValueBidder,634.4004324005844,634.400432400584,True,False,5,ValueBidder=634.40 | PacingBidder=634.40 | CTRBidder=17.81 | ThresholdBidder=14.84 | FixedBidder=1.50
1061,PacingBidder,338.53634814169874,338.5363481416986,True,False,5,PacingBidder=338.54 | ValueBidder=338.54 | CTRBidder=13.01 | ThresholdBidder=10.84 | FixedBidder=1.50
1062,ValueBidder,534.1124367335026,534.1124367335026,True,False,5,ValueBidder=534.11 | PacingBidder=534.11 | CTRBidder=16.34 | ThresholdBidder=13.62 | FixedBidder=1.50
1063,ValueBidder,297.9164395903707,297.91643959037054,False,False,5,ValueBidder=297.92 | PacingBidder=297.92 | CTRBidder=12.20 | ThresholdBidder=10.17 | FixedBidder=1.50
1064,PacingBidder,290.4858429213868,290.4858429213867,False,False,5,PacingBidder=290.49 | ValueBidder=290.49 | CTRBidder=12.05 | ThresholdBidder=10.04 | FixedBidder=1.50
1065,ValueBidder,109.46369812968847,109.46369812968844,False,False,5,ValueBidder=109.46 | PacingBidder=109.46 | CTRBidder=7.40 | ThresholdBidder=6.17 | FixedBidder=1.50
1066,ValueBidder,113.7492262249931,113.74922622499304,False,False,5,ValueBidder=113.75 | PacingBidder=113.75 | CTRBidder=7.54 | ThresholdBidder=6.28 | FixedBidder=1.50
1067,PacingBidder,362.3272790837711,362.32727908377103,False,False,5,PacingBidder=362.33 | ValueBidder=362.33 | CTRBidder=13.46 | ThresholdBidder=11.22 | FixedBidder=1.50
1068,ValueBidder,374.12124426708766,374.1212442670874,False,False,5,ValueBidder=374.12 | PacingBidder=374.12 | CTRBidder=13.68 | ThresholdBidder=11.40 | FixedBidder=1.50
1069,ValueBidder,585.8146162712476,585.8146162712474,True,False,5,ValueBidder=585.81 | PacingBidder=585.81 | CTRBidder=17.11 | ThresholdBidder=14.26 | FixedBidder=1.50
1070,PacingBidder,334.06268392820976,334.0626839282097,True,False,5,PacingBidder=334.06 | ValueBidder=334.06 | CTRBidder=12.92 | ThresholdBidder=10.77 | FixedBidder=1.50
1071,PacingBidder,395.7095366889291,395.70953668892895,False,False,5,PacingBidder=395.71 | ValueBidder=395.71 | CTRBidder=14.07 | ThresholdBidder=11.72 | FixedBidder=1.50
1072,ValueBidder,597.7147159704585,597.7147159704585,False,False,5,ValueBidder=597.71 | PacingBidder=597.71 | CTRBidder=17.29 | ThresholdBidder=14.41 | FixedBidder=1.50
1073,ValueBidder,427.5955995249501,427.5955995249501,True,False,5,ValueBidder=427.60 | PacingBidder=427.60 | CTRBidder=14.62 | ThresholdBidder=12.18 | FixedBidder=1.50
1074,ValueBidder,438.2835114211621,438.28351142116196,False,False,5,ValueBidder=438.28 | PacingBidder=438.28 | CTRBidder=14.80 | ThresholdBidder=12.34 | FixedBidder=1.50
1075,ValueBidder,443.29491595914595,443.29491595914584,True,False,5,ValueBidder=443.29 | PacingBidder=443.29 | CTRBidder=14.89 | ThresholdBidder=12.41 | FixedBidder=1.50
1076,ValueBidder,119.98308136429355,119.98308136429355,True,False,5,ValueBidder=119.98 | PacingBidder=119.98 | CTRBidder=7.75 | ThresholdBidder=6.45 | FixedBidder=1.50
1077,PacingBidder,337.6919603069434,337.6919603069433,True,False,5,PacingBidder=337.69 | ValueBidder=337.69 | CTRBidder=12.99 | ThresholdBidder=10.83 | FixedBidder=1.50
1078,ValueBidder,183.7682843471347,183.7682843471347,False,False,5,ValueBidder=183.77 | PacingBidder=183.77 | CTRBidder=9.59 | ThresholdBidder=7.99 | FixedBidder=1.50
1079,PacingBidder,415.29665301713214,415.2966530171319,False,False,5,PacingBidder=415.30 | ValueBidder=415.30 | CTRBidder=14.41 | ThresholdBidder=12.01 | FixedBidder=1.50
1080,ValueBidder,277.5470820780564,277.5470820780564,False,False,5,ValueBidder=277.55 | PacingBidder=277.55 | CTRBidder=11.78 | ThresholdBidder=9.82 | FixedBidder=1.50
1081,PacingBidder,556.4262037134924,556.4262037134923,True,False,5,PacingBidder=556.43 | ValueBidder=556.43 | CTRBidder=16.68 | ThresholdBidder=13.90 | FixedBidder=1.50
1082,ValueBidder,468.7686898448011,468.7686898448011,True,False,5,ValueBidder=468.77 | PacingBidder=468.77 | CTRBidder=15.31 | ThresholdBidder=12.76 | FixedBidder=1.50
1083,PacingBidder,572.0516788350799,572.0516788350795,False,False,5,PacingBidder=572.05 | ValueBidder=572.05 | CTRBidder=16.91 | ThresholdBidder=14.09 | FixedBidder=1.50
1084,PacingBidder,65.30808250652666,65.30808250652665,True,False,5,PacingBidder=65.31 | ValueBidder=65.31 | CTRBidder=5.71 | ThresholdBidder=4.76 | FixedBidder=1.50
1085,ValueBidder,336.5804679079035,336.58046790790337,False,False,5,ValueBidder=336.58 | PacingBidder=336.58 | CTRBidder=12.97 | ThresholdBidder=10.81 | FixedBidder=1.50
1086,ValueBidder,596.3549429754964,596.3549429754962,False,False,5,ValueBidder=596.35 | PacingBidder=596.35 | CTRBidder=17.27 | ThresholdBidder=14.39 | FixedBidder=1.50
1087,PacingBidder,413.08067587292265,413.0806758729224,True,False,5,PacingBidder=413.08 | ValueBidder=413.08 | CTRBidder=14.37 | ThresholdBidder=11.98 | FixedBidder=1.50
1088,PacingBidder,680.5027587765953,680.5027587765952,True,False,5,PacingBidder=680.50 | ValueBidder=680.50 | CTRBidder=18.45 | ThresholdBidder=15.37 | FixedBidder=1.50
1089,ValueBidder,534.7764911664173,534.7764911664173,True,False,5,ValueBidder=534.78 | PacingBidder=534.78 | CTRBidder=16.35 | ThresholdBidder=13.63 | FixedBidder=1.50
1090,ValueBidder,435.7111495703284,435.7111495703284,False,False,5,ValueBidder=435.71 | PacingBidder=435.71 | CTRBidder=14.76 | ThresholdBidder=12.30 | FixedBidder=1.50
1091,ValueBidder,286.3775894430382,286.37758944303806,False,False,5,ValueBidder=286.38 | PacingBidder=286.38 | CTRBidder=11.97 | ThresholdBidder=9.97 | FixedBidder=1.50
1092,PacingBidder,422.77806773281554,422.77806773281526,False,False,5,PacingBidder=422.78 | ValueBidder=422.78 | CTRBidder=14.54 | ThresholdBidder=12.12 | FixedBidder=1.50
1093,ValueBidder,158.75822227472904,158.75822227472904,False,False,5,ValueBidder=158.76 | PacingBidder=158.76 | CTRBidder=8.91 | ThresholdBidder=7.42 | FixedBidder=1.50
1094,PacingBidder,284.6980684849774,284.6980684849771,False,False,5,PacingBidder=284.70 | ValueBidder=284.70 | CTRBidder=11.93 | ThresholdBidder=9.94 | FixedBidder=1.50
1095,PacingBidder,405.8620625119511,405.86206251195097,False,False,5,PacingBidder=405.86 | ValueBidder=405.86 | CTRBidder=14.25 | ThresholdBidder=11.87 | FixedBidder=1.50
1096,PacingBidder,296.25781872726037,296.2578187272603,False,False,5,PacingBidder=296.26 | ValueBidder=296.26 | CTRBidder=12.17 | ThresholdBidder=10.14 | FixedBidder=1.50
1097,ValueBidder,519.8611600197024,519.8611600197024,False,False,5,ValueBidder=519.86 | PacingBidder=519.86 | CTRBidder=16.12 | ThresholdBidder=13.44 | FixedBidder=1.50
1098,ValueBidder,582.1494832317766,582.1494832317766,True,False,5,ValueBidder=582.15 | PacingBidder=582.15 | CTRBidder=17.06 | ThresholdBidder=14.22 | FixedBidder=1.50
1099,ValueBidder,544.7521235312871,544.7521235312871,True,False,5,ValueBidder=544.75 | PacingBidder=544.75 | CTRBidder=16.50 | ThresholdBidder=13.75 | FixedBidder=1.50
1100,ValueBidder,486.3700573060152,486.3700573060152,True,False,5,ValueBidder=486.37 | PacingBidder=486.37 | CTRBidder=15.59 | ThresholdBidder=13.00 | FixedBidder=1.50
1101,ValueBidder,311.9804628790015,311.98046287900127,False,False,5,ValueBidder=311.98 | PacingBidder=311.98 | CTRBidder=12.49 | ThresholdBidder=10.41 | FixedBidder=1.50
1102,PacingBidder,331.7717974410598,331.77179744105956,True,False,5,PacingBidder=331.77 | ValueBidder=331.77 | CTRBidder=12.88 | ThresholdBidder=10.73 | FixedBidder=1.50
1103,ValueBidder,440.48173459319185,440.48173459319185,True,False,5,ValueBidder=440.48 | PacingBidder=440.48 | CTRBidder=14.84 | ThresholdBidder=12.37 | FixedBidder=1.50
1104,ValueBidder,245.4418713048312,245.4418713048312,True,False,5,ValueBidder=245.44 | PacingBidder=245.44 | CTRBidder=11.08 | ThresholdBidder=9.23 | FixedBidder=1.50
1105,ValueBidder,441.39935745100547,441.3993574510053,True,False,5,ValueBidder=441.40 | PacingBidder=441.40 | CTRBidder=14.86 | ThresholdBidder=12.38 | FixedBidder=1.50
1106,PacingBidder,402.09940061702014,402.09940061701985,False,False,5,PacingBidder=402.10 | ValueBidder=402.10 | CTRBidder=14.18 | ThresholdBidder=11.82 | FixedBidder=1.50
1107,PacingBidder,291.7463609860784,291.7463609860782,False,False,5,PacingBidder=291.75 | ValueBidder=291.75 | CTRBidder=12.08 | ThresholdBidder=10.06 | FixedBidder=1.50
1108,ValueBidder,549.8675264395162,549.8675264395159,True,False,5,ValueBidder=549.87 | PacingBidder=549.87 | CTRBidder=16.58 | ThresholdBidder=13.82 | FixedBidder=1.50
1109,ValueBidder,252.07992899372317,252.079928993723,False,False,5,ValueBidder=252.08 | PacingBidder=252.08 | CTRBidder=11.23 | ThresholdBidder=9.36 | FixedBidder=1.50
1110,ValueBidder,510.9787397936053,510.9787397936053,False,False,5,ValueBidder=510.98 | PacingBidder=510.98 | CTRBidder=15.98 | ThresholdBidder=13.32 | FixedBidder=1.50
1111,PacingBidder,538.5161245973877,538.5161245973875,False,False,5,PacingBidder=538.52 | ValueBidder=538.52 | CTRBidder=16.41 | ThresholdBidder=13.67 | FixedBidder=1.50
1112,ValueBidder,537.5980215206456,537.5980215206454,True,False,5,ValueBidder=537.60 | PacingBidder=537.60 | CTRBidder=16.40 | ThresholdBidder=13.66 | FixedBidder=1.50
1113,ValueBidder,452.0768293771126,452.07682937711235,False,False,5,ValueBidder=452.08 | PacingBidder=452.08 | CTRBidder=15.03 | ThresholdBidder=12.53 | FixedBidder=1.50
1114,PacingBidder,301.0448450992419,301.04484509924185,False,False,5,PacingBidder=301.04 | ValueBidder=301.04 | CTRBidder=12.27 | ThresholdBidder=10.22 | FixedBidder=1.50
1115,ValueBidder,338.3064268154345,338.30642681543435,True,False,5,ValueBidder=338.31 | PacingBidder=338.31 | CTRBidder=13.01 | ThresholdBidder=10.84 | FixedBidder=1.50
1116,ValueBidder,463.2587938165862,463.258793816586,True,False,5,ValueBidder=463.26 | PacingBidder=463.26 | CTRBidder=15.22 | ThresholdBidder=12.68 | FixedBidder=1.50
1117,PacingBidder,273.4725819589445,273.4725819589444,True,False,5,PacingBidder=273.47 | ValueBidder=273.47 | CTRBidder=11.69 | ThresholdBidder=9.74 | FixedBidder=1.50
1118,ValueBidder,292.232225730069,292.232225730069,False,False,5,ValueBidder=292.23 | PacingBidder=292.23 | CTRBidder=12.09 | ThresholdBidder=10.07 | FixedBidder=1.50
1119,ValueBidder,621.1247453996926,621.1247453996922,True,False,5,ValueBidder=621.12 | PacingBidder=621.12 | CTRBidder=17.62 | ThresholdBidder=14.69 | FixedBidder=1.50
1120,ValueBidder,311.91130755062636,311.91130755062636,False,False,5,ValueBidder=311.91 | PacingBidder=311.91 | CTRBidder=12.49 | ThresholdBidder=10.41 | FixedBidder=1.50
1121,PacingBidder,192.86933989419438,192.86933989419424,True,False,5,PacingBidder=192.87 | ValueBidder=192.87 | CTRBidder=9.82 | ThresholdBidder=8.18 | FixedBidder=1.50
1122,ValueBidder,389.032909609237,389.03290960923687,True,False,5,ValueBidder=389.03 | PacingBidder=389.03 | CTRBidder=13.95 | ThresholdBidder=11.62 | FixedBidder=1.50
1123,ValueBidder,384.1116727087187,384.11167270871834,True,False,5,ValueBidder=384.11 | PacingBidder=384.11 | CTRBidder=13.86 | ThresholdBidder=11.55 | FixedBidder=1.50
1124,PacingBidder,570.5289609804787,570.5289609804784,True,False,5,PacingBidder=570.53 | ValueBidder=570.53 | CTRBidder=16.89 | ThresholdBidder=14.07 | FixedBidder=1.50
1125,PacingBidder,271.8245793937579,271.8245793937578,True,False,5,PacingBidder=271.82 | ValueBidder=271.82 | CTRBidder=11.66 | ThresholdBidder=9.72 | FixedBidder=1.50
1126,ValueBidder,464.7110181420554,464.7110181420552,True,False,5,ValueBidder=464.71 | PacingBidder=464.71 | CTRBidder=15.24 | ThresholdBidder=12.70 | FixedBidder=1.50
1127,PacingBidder,475.79119640721666,475.79119640721643,False,False,5,PacingBidder=475.79 | ValueBidder=475.79 | CTRBidder=15.42 | ThresholdBidder=12.85 | FixedBidder=1.50
1128,ValueBidder,516.2075243867484,516.2075243867484,False,False,5,ValueBidder=516.21 | PacingBidder=516.21 | CTRBidder=16.07 | ThresholdBidder=13.39 | FixedBidder=1.50
1129,PacingBidder,284.22002683446055,284.2200268344604,True,False,5,PacingBidder=284.22 | ValueBidder=284.22 | CTRBidder=11.92 | ThresholdBidder=9.93 | FixedBidder=1.50
1130,ValueBidder,75.72171801929574,75.72171801929566,False,False,5,ValueBidder=75.72 | PacingBidder=75.72 | CTRBidder=6.15 | ThresholdBidder=5.13 | FixedBidder=1.50
1131,ValueBidder,299.71861157071584,299.71861157071584,False,False,5,ValueBidder=299.72 | PacingBidder=299.72 | CTRBidder=12.24 | ThresholdBidder=10.20 | FixedBidder=1.50
1132,ValueBidder,352.8197963893475,352.81979638934746,True,False,5,ValueBidder=352.82 | PacingBidder=352.82 | CTRBidder=13.28 | ThresholdBidder=11.07 | FixedBidder=1.50
1133,ValueBidder,506.87309026784345,506.87309026784345,True,False,5,ValueBidder=506.87 | PacingBidder=506.87 | CTRBidder=15.92 | ThresholdBidder=13.27 | FixedBidder=1.50
1134,ValueBidder,424.7996831131289,424.79968311312876,False,False,5,ValueBidder=424.80 | PacingBidder=424.80 | CTRBidder=14.57 | ThresholdBidder=12.14 | FixedBidder=1.50
1135,ValueBidder,225.68742822300726,225.68742822300726,False,False,5,ValueBidder=225.69 | PacingBidder=225.69 | CTRBidder=10.62 | ThresholdBidder=8.85 | FixedBidder=1.50
1136,PacingBidder,468.14309303802116,468.143093038021,True,False,5,PacingBidder=468.14 | ValueBidder=468.14 | CTRBidder=15.30 | ThresholdBidder=12.75 | FixedBidder=1.50
1137,PacingBidder,431.5723443322644,431.5723443322643,False,False,5,PacingBidder=431.57 | ValueBidder=431.57 | CTRBidder=14.69 | ThresholdBidder=12.24 | FixedBidder=1.50
1138,PacingBidder,203.20901550527515,203.209015505275,True,False,5,PacingBidder=203.21 | ValueBidder=203.21 | CTRBidder=10.08 | ThresholdBidder=8.40 | FixedBidder=1.50
1139,ValueBidder,252.00783351395535,252.00783351395518,False,False,5,ValueBidder=252.01 | PacingBidder=252.01 | CTRBidder=11.23 | ThresholdBidder=9.35 | FixedBidder=1.50
1140,PacingBidder,471.2290740650784,471.2290740650782,True,False,5,PacingBidder=471.23 | ValueBidder=471.23 | CTRBidder=15.35 | ThresholdBidder=12.79 | FixedBidder=1.50
1141,PacingBidder,535.1269367657021,535.1269367657019,False,False,5,PacingBidder=535.13 | ValueBidder=535.13 | CTRBidder=16.36 | ThresholdBidder=13.63 | FixedBidder=1.50
1142,ValueBidder,542.3837340708734,542.3837340708731,True,False,5,ValueBidder=542.38 | PacingBidder=542.38 | CTRBidder=16.47 | ThresholdBidder=13.72 | FixedBidder=1.50
1143,PacingBidder,349.0216442996931,349.02164429969287,False,False,5,PacingBidder=349.02 | ValueBidder=349.02 | CTRBidder=13.21 | ThresholdBidder=11.01 | FixedBidder=1.50
1144,PacingBidder,222.5130229191719,222.51302291917168,True,False,5,PacingBidder=222.51 | ValueBidder=222.51 | CTRBidder=10.55 | ThresholdBidder=8.79 | FixedBidder=1.50
1145,ValueBidder,554.6973108876529,554.6973108876525,False,False,5,ValueBidder=554.70 | PacingBidder=554.70 | CTRBidder=16.65 | ThresholdBidder=13.88 | FixedBidder=1.50
1146,ValueBidder,428.6590243497594,428.6590243497594,False,False,5,ValueBidder=428.66 | PacingBidder=428.66 | CTRBidder=14.64 | ThresholdBidder=12.20 | FixedBidder=1.50
1147,PacingBidder,443.34555402666405,443.3455540266636,True,False,5,PacingBidder=443.35 | ValueBidder=443.35 | CTRBidder=14.89 | ThresholdBidder=12.41 | FixedBidder=1.50
1148,PacingBidder,570.1994105014143,570.199410501414,True,False,5,PacingBidder=570.20 | ValueBidder=570.20 | CTRBidder=16.88 | ThresholdBidder=14.07 | FixedBidder=1.50
1149,ValueBidder,377.0866969455738,377.0866969455738,True,False,5,ValueBidder=377.09 | PacingBidder=377.09 | CTRBidder=13.73 | ThresholdBidder=11.44 | FixedBidder=1.50
1150,ValueBidder,239.95864771581725,239.95864771581725,False,False,5,ValueBidder=239.96 | PacingBidder=239.96 | CTRBidder=10.95 | ThresholdBidder=9.13 | FixedBidder=1.50
1151,ValueBidder,555.6731758223419,555.6731758223417,True,False,5,ValueBidder=555.67 | PacingBidder=555.67 | CTRBidder=16.67 | ThresholdBidder=13.89 | FixedBidder=1.50
1152,ValueBidder,294.7128673366534,294.7128673366532,False,False,5,ValueBidder=294.71 | PacingBidder=294.71 | CTRBidder=12.14 | ThresholdBidder=10.12 | FixedBidder=1.50
1153,ValueBidder,707.7905848221042,707.7905848221038,False,False,5,ValueBidder=707.79 | PacingBidder=707.79 | CTRBidder=18.81 | ThresholdBidder=15.68 | FixedBidder=1.50
1154,ValueBidder,674.9858671591622,674.9858671591622,True,False,5,ValueBidder=674.99 | PacingBidder=674.99 | CTRBidder=18.37 | ThresholdBidder=15.31 | FixedBidder=1.50
1155,ValueBidder,495.10405923691343,495.10405923691343,False,False,5,ValueBidder=495.10 | PacingBidder=495.10 | CTRBidder=15.73 | ThresholdBidder=13.11 | FixedBidder=1.50
1156,ValueBidder,404.1851348673931,404.1851348673931,True,False,5,ValueBidder=404.19 | PacingBidder=404.19 | CTRBidder=14.22 | ThresholdBidder=11.85 | FixedBidder=1.50
1157,ValueBidder,489.9313877335398,489.9313877335398,True,False,5,ValueBidder=489.93 | PacingBidder=489.93 | CTRBidder=15.65 | ThresholdBidder=13.04 | FixedBidder=1.50
1158,ValueBidder,133.03637021477655,133.03637021477655,False,False,5,ValueBidder=133.04 | PacingBidder=133.04 | CTRBidder=8.16 | ThresholdBidder=6.80 | FixedBidder=1.50
1159,ValueBidder,594.6826915085358,594.6826915085355,True,False,5,ValueBidder=594.68 | PacingBidder=594.68 | CTRBidder=17.24 | ThresholdBidder=14.37 | FixedBidder=1.50
1160,ValueBidder,687.0271004136323,687.0271004136322,True,False,5,ValueBidder=687.03 | PacingBidder=687.03 | CTRBidder=18.53 | ThresholdBidder=15.45 | FixedBidder=1.50
1161,ValueBidder,522.7376932156055,522.7376932156053,True,False,5,ValueBidder=522.74 | PacingBidder=522.74 | CTRBidder=16.17 | ThresholdBidder=13.47 | FixedBidder=1.50
1162,ValueBidder,469.47930711693243,469.47930711693226,False,False,5,ValueBidder=469.48 | PacingBidder=469.48 | CTRBidder=15.32 | ThresholdBidder=12.77 | FixedBidder=1.50
1163,ValueBidder,657.5045943533873,657.5045943533873,False,False,5,ValueBidder=657.50 | PacingBidder=657.50 | CTRBidder=18.13 | ThresholdBidder=15.11 | FixedBidder=1.50
1164,ValueBidder,480.61693171736573,480.61693171736573,True,False,5,ValueBidder=480.62 | PacingBidder=480.62 | CTRBidder=15.50 | ThresholdBidder=12.92 | FixedBidder=1.50
1165,PacingBidder,200.31916611153318,200.31916611153304,True,False,5,PacingBidder=200.32 | ValueBidder=200.32 | CTRBidder=10.01 | ThresholdBidder=8.34 | FixedBidder=1.50
1166,PacingBidder,447.5006910916179,447.50069109161774,True,False,5,PacingBidder=447.50 | ValueBidder=447.50 | CTRBidder=14.96 | ThresholdBidder=12.47 | FixedBidder=1.50
1167,ValueBidder,244.25748074242324,244.25748074242307,False,False,5,ValueBidder=244.26 | PacingBidder=244.26 | CTRBidder=11.05 | ThresholdBidder=9.21 | FixedBidder=1.50
1168,ValueBidder,575.9900662126847,575.9900662126847,False,False,5,ValueBidder=575.99 | PacingBidder=575.99 | CTRBidder=16.97 | ThresholdBidder=14.14 | FixedBidder=1.50
1169,ValueBidder,285.7010844494952,285.7010844494952,False,False,5,ValueBidder=285.70 | PacingBidder=285.70 | CTRBidder=11.95 | ThresholdBidder=9.96 | FixedBidder=1.50
1170,PacingBidder,293.63550450558637,293.63550450558625,False,False,5,PacingBidder=293.64 | ValueBidder=293.64 | CTRBidder=12.12 | ThresholdBidder=10.10 | FixedBidder=1.50
1171,ValueBidder,439.83085514854645,439.8308551485463,False,False,5,ValueBidder=439.83 | PacingBidder=439.83 | CTRBidder=14.83 | ThresholdBidder=12.36 | FixedBidder=1.50
1172,ValueBidder,622.0867491974735,622.0867491974732,False,False,5,ValueBidder=622.09 | PacingBidder=622.09 | CTRBidder=17.64 | ThresholdBidder=14.70 | FixedBidder=1.50
1173,PacingBidder,401.5967192087594,401.59671920875917,False,False,5,PacingBidder=401.60 | ValueBidder=401.60 | CTRBidder=14.17 | ThresholdBidder=11.81 | FixedBidder=1.50
1174,ValueBidder,343.51410211604497,343.5141021160444,False,False,5,ValueBidder=343.51 | PacingBidder=343.51 | CTRBidder=13.11 | ThresholdBidder=10.92 | FixedBidder=1.50
1175,ValueBidder,424.07286975794307,424.07286975794307,True,False,5,ValueBidder=424.07 | PacingBidder=424.07 | CTRBidder=14.56 | ThresholdBidder=12.13 | FixedBidder=1.50
1176,ValueBidder,675.5744303564346,675.5744303564344,True,False,5,ValueBidder=675.57 | PacingBidder=675.57 | CTRBidder=18.38 | ThresholdBidder=15.32 | FixedBidder=1.50
1177,PacingBidder,599.3178701847204,599.31787018472,True,False,5,PacingBidder=599.32 | ValueBidder=599.32 | CTRBidder=17.31 | ThresholdBidder=14.43 | FixedBidder=1.50
1178,ValueBidder,319.27476992003994,319.27476992003966,True,False,5,ValueBidder=319.27 | PacingBidder=319.27 | CTRBidder=12.63 | ThresholdBidder=10.53 | FixedBidder=1.50
1179,ValueBidder,534.24538492778,534.24538492778,False,False,5,ValueBidder=534.25 | PacingBidder=534.25 | CTRBidder=16.34 | ThresholdBidder=13.62 | FixedBidder=1.50
1180,ValueBidder,391.90934323930276,391.9093432393024,False,False,5,ValueBidder=391.91 | PacingBidder=391.91 | CTRBidder=14.00 | ThresholdBidder=11.67 | FixedBidder=1.50
1181,PacingBidder,384.59029885319256,384.59029885319245,True,False,5,PacingBidder=384.59 | ValueBidder=384.59 | CTRBidder=13.87 | ThresholdBidder=11.56 | FixedBidder=1.50
1182,ValueBidder,352.60811279825685,352.60811279825685,False,False,5,ValueBidder=352.61 | PacingBidder=352.61 | CTRBidder=13.28 | ThresholdBidder=11.06 | FixedBidder=1.50
1183,PacingBidder,173.80316252697855,173.8031625269785,True,False,5,PacingBidder=173.80 | ValueBidder=173.80 | CTRBidder=9.32 | ThresholdBidder=7.77 | FixedBidder=1.50
1184,ValueBidder,434.0478462628404,434.04784626284015,True,False,5,ValueBidder=434.05 | PacingBidder=434.05 | CTRBidder=14.73 | ThresholdBidder=12.28 | FixedBidder=1.50
1185,PacingBidder,437.1097234741824,437.10972347418203,False,False,5,PacingBidder=437.11 | ValueBidder=437.11 | CTRBidder=14.78 | ThresholdBidder=12.32 | FixedBidder=1.50
1186,ValueBidder,440.26813134417193,440.26813134417193,False,False,5,ValueBidder=440.27 | PacingBidder=440.27 | CTRBidder=14.84 | ThresholdBidder=12.36 | FixedBidder=1.50
1187,ValueBidder,295.26830810406915,295.26830810406904,True,False,5,ValueBidder=295.27 | PacingBidder=295.27 | CTRBidder=12.15 | ThresholdBidder=10.13 | FixedBidder=1.50
1188,ValueBidder,398.8737644419866,398.8737644419865,False,False,5,ValueBidder=398.87 | PacingBidder=398.87 | CTRBidder=14.12 | ThresholdBidder=11.77 | FixedBidder=1.50
1189,PacingBidder,360.4796456788948,360.47964567889437,False,False,5,PacingBidder=360.48 | ValueBidder=360.48 | CTRBidder=13.43 | ThresholdBidder=11.19 | FixedBidder=1.50
1190,PacingBidder,216.9233955128027,216.9233955128025,False,False,5,PacingBidder=216.92 | ValueBidder=216.92 | CTRBidder=10.41 | ThresholdBidder=8.68 | FixedBidder=1.50
1191,ValueBidder,384.23889345730356,384.23889345730356,True,False,5,ValueBidder=384.24 | PacingBidder=384.24 | CTRBidder=13.86 | ThresholdBidder=11.55 | FixedBidder=1.50
1192,PacingBidder,331.36352342487584,331.36352342487567,False,False,5,PacingBidder=331.36 | ValueBidder=331.36 | CTRBidder=12.87 | ThresholdBidder=10.73 | FixedBidder=1.50
1193,ValueBidder,508.99276895782,508.9927689578194,False,False,5,ValueBidder=508.99 | PacingBidder=508.99 | CTRBidder=15.95 | ThresholdBidder=13.29 | FixedBidder=1.50
1194,ValueBidder,349.8604988814086,349.8604988814086,False,False,5,ValueBidder=349.86 | PacingBidder=349.86 | CTRBidder=13.23 | ThresholdBidder=11.02 | FixedBidder=1.50
1195,ValueBidder,495.28453703409923,495.28453703409906,False,False,5,ValueBidder=495.28 | PacingBidder=495.28 | CTRBidder=15.74 | ThresholdBidder=13.11 | FixedBidder=1.50
1196,ValueBidder,208.3879198274217,208.38791982742165,False,False,5,ValueBidder=208.39 | PacingBidder=208.39 | CTRBidder=10.21 | ThresholdBidder=8.51 | FixedBidder=1.50
1197,PacingBidder,304.70140398591417,304.70140398591406,False,False,5,PacingBidder=304.70 | ValueBidder=304.70 | CTRBidder=12.34 | ThresholdBidder=10.29 | FixedBidder=1.50
1198,ValueBidder,277.55158477177275,277.55158477177247,False,False,5,ValueBidder=277.55 | PacingBidder=277.55 | CTRBidder=11.78 | ThresholdBidder=9.82 | FixedBidder=1.50
1199,PacingBidder,392.98250544827954,392.9825054482795,True,False,5,PacingBidder=392.98 | ValueBidder=392.98 | CTRBidder=14.02 | ThresholdBidder=11.68 | FixedBidder=1.50
1200,PacingBidder,552.7219084030837,552.7219084030834,False,False,5,PacingBidder=552.72 | ValueBidder=552.72 | CTRBidder=16.62 | ThresholdBidder=13.85 | FixedBidder=1.50
1201,ValueBidder,227.7776594628879,227.7776594628878,False,False,5,ValueBidder=227.78 | PacingBidder=227.78 | CTRBidder=10.67 | ThresholdBidder=8.89 | FixedBidder=1.50
1202,ValueBidder,309.89355545133503,309.8935554513348,True,False,5,ValueBidder=309.89 | PacingBidder=309.89 | CTRBidder=12.45 | ThresholdBidder=10.37 | FixedBidder=1.50
1203,ValueBidder,218.65086657713124,218.65086657713124,False,False,5,ValueBidder=218.65 | PacingBidder=218.65 | CTRBidder=10.46 | ThresholdBidder=8.71 | FixedBidder=1.50
1204,ValueBidder,179.69338841420324,179.69338841420324,True,False,5,ValueBidder=179.69 | PacingBidder=179.69 | CTRBidder=9.48 | ThresholdBidder=7.90 | FixedBidder=1.50
1205,PacingBidder,252.0025331138982,252.00253311389815,False,False,5,PacingBidder=252.00 | ValueBidder=252.00 | CTRBidder=11.23 | ThresholdBidder=9.35 | FixedBidder=1.50
1206,PacingBidder,332.3646569782463,332.3646569782461,False,False,5,PacingBidder=332.36 | ValueBidder=332.36 | CTRBidder=12.89 | ThresholdBidder=10.74 | FixedBidder=1.50
1207,PacingBidder,297.2584152314796,297.2584152314795,False,False,5,PacingBidder=297.26 | ValueBidder=297.26 | CTRBidder=12.19 | ThresholdBidder=10.16 | FixedBidder=1.50
1208,ValueBidder,263.29433175110654,263.29433175110654,True,False,5,ValueBidder=263.29 | PacingBidder=263.29 | CTRBidder=11.47 | ThresholdBidder=9.56 | FixedBidder=1.50
1209,PacingBidder,634.7175043160154,634.717504316015,True,False,5,PacingBidder=634.72 | ValueBidder=634.72 | CTRBidder=17.81 | ThresholdBidder=14.85 | FixedBidder=1.50
1210,PacingBidder,290.9156503963915,290.9156503963914,False,False,5,PacingBidder=290.92 | ValueBidder=290.92 | CTRBidder=12.06 | ThresholdBidder=10.05 | FixedBidder=1.50
1211,ValueBidder,341.31565631608595,341.31565631608595,False,False,5,ValueBidder=341.32 | PacingBidder=341.32 | CTRBidder=13.06 | ThresholdBidder=10.89 | FixedBidder=1.50
1212,PacingBidder,325.3030771434939,325.3030771434938,False,False,5,PacingBidder=325.30 | ValueBidder=325.30 | CTRBidder=12.75 | ThresholdBidder=10.63 | FixedBidder=1.50
1213,ValueBidder,411.9403414361081,411.9403414361081,True,False,5,ValueBidder=411.94 | PacingBidder=411.94 | CTRBidder=14.35 | ThresholdBidder=11.96 | FixedBidder=1.50
1214,PacingBidder,220.6960094369045,220.69600943690443,False,False,5,PacingBidder=220.70 | ValueBidder=220.70 | CTRBidder=10.50 | ThresholdBidder=8.75 | FixedBidder=1.50
1215,ValueBidder,211.25999765536628,211.25999765536613,True,False,5,ValueBidder=211.26 | PacingBidder=211.26 | CTRBidder=10.28 | ThresholdBidder=8.56 | FixedBidder=1.50
1216,ValueBidder,540.7095689679059,540.7095689679056,False,False,5,ValueBidder=540.71 | PacingBidder=540.71 | CTRBidder=16.44 | ThresholdBidder=13.70 | FixedBidder=1.50
1217,ValueBidder,225.4916647743137,225.49166477431356,False,False,5,ValueBidder=225.49 | PacingBidder=225.49 | CTRBidder=10.62 | ThresholdBidder=8.85 | FixedBidder=1.50
1218,ValueBidder,274.24666600426536,274.24666600426536,False,False,5,ValueBidder=274.25 | PacingBidder=274.25 | CTRBidder=11.71 | ThresholdBidder=9.76 | FixedBidder=1.50
1219,ValueBidder,485.16856847588616,485.16856847588616,False,False,5,ValueBidder=485.17 | PacingBidder=485.17 | CTRBidder=15.58 | ThresholdBidder=12.98 | FixedBidder=1.50
1220,ValueBidder,342.32539189417656,342.32539189417656,True,False,5,ValueBidder=342.33 | PacingBidder=342.33 | CTRBidder=13.08 | ThresholdBidder=10.90 | FixedBidder=1.50
1221,PacingBidder,465.3175990889933,465.31759908899306,False,False,5,PacingBidder=465.32 | ValueBidder=465.32 | CTRBidder=15.25 | ThresholdBidder=12.71 | FixedBidder=1.50
1222,ValueBidder,504.80232345787255,504.80232345787215,True,False,5,ValueBidder=504.80 | PacingBidder=504.80 | CTRBidder=15.89 | ThresholdBidder=13.24 | FixedBidder=1.50
1223,ValueBidder,492.5107547718017,492.51075477180154,True,False,5,ValueBidder=492.51 | PacingBidder=492.51 | CTRBidder=15.69 | ThresholdBidder=13.08 | FixedBidder=1.50
1224,ValueBidder,472.1822052620177,472.1822052620177,True,False,5,ValueBidder=472.18 | PacingBidder=472.18 | CTRBidder=15.37 | ThresholdBidder=12.80 | FixedBidder=1.50
1225,ValueBidder,153.6255071299069,153.6255071299069,False,False,5,ValueBidder=153.63 | PacingBidder=153.63 | CTRBidder=8.76 | ThresholdBidder=7.30 | FixedBidder=1.50
1226,PacingBidder,358.02068837406864,358.0206883740683,True,False,5,PacingBidder=358.02 | ValueBidder=358.02 | CTRBidder=13.38 | ThresholdBidder=11.15 | FixedBidder=1.50
1227,ValueBidder,447.98073951317303,447.98073951317303,False,False,5,ValueBidder=447.98 | PacingBidder=447.98 | CTRBidder=14.97 | ThresholdBidder=12.47 | FixedBidder=1.50
1228,ValueBidder,472.2280114820376,472.2280114820376,True,False,5,ValueBidder=472.23 | PacingBidder=472.23 | CTRBidder=15.37 | ThresholdBidder=12.81 | FixedBidder=1.50
1229,ValueBidder,207.8076280527875,207.8076280527875,False,False,5,ValueBidder=207.81 | PacingBidder=207.81 | CTRBidder=10.19 | ThresholdBidder=8.49 | FixedBidder=1.50
1230,ValueBidder,387.98768981850407,387.98768981850407,True,False,5,ValueBidder=387.99 | PacingBidder=387.99 | CTRBidder=13.93 | ThresholdBidder=11.61 | FixedBidder=1.50
1231,PacingBidder,437.111778844459,437.1117788444589,False,False,5,PacingBidder=437.11 | ValueBidder=437.11 | CTRBidder=14.78 | ThresholdBidder=12.32 | FixedBidder=1.50
1232,ValueBidder,116.24183022936147,116.24183022936147,False,False,5,ValueBidder=116.24 | PacingBidder=116.24 | CTRBidder=7.62 | ThresholdBidder=6.35 | FixedBidder=1.50
1233,ValueBidder,633.0466180771094,633.0466180771094,True,False,5,ValueBidder=633.05 | PacingBidder=633.05 | CTRBidder=17.79 | ThresholdBidder=14.83 | FixedBidder=1.50
1234,ValueBidder,301.1422591643402,301.1422591643401,False,False,5,ValueBidder=301.14 | PacingBidder=301.14 | CTRBidder=12.27 | ThresholdBidder=10.23 | FixedBidder=1.50
1235,PacingBidder,300.7941092432312,300.794109243231,False,False,5,PacingBidder=300.79 | ValueBidder=300.79 | CTRBidder=12.26 | ThresholdBidder=10.22 | FixedBidder=1.50
1236,PacingBidder,305.3311066399162,305.33110663991613,False,False,5,PacingBidder=305.33 | ValueBidder=305.33 | CTRBidder=12.36 | ThresholdBidder=10.30 | FixedBidder=1.50
1237,ValueBidder,557.7004480831191,557.7004480831188,False,False,5,ValueBidder=557.70 | PacingBidder=557.70 | CTRBidder=16.70 | ThresholdBidder=13.92 | FixedBidder=1.50
1238,ValueBidder,164.2329538577989,164.2329538577989,False,False,5,ValueBidder=164.23 | PacingBidder=164.23 | CTRBidder=9.06 | ThresholdBidder=7.55 | FixedBidder=1.50
1239,PacingBidder,611.9279174848224,611.9279174848222,True,False,5,PacingBidder=611.93 | ValueBidder=611.93 | CTRBidder=17.49 | ThresholdBidder=14.58 | FixedBidder=1.50
1240,ValueBidder,523.5781758692762,523.5781758692762,False,False,5,ValueBidder=523.58 | PacingBidder=523.58 | CTRBidder=16.18 | ThresholdBidder=13.48 | FixedBidder=1.50
1241,PacingBidder,469.65781568399944,469.6578156839992,True,False,5,PacingBidder=469.66 | ValueBidder=469.66 | CTRBidder=15.32 | ThresholdBidder=12.77 | FixedBidder=1.50
1242,ValueBidder,507.3642505737167,507.3642505737166,True,False,5,ValueBidder=507.36 | PacingBidder=507.36 | CTRBidder=15.93 | ThresholdBidder=13.27 | FixedBidder=1.50
1243,PacingBidder,448.204779449529,448.20477944952876,False,False,5,PacingBidder=448.20 | ValueBidder=448.20 | CTRBidder=14.97 | ThresholdBidder=12.48 | FixedBidder=1.50
1244,PacingBidder,407.37819248629205,407.37819248629194,True,False,5,PacingBidder=407.38 | ValueBidder=407.38 | CTRBidder=14.27 | ThresholdBidder=11.89 | FixedBidder=1.50
1245,PacingBidder,337.6579414436998,337.6579414436997,False,False,5,PacingBidder=337.66 | ValueBidder=337.66 | CTRBidder=12.99 | ThresholdBidder=10.83 | FixedBidder=1.50
1246,ValueBidder,396.0938416657417,396.0938416657415,False,False,5,ValueBidder=396.09 | PacingBidder=396.09 | CTRBidder=14.07 | ThresholdBidder=11.73 | FixedBidder=1.50
1247,ValueBidder,488.5480946560675,488.5480946560675,False,False,5,ValueBidder=488.55 | PacingBidder=488.55 | CTRBidder=15.63 | ThresholdBidder=13.02 | FixedBidder=1.50
1248,ValueBidder,213.7575878174566,213.7575878174566,False,False,5,ValueBidder=213.76 | PacingBidder=213.76 | CTRBidder=10.34 | ThresholdBidder=8.62 | FixedBidder=1.50
1249,ValueBidder,201.90522020224398,201.90522020224392,False,False,5,ValueBidder=201.91 | PacingBidder=201.91 | CTRBidder=10.05 | ThresholdBidder=8.37 | FixedBidder=1.50
1250,PacingBidder,356.17403143030253,356.1740314303023,False,False,5,PacingBidder=356.17 | ValueBidder=356.17 | CTRBidder=13.34 | ThresholdBidder=11.12 | FixedBidder=1.50
1251,ValueBidder,228.84173292095457,228.8417329209545,False,False,5,ValueBidder=228.84 | PacingBidder=228.84 | CTRBidder=10.70 | ThresholdBidder=8.91 | FixedBidder=1.50
1252,ValueBidder,220.10214676128987,220.10214676128987,False,False,5,ValueBidder=220.10 | PacingBidder=220.10 | CTRBidder=10.49 | ThresholdBidder=8.74 | FixedBidder=1.50
1253,PacingBidder,273.2064481806689,273.2064481806687,True,False,5,PacingBidder=273.21 | ValueBidder=273.21 | CTRBidder=11.69 | ThresholdBidder=9.74 | FixedBidder=1.50
1254,ValueBidder,189.56925239148242,189.56925239148242,True,False,5,ValueBidder=189.57 | PacingBidder=189.57 | CTRBidder=9.74 | ThresholdBidder=8.11 | FixedBidder=1.50
1255,PacingBidder,49.493957200366026,49.493957200366,True,False,5,PacingBidder=49.49 | ValueBidder=49.49 | CTRBidder=4.97 | ThresholdBidder=4.15 | FixedBidder=1.50
1256,ValueBidder,516.5635053593572,516.563505359357,True,False,5,ValueBidder=516.56 | PacingBidder=516.56 | CTRBidder=16.07 | ThresholdBidder=13.39 | FixedBidder=1.50
1257,ValueBidder,61.41689209843304,61.416892098433024,False,False,5,ValueBidder=61.42 | PacingBidder=61.42 | CTRBidder=5.54 | ThresholdBidder=4.62 | FixedBidder=1.50
1258,PacingBidder,334.025259028625,334.0252590286247,False,False,5,PacingBidder=334.03 | ValueBidder=334.03 | CTRBidder=12.92 | ThresholdBidder=10.77 | FixedBidder=1.50
1259,ValueBidder,319.12271471140843,319.12271471140815,False,False,5,ValueBidder=319.12 | PacingBidder=319.12 | CTRBidder=12.63 | ThresholdBidder=10.53 | FixedBidder=1.50
1260,PacingBidder,583.4871668349659,583.4871668349658,False,False,5,PacingBidder=583.49 | ValueBidder=583.49 | CTRBidder=17.08 | ThresholdBidder=14.23 | FixedBidder=1.50
1261,ValueBidder,305.0791155030923,305.0791155030923,True,False,5,ValueBidder=305.08 | PacingBidder=305.08 | CTRBidder=12.35 | ThresholdBidder=10.29 | FixedBidder=1.50
1262,ValueBidder,258.6518031535768,258.6518031535768,True,False,5,ValueBidder=258.65 | PacingBidder=258.65 | CTRBidder=11.37 | ThresholdBidder=9.48 | FixedBidder=1.50
1263,ValueBidder,550.8158964662882,550.8158964662882,True,False,5,ValueBidder=550.82 | PacingBidder=550.82 | CTRBidder=16.60 | ThresholdBidder=13.83 | FixedBidder=1.50
1264,ValueBidder,159.38940422897534,159.38940422897534,False,False,5,ValueBidder=159.39 | PacingBidder=159.39 | CTRBidder=8.93 | ThresholdBidder=7.44 | FixedBidder=1.50
1265,ValueBidder,322.1176156712255,322.1176156712255,True,False,5,ValueBidder=322.12 | PacingBidder=322.12 | CTRBidder=12.69 | ThresholdBidder=10.58 | FixedBidder=1.50
1266,ValueBidder,379.1725496021225,379.1725496021224,True,False,5,ValueBidder=379.17 | PacingBidder=379.17 | CTRBidder=13.77 | ThresholdBidder=11.47 | FixedBidder=1.50
1267,PacingBidder,224.62843042246607,224.62843042246587,True,False,5,PacingBidder=224.63 | ValueBidder=224.63 | CTRBidder=10.60 | ThresholdBidder=8.83 | FixedBidder=1.50
1268,PacingBidder,393.95960780122914,393.95960780122897,False,False,5,PacingBidder=393.96 | ValueBidder=393.96 | CTRBidder=14.03 | ThresholdBidder=11.70 | FixedBidder=1.50
1269,PacingBidder,401.05706679253313,401.05706679253285,True,False,5,PacingBidder=401.06 | ValueBidder=401.06 | CTRBidder=14.16 | ThresholdBidder=11.80 | FixedBidder=1.50
1270,PacingBidder,379.85161551696825,379.8516155169679,False,False,5,PacingBidder=379.85 | ValueBidder=379.85 | CTRBidder=13.78 | ThresholdBidder=11.48 | FixedBidder=1.50
1271,ValueBidder,371.517170230082,371.5171702300819,True,False,5,ValueBidder=371.52 | PacingBidder=371.52 | CTRBidder=13.63 | ThresholdBidder=11.36 | FixedBidder=1.50
1272,ValueBidder,367.99291697614643,367.9929169761463,False,False,5,ValueBidder=367.99 | PacingBidder=367.99 | CTRBidder=13.56 | ThresholdBidder=11.30 | FixedBidder=1.50
1273,ValueBidder,505.312779555551,505.31277955555055,False,False,5,ValueBidder=505.31 | PacingBidder=505.31 | CTRBidder=15.90 | ThresholdBidder=13.25 | FixedBidder=1.50
1274,PacingBidder,68.26902730897626,68.26902730897625,False,False,5,PacingBidder=68.27 | ValueBidder=68.27 | CTRBidder=5.84 | ThresholdBidder=4.87 | FixedBidder=1.50
1275,ValueBidder,229.87128186864084,229.87128186864084,True,False,5,ValueBidder=229.87 | PacingBidder=229.87 | CTRBidder=10.72 | ThresholdBidder=8.93 | FixedBidder=1.50
1276,PacingBidder,313.77845817482466,313.7784581748245,False,False,5,PacingBidder=313.78 | ValueBidder=313.78 | CTRBidder=12.53 | ThresholdBidder=10.44 | FixedBidder=1.50
1277,ValueBidder,325.527057049644,325.527057049644,True,False,5,ValueBidder=325.53 | PacingBidder=325.53 | CTRBidder=12.76 | ThresholdBidder=10.63 | FixedBidder=1.50
1278,PacingBidder,424.5251298510776,424.5251298510775,True,False,5,PacingBidder=424.53 | ValueBidder=424.53 | CTRBidder=14.57 | ThresholdBidder=12.14 | FixedBidder=1.50
1279,PacingBidder,267.83559711163343,267.8355971116333,False,False,5,PacingBidder=267.84 | ValueBidder=267.84 | CTRBidder=11.57 | ThresholdBidder=9.64 | FixedBidder=1.50
1280,ValueBidder,333.23420755784736,333.23420755784736,False,False,5,ValueBidder=333.23 | PacingBidder=333.23 | CTRBidder=12.91 | ThresholdBidder=10.76 | FixedBidder=1.50
1281,ValueBidder,441.7726721807962,441.77267218079584,False,False,5,ValueBidder=441.77 | PacingBidder=441.77 | CTRBidder=14.86 | ThresholdBidder=12.39 | FixedBidder=1.50
1282,ValueBidder,424.8347247626178,424.8347247626178,False,False,5,ValueBidder=424.83 | PacingBidder=424.83 | CTRBidder=14.57 | ThresholdBidder=12.15 | FixedBidder=1.50
1283,ValueBidder,535.932221925329,535.932221925329,False,False,5,ValueBidder=535.93 | PacingBidder=535.93 | CTRBidder=16.37 | ThresholdBidder=13.64 | FixedBidder=1.50
1284,PacingBidder,471.24343009093093,471.2434300909306,True,False,5,PacingBidder=471.24 | ValueBidder=471.24 | CTRBidder=15.35 | ThresholdBidder=12.79 | FixedBidder=1.50
1285,ValueBidder,616.9131120984168,616.9131120984166,True,False,5,ValueBidder=616.91 | PacingBidder=616.91 | CTRBidder=17.56 | ThresholdBidder=14.64 | FixedBidder=1.50
1286,PacingBidder,271.9254709944692,271.92547099446915,False,False,5,PacingBidder=271.93 | ValueBidder=271.93 | CTRBidder=11.66 | ThresholdBidder=9.72 | FixedBidder=1.50
1287,ValueBidder,544.2093137506959,544.2093137506959,False,False,5,ValueBidder=544.21 | PacingBidder=544.21 | CTRBidder=16.50 | ThresholdBidder=13.75 | FixedBidder=1.50
1288,ValueBidder,340.9044145665487,340.90441456654844,True,False,5,ValueBidder=340.90 | PacingBidder=340.90 | CTRBidder=13.06 | ThresholdBidder=10.88 | FixedBidder=1.50
1289,ValueBidder,366.43257856551344,366.43257856551344,False,False,5,ValueBidder=366.43 | PacingBidder=366.43 | CTRBidder=13.54 | ThresholdBidder=11.28 | FixedBidder=1.50
1290,ValueBidder,312.2469607806069,312.2469607806069,True,False,5,ValueBidder=312.25 | PacingBidder=312.25 | CTRBidder=12.49 | ThresholdBidder=10.41 | FixedBidder=1.50
1291,PacingBidder,528.4202267135414,528.4202267135408,True,False,5,PacingBidder=528.42 | ValueBidder=528.42 | CTRBidder=16.25 | ThresholdBidder=13.55 | FixedBidder=1.50
1292,ValueBidder,485.07704367663496,485.07704367663473,True,False,5,ValueBidder=485.08 | PacingBidder=485.08 | CTRBidder=15.57 | ThresholdBidder=12.98 | FixedBidder=1.50
1293,ValueBidder,559.353628182424,559.353628182424,True,False,5,ValueBidder=559.35 | PacingBidder=559.35 | CTRBidder=16.72 | ThresholdBidder=13.94 | FixedBidder=1.50
1294,PacingBidder,546.0590540735584,546.0590540735582,True,False,5,PacingBidder=546.06 | ValueBidder=546.06 | CTRBidder=16.52 | ThresholdBidder=13.77 | FixedBidder=1.50
1295,ValueBidder,478.4777582749565,478.47775827495605,False,False,5,ValueBidder=478.48 | PacingBidder=478.48 | CTRBidder=15.47 | ThresholdBidder=12.89 | FixedBidder=1.50
1296,ValueBidder,344.00587588504135,344.0058758850412,True,False,5,ValueBidder=344.01 | PacingBidder=344.01 | CTRBidder=13.11 | ThresholdBidder=10.93 | FixedBidder=1.50
1297,PacingBidder,611.337242416299,611.3372424162987,True,False,5,PacingBidder=611.34 | ValueBidder=611.34 | CTRBidder=17.48 | ThresholdBidder=14.57 | FixedBidder=1.50
1298,ValueBidder,570.2272198696506,570.2272198696506,False,False,5,ValueBidder=570.23 | PacingBidder=570.23 | CTRBidder=16.89 | ThresholdBidder=14.07 | FixedBidder=1.50
1299,ValueBidder,95.34864840696599,95.34864840696599,False,False,5,ValueBidder=95.35 | PacingBidder=95.35 | CTRBidder=6.90 | ThresholdBidder=5.75 | FixedBidder=1.50
1300,ValueBidder,455.81887565177794,455.8188756517776,False,False,5,ValueBidder=455.82 | PacingBidder=455.82 | CTRBidder=15.10 | ThresholdBidder=12.58 | FixedBidder=1.50
1301,PacingBidder,362.1023679257782,362.1023679257781,False,False,5,PacingBidder=362.10 | ValueBidder=362.10 | CTRBidder=13.46 | ThresholdBidder=11.21 | FixedBidder=1.50
1302,PacingBidder,444.01917124807403,444.0191712480739,True,False,5,PacingBidder=444.02 | ValueBidder=444.02 | CTRBidder=14.90 | ThresholdBidder=12.42 | FixedBidder=1.50
1303,ValueBidder,634.012280555532,634.012280555532,True,False,5,ValueBidder=634.01 | PacingBidder=634.01 | CTRBidder=17.80 | ThresholdBidder=14.84 | FixedBidder=1.50
1304,ValueBidder,340.8580130098706,340.8580130098706,False,False,5,ValueBidder=340.86 | PacingBidder=340.86 | CTRBidder=13.05 | ThresholdBidder=10.88 | FixedBidder=1.50
1305,ValueBidder,349.28317996493087,349.28317996493087,False,False,5,ValueBidder=349.28 | PacingBidder=349.28 | CTRBidder=13.22 | ThresholdBidder=11.01 | FixedBidder=1.50
1306,ValueBidder,553.4648693434477,553.4648693434477,True,False,5,ValueBidder=553.46 | PacingBidder=553.46 | CTRBidder=16.64 | ThresholdBidder=13.86 | FixedBidder=1.50
1307,PacingBidder,312.31281527484606,312.312815274846,True,False,5,PacingBidder=312.31 | ValueBidder=312.31 | CTRBidder=12.50 | ThresholdBidder=10.41 | FixedBidder=1.50
1308,ValueBidder,390.2246835193556,390.22468351935527,True,False,5,ValueBidder=390.22 | PacingBidder=390.22 | CTRBidder=13.97 | ThresholdBidder=11.64 | FixedBidder=1.50
1309,ValueBidder,536.8898871716888,536.8898871716884,True,False,5,ValueBidder=536.89 | PacingBidder=536.89 | CTRBidder=16.38 | ThresholdBidder=13.65 | FixedBidder=1.50
1310,PacingBidder,457.992053449809,457.9920534498088,True,False,5,PacingBidder=457.99 | ValueBidder=457.99 | CTRBidder=15.13 | ThresholdBidder=12.61 | FixedBidder=1.50
1311,ValueBidder,443.1437601207168,443.1437601207168,True,False,5,ValueBidder=443.14 | PacingBidder=443.14 | CTRBidder=14.89 | ThresholdBidder=12.40 | FixedBidder=1.50
1312,ValueBidder,380.3825148461587,380.3825148461587,True,False,5,ValueBidder=380.38 | PacingBidder=380.38 | CTRBidder=13.79 | ThresholdBidder=11.49 | FixedBidder=1.50
1313,ValueBidder,435.60965142282936,435.60965142282936,False,False,5,ValueBidder=435.61 | PacingBidder=435.61 | CTRBidder=14.76 | ThresholdBidder=12.30 | FixedBidder=1.50
1314,ValueBidder,328.3546938319647,328.3546938319645,True,True,5,ValueBidder=328.35 | PacingBidder=328.35 | CTRBidder=12.81 | ThresholdBidder=10.68 | FixedBidder=1.50
1315,PacingBidder,412.59974648949793,412.5997464894977,False,False,5,PacingBidder=412.60 | ValueBidder=412.60 | CTRBidder=14.36 | ThresholdBidder=11.97 | FixedBidder=1.50
1316,ValueBidder,398.0590202223066,398.05902022230634,True,False,5,ValueBidder=398.06 | PacingBidder=398.06 | CTRBidder=14.11 | ThresholdBidder=11.76 | FixedBidder=1.50
1317,ValueBidder,456.13093710745477,456.13093710745454,False,False,5,ValueBidder=456.13 | PacingBidder=456.13 | CTRBidder=15.10 | ThresholdBidder=12.58 | FixedBidder=1.50
1318,PacingBidder,265.3390198543273,265.33901985432726,True,False,5,PacingBidder=265.34 | ValueBidder=265.34 | CTRBidder=11.52 | ThresholdBidder=9.60 | FixedBidder=1.50
1319,ValueBidder,416.58363670626045,416.5836367062603,True,False,5,ValueBidder=416.58 | PacingBidder=416.58 | CTRBidder=14.43 | ThresholdBidder=12.03 | FixedBidder=1.50
1320,PacingBidder,234.14184999394485,234.14184999394476,True,False,5,PacingBidder=234.14 | ValueBidder=234.14 | CTRBidder=10.82 | ThresholdBidder=9.02 | FixedBidder=1.50
1321,PacingBidder,155.1496416274434,155.14964162744332,False,False,5,PacingBidder=155.15 | ValueBidder=155.15 | CTRBidder=8.81 | ThresholdBidder=7.34 | FixedBidder=1.50
1322,ValueBidder,490.1343133170809,490.1343133170807,True,False,5,ValueBidder=490.13 | PacingBidder=490.13 | CTRBidder=15.65 | ThresholdBidder=13.05 | FixedBidder=1.50
1323,PacingBidder,541.3748788700008,541.3748788700005,False,False,5,PacingBidder=541.37 | ValueBidder=541.37 | CTRBidder=16.45 | ThresholdBidder=13.71 | FixedBidder=1.50
1324,ValueBidder,207.00094363865577,207.00094363865577,False,False,5,ValueBidder=207.00 | PacingBidder=207.00 | CTRBidder=10.17 | ThresholdBidder=8.48 | FixedBidder=1.50
1325,ValueBidder,374.4485817004394,374.4485817004392,True,False,5,ValueBidder=374.45 | PacingBidder=374.45 | CTRBidder=13.68 | ThresholdBidder=11.40 | FixedBidder=1.50
1326,ValueBidder,318.0538119026667,318.0538119026667,True,False,5,ValueBidder=318.05 | PacingBidder=318.05 | CTRBidder=12.61 | ThresholdBidder=10.51 | FixedBidder=1.50
1327,PacingBidder,308.51428283510205,308.5142828351019,False,False,5,PacingBidder=308.51 | ValueBidder=308.51 | CTRBidder=12.42 | ThresholdBidder=10.35 | FixedBidder=1.50
1328,ValueBidder,115.38347802383497,115.38347802383497,False,False,5,ValueBidder=115.38 | PacingBidder=115.38 | CTRBidder=7.60 | ThresholdBidder=6.33 | FixedBidder=1.50
1329,ValueBidder,440.2648124020856,440.26481240208545,True,False,5,ValueBidder=440.26 | PacingBidder=440.26 | CTRBidder=14.84 | ThresholdBidder=12.36 | FixedBidder=1.50
1330,ValueBidder,640.5654940220107,640.5654940220107,False,False,5,ValueBidder=640.57 | PacingBidder=640.57 | CTRBidder=17.90 | ThresholdBidder=14.91 | FixedBidder=1.50
1331,ValueBidder,389.90915817229273,389.90915817229273,True,False,5,ValueBidder=389.91 | PacingBidder=389.91 | CTRBidder=13.96 | ThresholdBidder=11.64 | FixedBidder=1.50
1332,PacingBidder,371.07529836122353,371.0752983612233,False,False,5,PacingBidder=371.08 | ValueBidder=371.08 | CTRBidder=13.62 | ThresholdBidder=11.35 | FixedBidder=1.50
1333,ValueBidder,239.86789638644078,239.86789638644078,False,False,5,ValueBidder=239.87 | PacingBidder=239.87 | CTRBidder=10.95 | ThresholdBidder=9.13 | FixedBidder=1.50
1334,ValueBidder,260.60912720749513,260.60912720749513,True,False,5,ValueBidder=260.61 | PacingBidder=260.61 | CTRBidder=11.42 | ThresholdBidder=9.51 | FixedBidder=1.50
1335,ValueBidder,355.3612982828887,355.3612982828882,False,False,5,ValueBidder=355.36 | PacingBidder=355.36 | CTRBidder=13.33 | ThresholdBidder=11.11 | FixedBidder=1.50
1336,PacingBidder,248.71598739486527,248.71598739486524,False,False,5,PacingBidder=248.72 | ValueBidder=248.72 | CTRBidder=11.15 | ThresholdBidder=9.29 | FixedBidder=1.50
1337,ValueBidder,437.1785588163677,437.17855881636757,False,False,5,ValueBidder=437.18 | PacingBidder=437.18 | CTRBidder=14.78 | ThresholdBidder=12.32 | FixedBidder=1.50
1338,ValueBidder,517.1152948459901,517.1152948459899,False,False,5,ValueBidder=517.12 | PacingBidder=517.12 | CTRBidder=16.08 | ThresholdBidder=13.40 | FixedBidder=1.50
1339,ValueBidder,579.5328682030496,579.5328682030492,True,False,5,ValueBidder=579.53 | PacingBidder=579.53 | CTRBidder=17.02 | ThresholdBidder=14.19 | FixedBidder=1.50
1340,PacingBidder,441.90637071473816,441.9063707147376,True,False,5,PacingBidder=441.91 | ValueBidder=441.91 | CTRBidder=14.86 | ThresholdBidder=12.39 | FixedBidder=1.50
1341,ValueBidder,453.5547751141388,453.5547751141388,True,False,5,ValueBidder=453.55 | PacingBidder=453.55 | CTRBidder=15.06 | ThresholdBidder=12.55 | FixedBidder=1.50
1342,ValueBidder,57.51912752014849,57.519127520148466,False,False,5,ValueBidder=57.52 | PacingBidder=57.52 | CTRBidder=5.36 | ThresholdBidder=4.47 | FixedBidder=1.50
1343,ValueBidder,450.38838085656255,450.38838085656255,False,False,5,ValueBidder=450.39 | PacingBidder=450.39 | CTRBidder=15.01 | ThresholdBidder=12.51 | FixedBidder=1.50
1344,ValueBidder,457.17614782503034,457.1761478250301,False,False,5,ValueBidder=457.18 | PacingBidder=457.18 | CTRBidder=15.12 | ThresholdBidder=12.60 | FixedBidder=1.50
1345,ValueBidder,249.1909608008116,249.1909608008116,False,False,5,ValueBidder=249.19 | PacingBidder=249.19 | CTRBidder=11.16 | ThresholdBidder=9.30 | FixedBidder=1.50
1346,ValueBidder,683.088706266941,683.0887062669409,False,False,5,ValueBidder=683.09 | PacingBidder=683.09 | CTRBidder=18.48 | ThresholdBidder=15.40 | FixedBidder=1.50
1347,ValueBidder,625.382539885485,625.3825398854848,False,False,5,ValueBidder=625.38 | PacingBidder=625.38 | CTRBidder=17.68 | ThresholdBidder=14.74 | FixedBidder=1.50
1348,ValueBidder,610.044067729804,610.044067729804,False,False,5,ValueBidder=610.04 | PacingBidder=610.04 | CTRBidder=17.46 | ThresholdBidder=14.55 | FixedBidder=1.50
1349,PacingBidder,340.52707084347054,340.52707084347014,False,False,5,PacingBidder=340.53 | ValueBidder=340.53 | CTRBidder=13.05 | ThresholdBidder=10.87 | FixedBidder=1.50
1350,ValueBidder,512.7265102074266,512.7265102074266,False,False,5,ValueBidder=512.73 | PacingBidder=512.73 | CTRBidder=16.01 | ThresholdBidder=13.34 | FixedBidder=1.50
1351,ValueBidder,233.52567194183857,233.52567194183848,False,False,5,ValueBidder=233.53 | PacingBidder=233.53 | CTRBidder=10.81 | ThresholdBidder=9.00 | FixedBidder=1.50
1352,ValueBidder,440.2702716362022,440.27027163620215,True,False,5,ValueBidder=440.27 | PacingBidder=440.27 | CTRBidder=14.84 | ThresholdBidder=12.36 | FixedBidder=1.50
1353,ValueBidder,620.4185116535884,620.4185116535884,False,False,5,ValueBidder=620.42 | PacingBidder=620.42 | CTRBidder=17.61 | ThresholdBidder=14.68 | FixedBidder=1.50
1354,ValueBidder,290.5774034708445,290.5774034708444,False,False,5,ValueBidder=290.58 | PacingBidder=290.58 | CTRBidder=12.05 | ThresholdBidder=10.04 | FixedBidder=1.50
1355,ValueBidder,485.48652351624924,485.48652351624924,True,False,5,ValueBidder=485.49 | PacingBidder=485.49 | CTRBidder=15.58 | ThresholdBidder=12.98 | FixedBidder=1.50
1356,PacingBidder,483.8391701566425,483.83917015664235,True,False,5,PacingBidder=483.84 | ValueBidder=483.84 | CTRBidder=15.55 | ThresholdBidder=12.96 | FixedBidder=1.50
1357,PacingBidder,128.5881342656319,128.58813426563174,False,False,5,PacingBidder=128.59 | ValueBidder=128.59 | CTRBidder=8.02 | ThresholdBidder=6.68 | FixedBidder=1.50
1358,PacingBidder,548.0866535190112,548.086653519011,False,False,5,PacingBidder=548.09 | ValueBidder=548.09 | CTRBidder=16.55 | ThresholdBidder=13.80 | FixedBidder=1.50
1359,PacingBidder,431.5554021299559,431.5554021299558,False,False,5,PacingBidder=431.56 | ValueBidder=431.56 | CTRBidder=14.69 | ThresholdBidder=12.24 | FixedBidder=1.50
1360,PacingBidder,572.9020051566281,572.9020051566278,True,False,5,PacingBidder=572.90 | ValueBidder=572.90 | CTRBidder=16.92 | ThresholdBidder=14.10 | FixedBidder=1.50
1361,PacingBidder,300.002139372138,300.0021393721379,False,False,5,PacingBidder=300.00 | ValueBidder=300.00 | CTRBidder=12.25 | ThresholdBidder=10.21 | FixedBidder=1.50
1362,PacingBidder,410.05160777678805,410.0516077767878,True,False,5,PacingBidder=410.05 | ValueBidder=410.05 | CTRBidder=14.32 | ThresholdBidder=11.93 | FixedBidder=1.50
1363,PacingBidder,362.6126439053399,362.6126439053398,False,False,5,PacingBidder=362.61 | ValueBidder=362.61 | CTRBidder=13.47 | ThresholdBidder=11.22 | FixedBidder=1.50
1364,ValueBidder,524.812930135829,524.812930135829,True,False,5,ValueBidder=524.81 | PacingBidder=524.81 | CTRBidder=16.20 | ThresholdBidder=13.50 | FixedBidder=1.50
1365,PacingBidder,459.1967541858241,459.1967541858239,False,False,5,PacingBidder=459.20 | ValueBidder=459.20 | CTRBidder=15.15 | ThresholdBidder=12.63 | FixedBidder=1.50
1366,ValueBidder,274.781293505106,274.78129350510596,False,False,5,ValueBidder=274.78 | PacingBidder=274.78 | CTRBidder=11.72 | ThresholdBidder=9.77 | FixedBidder=1.50
1367,ValueBidder,468.43685958239183,468.43685958239183,True,False,5,ValueBidder=468.44 | PacingBidder=468.44 | CTRBidder=15.30 | ThresholdBidder=12.75 | FixedBidder=1.50
1368,ValueBidder,79.90405747671386,79.90405747671386,False,False,5,ValueBidder=79.90 | PacingBidder=79.90 | CTRBidder=6.32 | ThresholdBidder=5.27 | FixedBidder=1.50
1369,PacingBidder,200.406288209469,200.40628820946895,False,False,5,PacingBidder=200.41 | ValueBidder=200.41 | CTRBidder=10.01 | ThresholdBidder=8.34 | FixedBidder=1.50
1370,PacingBidder,259.3577467669924,259.35774676699225,False,False,5,PacingBidder=259.36 | ValueBidder=259.36 | CTRBidder=11.39 | ThresholdBidder=9.49 | FixedBidder=1.50
1371,ValueBidder,440.45105334225985,440.45105334225985,True,False,5,ValueBidder=440.45 | PacingBidder=440.45 | CTRBidder=14.84 | ThresholdBidder=12.37 | FixedBidder=1.50
1372,PacingBidder,460.3026159046794,460.30261590467904,True,False,5,PacingBidder=460.30 | ValueBidder=460.30 | CTRBidder=15.17 | ThresholdBidder=12.64 | FixedBidder=1.50
1373,ValueBidder,413.2137628733213,413.21376287332083,False,False,5,ValueBidder=413.21 | PacingBidder=413.21 | CTRBidder=14.37 | ThresholdBidder=11.98 | FixedBidder=1.50
1374,ValueBidder,502.7481304931575,502.7481304931575,False,False,5,ValueBidder=502.75 | PacingBidder=502.75 | CTRBidder=15.85 | ThresholdBidder=13.21 | FixedBidder=1.50
1375,ValueBidder,447.2064571705032,447.20645717050303,False,False,5,ValueBidder=447.21 | PacingBidder=447.21 | CTRBidder=14.95 | ThresholdBidder=12.46 | FixedBidder=1.50
1376,ValueBidder,364.53664033340095,364.53664033340095,True,False,5,ValueBidder=364.54 | PacingBidder=364.54 | CTRBidder=13.50 | ThresholdBidder=11.25 | FixedBidder=1.50
1377,ValueBidder,407.8307833804143,407.8307833804142,True,False,5,ValueBidder=407.83 | PacingBidder=407.83 | CTRBidder=14.28 | ThresholdBidder=11.90 | FixedBidder=1.50
1378,ValueBidder,405.1205893748101,405.1205893748101,False,False,5,ValueBidder=405.12 | PacingBidder=405.12 | CTRBidder=14.23 | ThresholdBidder=11.86 | FixedBidder=1.50
1379,ValueBidder,87.0468498664795,87.04684986647945,False,False,5,ValueBidder=87.05 | PacingBidder=87.05 | CTRBidder=6.60 | ThresholdBidder=5.50 | FixedBidder=1.50
1380,ValueBidder,527.9306092833019,527.9306092833019,True,False,5,ValueBidder=527.93 | PacingBidder=527.93 | CTRBidder=16.25 | ThresholdBidder=13.54 | FixedBidder=1.50
1381,ValueBidder,273.8718524588575,273.8718524588574,False,False,5,ValueBidder=273.87 | PacingBidder=273.87 | CTRBidder=11.70 | ThresholdBidder=9.75 | FixedBidder=1.50
1382,ValueBidder,589.6398244781467,589.6398244781467,True,False,5,ValueBidder=589.64 | PacingBidder=589.64 | CTRBidder=17.17 | ThresholdBidder=14.31 | FixedBidder=1.50
1383,PacingBidder,396.8502478967181,396.850247896718,True,False,5,PacingBidder=396.85 | ValueBidder=396.85 | CTRBidder=14.09 | ThresholdBidder=11.74 | FixedBidder=1.50
1384,ValueBidder,225.03908165701625,225.03908165701603,False,False,5,ValueBidder=225.04 | PacingBidder=225.04 | CTRBidder=10.61 | ThresholdBidder=8.84 | FixedBidder=1.50
1385,ValueBidder,339.71636512981127,339.71636512981087,False,False,5,ValueBidder=339.72 | PacingBidder=339.72 | CTRBidder=13.03 | ThresholdBidder=10.86 | FixedBidder=1.50
1386,ValueBidder,245.86164864376087,245.86164864376076,False,False,5,ValueBidder=245.86 | PacingBidder=245.86 | CTRBidder=11.09 | ThresholdBidder=9.24 | FixedBidder=1.50
1387,ValueBidder,204.09658462661247,204.09658462661247,True,False,5,ValueBidder=204.10 | PacingBidder=204.10 | CTRBidder=10.10 | ThresholdBidder=8.42 | FixedBidder=1.50
1388,ValueBidder,361.3647506587119,361.3647506587119,True,False,5,ValueBidder=361.36 | PacingBidder=361.36 | CTRBidder=13.44 | ThresholdBidder=11.20 | FixedBidder=1.50
1389,ValueBidder,612.0167990691077,612.0167990691075,False,False,5,ValueBidder=612.02 | PacingBidder=612.02 | CTRBidder=17.49 | ThresholdBidder=14.58 | FixedBidder=1.50
1390,ValueBidder,449.90472182390766,449.90472182390755,False,False,5,ValueBidder=449.90 | PacingBidder=449.90 | CTRBidder=15.00 | ThresholdBidder=12.50 | FixedBidder=1.50
1391,ValueBidder,416.8060003016598,416.8060003016598,False,False,5,ValueBidder=416.81 | PacingBidder=416.81 | CTRBidder=14.44 | ThresholdBidder=12.03 | FixedBidder=1.50
1392,ValueBidder,213.41056217767684,213.41056217767672,False,False,5,ValueBidder=213.41 | PacingBidder=213.41 | CTRBidder=10.33 | ThresholdBidder=8.61 | FixedBidder=1.50
1393,ValueBidder,104.26401576106498,104.26401576106491,False,False,5,ValueBidder=104.26 | PacingBidder=104.26 | CTRBidder=7.22 | ThresholdBidder=6.02 | FixedBidder=1.50
1394,PacingBidder,330.2271416295966,330.2271416295965,True,False,5,PacingBidder=330.23 | ValueBidder=330.23 | CTRBidder=12.85 | ThresholdBidder=10.71 | FixedBidder=1.50
1395,PacingBidder,364.19482493838274,364.19482493838245,False,False,5,PacingBidder=364.19 | ValueBidder=364.19 | CTRBidder=13.49 | ThresholdBidder=11.25 | FixedBidder=1.50
1396,ValueBidder,628.2947015483888,628.2947015483886,False,False,5,ValueBidder=628.29 | PacingBidder=628.29 | CTRBidder=17.72 | ThresholdBidder=14.77 | FixedBidder=1.50
1397,ValueBidder,197.30781815651457,197.30781815651457,False,False,5,ValueBidder=197.31 | PacingBidder=197.31 | CTRBidder=9.93 | ThresholdBidder=8.28 | FixedBidder=1.50
1398,PacingBidder,712.1223957355242,712.1223957355235,False,False,5,PacingBidder=712.12 | ValueBidder=712.12 | CTRBidder=18.87 | ThresholdBidder=15.72 | FixedBidder=1.50
1399,PacingBidder,490.7997516325457,490.79975163254545,False,False,5,PacingBidder=490.80 | ValueBidder=490.80 | CTRBidder=15.67 | ThresholdBidder=13.05 | FixedBidder=1.50
1400,PacingBidder,346.4369349448335,346.4369349448333,True,False,5,PacingBidder=346.44 | ValueBidder=346.44 | CTRBidder=13.16 | ThresholdBidder=10.97 | FixedBidder=1.50
1401,ValueBidder,275.0737315706441,275.0737315706441,False,False,5,ValueBidder=275.07 | PacingBidder=275.07 | CTRBidder=11.73 | ThresholdBidder=9.77 | FixedBidder=1.50
1402,PacingBidder,252.8736314774272,252.87363147742704,True,True,5,PacingBidder=252.87 | ValueBidder=252.87 | CTRBidder=11.24 | ThresholdBidder=9.37 | FixedBidder=1.50
1403,ValueBidder,334.05277074232566,334.05277074232566,False,False,5,ValueBidder=334.05 | PacingBidder=334.05 | CTRBidder=12.92 | ThresholdBidder=10.77 | FixedBidder=1.50
1404,ValueBidder,413.9550865472728,413.9550865472727,True,False,5,ValueBidder=413.96 | PacingBidder=413.96 | CTRBidder=14.39 | ThresholdBidder=11.99 | FixedBidder=1.50
1405,ValueBidder,492.3479548242712,492.34795482427097,False,False,5,ValueBidder=492.35 | PacingBidder=492.35 | CTRBidder=15.69 | ThresholdBidder=13.07 | FixedBidder=1.50
1406,ValueBidder,237.4732057533625,237.4732057533625,True,False,5,ValueBidder=237.47 | PacingBidder=237.47 | CTRBidder=10.90 | ThresholdBidder=9.08 | FixedBidder=1.50
1407,ValueBidder,201.36714024799926,201.36714024799915,False,False,5,ValueBidder=201.37 | PacingBidder=201.37 | CTRBidder=10.03 | ThresholdBidder=8.36 | FixedBidder=1.50
1408,PacingBidder,400.2146581520147,400.2146581520146,False,False,5,PacingBidder=400.21 | ValueBidder=400.21 | CTRBidder=14.15 | ThresholdBidder=11.79 | FixedBidder=1.50
1409,ValueBidder,168.01120618530447,168.01120618530442,True,False,5,ValueBidder=168.01 | PacingBidder=168.01 | CTRBidder=9.17 | ThresholdBidder=7.64 | FixedBidder=1.50
1410,ValueBidder,686.3184617310978,686.3184617310978,True,False,5,ValueBidder=686.32 | PacingBidder=686.32 | CTRBidder=18.52 | ThresholdBidder=15.44 | FixedBidder=1.50
1411,PacingBidder,534.2795444116973,534.2795444116971,False,False,5,PacingBidder=534.28 | ValueBidder=534.28 | CTRBidder=16.34 | ThresholdBidder=13.62 | FixedBidder=1.50
1412,PacingBidder,382.1036335481524,382.10363354815206,False,False,5,PacingBidder=382.10 | ValueBidder=382.10 | CTRBidder=13.82 | ThresholdBidder=11.52 | FixedBidder=1.50
1413,ValueBidder,384.50961565431083,384.5096156543104,False,False,5,ValueBidder=384.51 | PacingBidder=384.51 | CTRBidder=13.87 | ThresholdBidder=11.55 | FixedBidder=1.50
1414,PacingBidder,476.34356440434397,476.3435644043437,True,False,5,PacingBidder=476.34 | ValueBidder=476.34 | CTRBidder=15.43 | ThresholdBidder=12.86 | FixedBidder=1.50
1415,ValueBidder,81.6388196294028,81.63881962940278,False,False,5,ValueBidder=81.64 | PacingBidder=81.64 | CTRBidder=6.39 | ThresholdBidder=5.32 | FixedBidder=1.50
1416,ValueBidder,342.8321464507984,342.83214645079795,True,False,5,ValueBidder=342.83 | PacingBidder=342.83 | CTRBidder=13.09 | ThresholdBidder=10.91 | FixedBidder=1.50
1417,ValueBidder,459.84746442571657,459.84746442571657,False,False,5,ValueBidder=459.85 | PacingBidder=459.85 | CTRBidder=15.16 | ThresholdBidder=12.64 | FixedBidder=1.50
1418,ValueBidder,395.5705680342541,395.5705680342541,True,False,5,ValueBidder=395.57 | PacingBidder=395.57 | CTRBidder=14.06 | ThresholdBidder=11.72 | FixedBidder=1.50
1419,PacingBidder,434.63624208575874,434.6362420857585,True,False,5,PacingBidder=434.64 | ValueBidder=434.64 | CTRBidder=14.74 | ThresholdBidder=12.28 | FixedBidder=1.50
1420,ValueBidder,451.705458930528,451.70545893052787,False,False,5,ValueBidder=451.71 | PacingBidder=451.71 | CTRBidder=15.03 | ThresholdBidder=12.52 | FixedBidder=1.50
1421,PacingBidder,331.30106770038503,331.3010677003848,False,False,5,PacingBidder=331.30 | ValueBidder=331.30 | CTRBidder=12.87 | ThresholdBidder=10.73 | FixedBidder=1.50
1422,ValueBidder,607.6845070676146,607.6845070676146,True,False,5,ValueBidder=607.68 | PacingBidder=607.68 | CTRBidder=17.43 | ThresholdBidder=14.53 | FixedBidder=1.50
1423,PacingBidder,347.95306001571964,347.95306001571953,False,False,5,PacingBidder=347.95 | ValueBidder=347.95 | CTRBidder=13.19 | ThresholdBidder=10.99 | FixedBidder=1.50
1424,PacingBidder,423.3440472347387,423.34404723473864,False,False,5,PacingBidder=423.34 | ValueBidder=423.34 | CTRBidder=14.55 | ThresholdBidder=12.12 | FixedBidder=1.50
1425,PacingBidder,392.86493421634236,392.86493421634225,False,False,5,PacingBidder=392.86 | ValueBidder=392.86 | CTRBidder=14.02 | ThresholdBidder=11.68 | FixedBidder=1.50
1426,PacingBidder,283.552502912856,283.55250291285597,False,False,5,PacingBidder=283.55 | ValueBidder=283.55 | CTRBidder=11.91 | ThresholdBidder=9.92 | FixedBidder=1.50
1427,ValueBidder,557.3713595477966,557.3713595477964,True,False,5,ValueBidder=557.37 | PacingBidder=557.37 | CTRBidder=16.69 | ThresholdBidder=13.91 | FixedBidder=1.50
1428,ValueBidder,375.0398145849122,375.0398145849122,False,False,5,ValueBidder=375.04 | PacingBidder=375.04 | CTRBidder=13.69 | ThresholdBidder=11.41 | FixedBidder=1.50
1429,PacingBidder,559.3127016889546,559.3127016889541,True,False,5,PacingBidder=559.31 | ValueBidder=559.31 | CTRBidder=16.72 | ThresholdBidder=13.94 | FixedBidder=1.50
1430,ValueBidder,370.81275403318614,370.81275403318614,True,False,5,ValueBidder=370.81 | PacingBidder=370.81 | CTRBidder=13.62 | ThresholdBidder=11.35 | FixedBidder=1.50
1431,ValueBidder,278.6465059533656,278.6465059533656,True,False,5,ValueBidder=278.65 | PacingBidder=278.65 | CTRBidder=11.80 | ThresholdBidder=9.84 | FixedBidder=1.50
1432,PacingBidder,598.457537911638,598.4575379116376,False,False,5,PacingBidder=598.46 | ValueBidder=598.46 | CTRBidder=17.30 | ThresholdBidder=14.42 | FixedBidder=1.50
1433,PacingBidder,328.9387019351717,328.93870193517165,False,False,5,PacingBidder=328.94 | ValueBidder=328.94 | CTRBidder=12.82 | ThresholdBidder=10.69 | FixedBidder=1.50
1434,ValueBidder,429.31588876850515,429.31588876850503,True,False,5,ValueBidder=429.32 | PacingBidder=429.32 | CTRBidder=14.65 | ThresholdBidder=12.21 | FixedBidder=1.50
1435,ValueBidder,633.2387510261626,633.2387510261626,True,False,5,ValueBidder=633.24 | PacingBidder=633.24 | CTRBidder=17.79 | ThresholdBidder=14.83 | FixedBidder=1.50
1436,ValueBidder,374.4899247831723,374.4899247831723,False,False,5,ValueBidder=374.49 | PacingBidder=374.49 | CTRBidder=13.68 | ThresholdBidder=11.40 | FixedBidder=1.50
1437,PacingBidder,373.86404150778594,373.8640415077856,True,False,5,PacingBidder=373.86 | ValueBidder=373.86 | CTRBidder=13.67 | ThresholdBidder=11.39 | FixedBidder=1.50
1438,ValueBidder,205.6242519214907,205.6242519214907,False,False,5,ValueBidder=205.62 | PacingBidder=205.62 | CTRBidder=10.14 | ThresholdBidder=8.45 | FixedBidder=1.50
1439,ValueBidder,426.7458760341814,426.7458760341814,False,False,5,ValueBidder=426.75 | PacingBidder=426.75 | CTRBidder=14.61 | ThresholdBidder=12.17 | FixedBidder=1.50
1440,ValueBidder,320.00400145219004,320.0040014521898,False,False,5,ValueBidder=320.00 | PacingBidder=320.00 | CTRBidder=12.65 | ThresholdBidder=10.54 | FixedBidder=1.50
1441,PacingBidder,72.03041544512301,72.03041544512296,False,False,5,PacingBidder=72.03 | ValueBidder=72.03 | CTRBidder=6.00 | ThresholdBidder=5.00 | FixedBidder=1.50
1442,PacingBidder,160.66527800421173,160.66527800421164,False,False,5,PacingBidder=160.67 | ValueBidder=160.67 | CTRBidder=8.96 | ThresholdBidder=7.47 | FixedBidder=1.50
1443,ValueBidder,424.75848851398797,424.75848851398797,False,False,5,ValueBidder=424.76 | PacingBidder=424.76 | CTRBidder=14.57 | ThresholdBidder=12.14 | FixedBidder=1.50
1444,PacingBidder,465.5916960580744,465.59169605807415,False,False,5,PacingBidder=465.59 | ValueBidder=465.59 | CTRBidder=15.26 | ThresholdBidder=12.71 | FixedBidder=1.50
1445,ValueBidder,631.1801744332446,631.1801744332446,False,False,5,ValueBidder=631.18 | PacingBidder=631.18 | CTRBidder=17.76 | ThresholdBidder=14.80 | FixedBidder=1.50
1446,PacingBidder,467.8265563083473,467.8265563083469,False,False,5,PacingBidder=467.83 | ValueBidder=467.83 | CTRBidder=15.29 | ThresholdBidder=12.75 | FixedBidder=1.50
1447,ValueBidder,388.76571891003067,388.76571891003067,True,False,5,ValueBidder=388.77 | PacingBidder=388.77 | CTRBidder=13.94 | ThresholdBidder=11.62 | FixedBidder=1.50
1448,PacingBidder,267.27613462786286,267.27613462786263,True,False,5,PacingBidder=267.28 | ValueBidder=267.28 | CTRBidder=11.56 | ThresholdBidder=9.63 | FixedBidder=1.50
1449,ValueBidder,613.151370163673,613.1513701636728,True,False,5,ValueBidder=613.15 | PacingBidder=613.15 | CTRBidder=17.51 | ThresholdBidder=14.59 | FixedBidder=1.50
1450,ValueBidder,398.8760147677031,398.8760147677031,False,False,5,ValueBidder=398.88 | PacingBidder=398.88 | CTRBidder=14.12 | ThresholdBidder=11.77 | FixedBidder=1.50
1451,ValueBidder,256.5916361137416,256.59163611374146,False,False,5,ValueBidder=256.59 | PacingBidder=256.59 | CTRBidder=11.33 | ThresholdBidder=9.44 | FixedBidder=1.50
1452,ValueBidder,421.8537986382577,421.85379863825744,False,False,5,ValueBidder=421.85 | PacingBidder=421.85 | CTRBidder=14.52 | ThresholdBidder=12.10 | FixedBidder=1.50
1453,PacingBidder,239.25068917118054,239.25068917118043,True,False,5,PacingBidder=239.25 | ValueBidder=239.25 | CTRBidder=10.94 | ThresholdBidder=9.11 | FixedBidder=1.50
1454,PacingBidder,530.856448608566,530.8564486085658,False,False,5,PacingBidder=530.86 | ValueBidder=530.86 | CTRBidder=16.29 | ThresholdBidder=13.58 | FixedBidder=1.50
1455,PacingBidder,506.8737038372697,506.8737038372695,True,False,5,PacingBidder=506.87 | ValueBidder=506.87 | CTRBidder=15.92 | ThresholdBidder=13.27 | FixedBidder=1.50
1456,ValueBidder,192.8493705450776,192.8493705450776,False,False,5,ValueBidder=192.85 | PacingBidder=192.85 | CTRBidder=9.82 | ThresholdBidder=8.18 | FixedBidder=1.50
1457,PacingBidder,211.88087814324678,211.88087814324663,False,False,5,PacingBidder=211.88 | ValueBidder=211.88 | CTRBidder=10.29 | ThresholdBidder=8.58 | FixedBidder=1.50
1458,ValueBidder,461.28421289886984,461.2842128988696,True,False,5,ValueBidder=461.28 | PacingBidder=461.28 | CTRBidder=15.19 | ThresholdBidder=12.66 | FixedBidder=1.50
1459,PacingBidder,170.45910801967207,170.45910801967204,False,False,5,PacingBidder=170.46 | ValueBidder=170.46 | CTRBidder=9.23 | ThresholdBidder=7.69 | FixedBidder=1.50
1460,ValueBidder,282.95584494985326,282.95584494985303,False,False,5,ValueBidder=282.96 | PacingBidder=282.96 | CTRBidder=11.89 | ThresholdBidder=9.91 | FixedBidder=1.50
1461,ValueBidder,289.5226190702393,289.5226190702392,False,False,5,ValueBidder=289.52 | PacingBidder=289.52 | CTRBidder=12.03 | ThresholdBidder=10.03 | FixedBidder=1.50
1462,ValueBidder,222.60816765920546,222.6081676592051,False,False,5,ValueBidder=222.61 | PacingBidder=222.61 | CTRBidder=10.55 | ThresholdBidder=8.79 | FixedBidder=1.50
1463,PacingBidder,396.7349146928108,396.7349146928107,False,False,5,PacingBidder=396.73 | ValueBidder=396.73 | CTRBidder=14.08 | ThresholdBidder=11.74 | FixedBidder=1.50
1464,PacingBidder,283.91177047342626,283.91177047342615,True,False,5,PacingBidder=283.91 | ValueBidder=283.91 | CTRBidder=11.91 | ThresholdBidder=9.93 | FixedBidder=1.50
1465,ValueBidder,422.68610671698224,422.68610671698224,False,False,5,ValueBidder=422.69 | PacingBidder=422.69 | CTRBidder=14.54 | ThresholdBidder=12.11 | FixedBidder=1.50
1466,PacingBidder,206.87793321697484,206.87793321697475,False,False,5,PacingBidder=206.88 | ValueBidder=206.88 | CTRBidder=10.17 | ThresholdBidder=8.48 | FixedBidder=1.50
1467,PacingBidder,432.6489889944439,432.6489889944434,False,False,5,PacingBidder=432.65 | ValueBidder=432.65 | CTRBidder=14.71 | ThresholdBidder=12.26 | FixedBidder=1.50
1468,ValueBidder,486.3762739072035,486.37627390720314,True,False,5,ValueBidder=486.38 | PacingBidder=486.38 | CTRBidder=15.59 | ThresholdBidder=13.00 | FixedBidder=1.50
1469,ValueBidder,351.9735287657767,351.97352876577656,True,False,5,ValueBidder=351.97 | PacingBidder=351.97 | CTRBidder=13.27 | ThresholdBidder=11.06 | FixedBidder=1.50
1470,ValueBidder,274.6598433682291,274.6598433682289,True,False,5,ValueBidder=274.66 | PacingBidder=274.66 | CTRBidder=11.72 | ThresholdBidder=9.77 | FixedBidder=1.50
1471,ValueBidder,236.81279846629272,236.8127984662926,False,False,5,ValueBidder=236.81 | PacingBidder=236.81 | CTRBidder=10.88 | ThresholdBidder=9.07 | FixedBidder=1.50
1472,ValueBidder,479.0888896153777,479.08888961537764,True,False,5,ValueBidder=479.09 | PacingBidder=479.09 | CTRBidder=15.48 | ThresholdBidder=12.90 | FixedBidder=1.50
1473,ValueBidder,348.7030354086885,348.7030354086885,False,False,5,ValueBidder=348.70 | PacingBidder=348.70 | CTRBidder=13.20 | ThresholdBidder=11.00 | FixedBidder=1.50
1474,PacingBidder,212.97749924389944,212.9774992438993,False,False,5,PacingBidder=212.98 | ValueBidder=212.98 | CTRBidder=10.32 | ThresholdBidder=8.60 | FixedBidder=1.50
1475,PacingBidder,371.51370075612573,371.5137007561256,True,False,5,PacingBidder=371.51 | ValueBidder=371.51 | CTRBidder=13.63 | ThresholdBidder=11.36 | FixedBidder=1.50
1476,PacingBidder,471.7197553176093,471.7197553176091,False,False,5,PacingBidder=471.72 | ValueBidder=471.72 | CTRBidder=15.36 | ThresholdBidder=12.80 | FixedBidder=1.50
1477,ValueBidder,316.9470926725334,316.9470926725334,False,False,5,ValueBidder=316.95 | PacingBidder=316.95 | CTRBidder=12.59 | ThresholdBidder=10.49 | FixedBidder=1.50
1478,ValueBidder,273.9071695838609,273.9071695838609,False,False,5,ValueBidder=273.91 | PacingBidder=273.91 | CTRBidder=11.70 | ThresholdBidder=9.75 | FixedBidder=1.50
1479,PacingBidder,336.7793933649431,336.7793933649429,False,False,5,PacingBidder=336.78 | ValueBidder=336.78 | CTRBidder=12.98 | ThresholdBidder=10.81 | FixedBidder=1.50
1480,ValueBidder,58.00502473845693,58.00502473845691,False,False,5,ValueBidder=58.01 | PacingBidder=58.01 | CTRBidder=5.39 | ThresholdBidder=4.49 | FixedBidder=1.50
1481,PacingBidder,365.86659084039474,365.8665908403944,False,False,5,PacingBidder=365.87 | ValueBidder=365.87 | CTRBidder=13.53 | ThresholdBidder=11.27 | FixedBidder=1.50
1482,PacingBidder,362.56501833709154,362.5650183370915,False,False,5,PacingBidder=362.57 | ValueBidder=362.57 | CTRBidder=13.46 | ThresholdBidder=11.22 | FixedBidder=1.50
1483,ValueBidder,434.99058093745543,434.9905809374552,True,False,5,ValueBidder=434.99 | PacingBidder=434.99 | CTRBidder=14.75 | ThresholdBidder=12.29 | FixedBidder=1.50
1484,ValueBidder,492.5424725334264,492.542472533426,False,False,5,ValueBidder=492.54 | PacingBidder=492.54 | CTRBidder=15.69 | ThresholdBidder=13.08 | FixedBidder=1.50
1485,ValueBidder,612.67185259683,612.6718525968298,False,False,5,ValueBidder=612.67 | PacingBidder=612.67 | CTRBidder=17.50 | ThresholdBidder=14.59 | FixedBidder=1.50
1486,ValueBidder,458.75998290436024,458.7599829043601,False,False,5,ValueBidder=458.76 | PacingBidder=458.76 | CTRBidder=15.15 | ThresholdBidder=12.62 | FixedBidder=1.50
1487,PacingBidder,168.09653577799548,168.0965357779954,False,False,5,PacingBidder=168.10 | ValueBidder=168.10 | CTRBidder=9.17 | ThresholdBidder=7.64 | FixedBidder=1.50
1488,ValueBidder,428.5179671441483,428.5179671441483,False,False,5,ValueBidder=428.52 | PacingBidder=428.52 | CTRBidder=14.64 | ThresholdBidder=12.20 | FixedBidder=1.50
1489,PacingBidder,416.83968078902353,416.8396807890234,True,False,5,PacingBidder=416.84 | ValueBidder=416.84 | CTRBidder=14.44 | ThresholdBidder=12.03 | FixedBidder=1.50
1490,PacingBidder,212.6882511332703,212.68825113327026,True,False,5,PacingBidder=212.69 | ValueBidder=212.69 | CTRBidder=10.31 | ThresholdBidder=8.59 | FixedBidder=1.50
1491,ValueBidder,159.93866230713928,159.93866230713928,False,False,5,ValueBidder=159.94 | PacingBidder=159.94 | CTRBidder=8.94 | ThresholdBidder=7.45 | FixedBidder=1.50
1492,PacingBidder,123.91378031670877,123.91378031670871,True,False,5,PacingBidder=123.91 | ValueBidder=123.91 | CTRBidder=7.87 | ThresholdBidder=6.56 | FixedBidder=1.50
1493,ValueBidder,527.7501921967902,527.7501921967897,True,False,5,ValueBidder=527.75 | PacingBidder=527.75 | CTRBidder=16.24 | ThresholdBidder=13.54 | FixedBidder=1.50
1494,PacingBidder,175.33953276710355,175.3395327671035,False,False,5,PacingBidder=175.34 | ValueBidder=175.34 | CTRBidder=9.36 | ThresholdBidder=7.80 | FixedBidder=1.50
1495,ValueBidder,278.5429346977076,278.5429346977076,True,False,5,ValueBidder=278.54 | PacingBidder=278.54 | CTRBidder=11.80 | ThresholdBidder=9.83 | FixedBidder=1.50
1496,ValueBidder,466.3214351578737,466.3214351578737,True,False,5,ValueBidder=466.32 | PacingBidder=466.32 | CTRBidder=15.27 | ThresholdBidder=12.72 | FixedBidder=1.50
1497,PacingBidder,433.72706990285513,433.7270699028549,True,False,5,PacingBidder=433.73 | ValueBidder=433.73 | CTRBidder=14.73 | ThresholdBidder=12.27 | FixedBidder=1.50
1498,ValueBidder,627.1118986174487,627.1118986174486,False,False,5,ValueBidder=627.11 | PacingBidder=627.11 | CTRBidder=17.71 | ThresholdBidder=14.76 | FixedBidder=1.50
1499,PacingBidder,196.26737249190572,196.26737249190566,False,False,5,PacingBidder=196.27 | ValueBidder=196.27 | CTRBidder=9.91 | ThresholdBidder=8.26 | FixedBidder=1.50
1500,PacingBidder,343.43271622960617,343.43271622960583,False,False,5,PacingBidder=343.43 | ValueBidder=343.43 | CTRBidder=13.10 | ThresholdBidder=10.92 | FixedBidder=1.50
1501,ValueBidder,408.78415546969205,408.784155469692,True,False,5,ValueBidder=408.78 | PacingBidder=408.78 | CTRBidder=14.30 | ThresholdBidder=11.91 | FixedBidder=1.50
1502,ValueBidder,338.2505283988998,338.2505283988997,True,False,5,ValueBidder=338.25 | PacingBidder=338.25 | CTRBidder=13.00 | ThresholdBidder=10.84 | FixedBidder=1.50
1503,ValueBidder,599.0901314050335,599.0901314050335,False,False,5,ValueBidder=599.09 | PacingBidder=599.09 | CTRBidder=17.31 | ThresholdBidder=14.42 | FixedBidder=1.50
1504,ValueBidder,719.3728142990959,719.3728142990954,True,False,5,ValueBidder=719.37 | PacingBidder=719.37 | CTRBidder=18.97 | ThresholdBidder=15.80 | FixedBidder=1.50
1505,ValueBidder,594.6097853542312,594.6097853542312,True,False,5,ValueBidder=594.61 | PacingBidder=594.61 | CTRBidder=17.24 | ThresholdBidder=14.37 | FixedBidder=1.50
1506,PacingBidder,362.8214415762229,362.82144157622275,False,False,5,PacingBidder=362.82 | ValueBidder=362.82 | CTRBidder=13.47 | ThresholdBidder=11.22 | FixedBidder=1.50
1507,ValueBidder,63.99654360160492,63.99654360160492,False,False,5,ValueBidder=64.00 | PacingBidder=64.00 | CTRBidder=5.66 | ThresholdBidder=4.71 | FixedBidder=1.50
1508,PacingBidder,574.3383312808434,574.3383312808428,True,False,5,PacingBidder=574.34 | ValueBidder=574.34 | CTRBidder=16.95 | ThresholdBidder=14.12 | FixedBidder=1.50
1509,PacingBidder,550.1705889845525,550.1705889845523,False,False,5,PacingBidder=550.17 | ValueBidder=550.17 | CTRBidder=16.59 | ThresholdBidder=13.82 | FixedBidder=1.50
1510,ValueBidder,546.4707978171265,546.4707978171265,False,False,5,ValueBidder=546.47 | PacingBidder=546.47 | CTRBidder=16.53 | ThresholdBidder=13.77 | FixedBidder=1.50
1511,ValueBidder,573.2966825919623,573.2966825919623,False,False,5,ValueBidder=573.30 | PacingBidder=573.30 | CTRBidder=16.93 | ThresholdBidder=14.11 | FixedBidder=1.50
1512,ValueBidder,598.384093761338,598.384093761338,True,False,5,ValueBidder=598.38 | PacingBidder=598.38 | CTRBidder=17.30 | ThresholdBidder=14.41 | FixedBidder=1.50
1513,ValueBidder,382.3283742668486,382.32837426684847,False,False,5,ValueBidder=382.33 | PacingBidder=382.33 | CTRBidder=13.83 | ThresholdBidder=11.52 | FixedBidder=1.50
1514,PacingBidder,235.033124414389,235.0331244143888,True,False,5,PacingBidder=235.03 | ValueBidder=235.03 | CTRBidder=10.84 | ThresholdBidder=9.03 | FixedBidder=1.50
1515,PacingBidder,189.57053081108486,189.5705308110848,False,False,5,PacingBidder=189.57 | ValueBidder=189.57 | CTRBidder=9.74 | ThresholdBidder=8.11 | FixedBidder=1.50
1516,PacingBidder,247.49465450647043,247.49465450647025,True,False,5,PacingBidder=247.49 | ValueBidder=247.49 | CTRBidder=11.12 | ThresholdBidder=9.27 | FixedBidder=1.50
1517,PacingBidder,363.323961499044,363.32396149904383,False,False,5,PacingBidder=363.32 | ValueBidder=363.32 | CTRBidder=13.48 | ThresholdBidder=11.23 | FixedBidder=1.50
1518,PacingBidder,690.2763415054192,690.276341505419,True,False,5,PacingBidder=690.28 | ValueBidder=690.28 | CTRBidder=18.58 | ThresholdBidder=15.48 | FixedBidder=1.50
1519,ValueBidder,571.5434467935045,571.5434467935045,False,False,5,ValueBidder=571.54 | PacingBidder=571.54 | CTRBidder=16.90 | ThresholdBidder=14.09 | FixedBidder=1.50
1520,ValueBidder,538.35294261978,538.35294261978,False,False,5,ValueBidder=538.35 | PacingBidder=538.35 | CTRBidder=16.41 | ThresholdBidder=13.67 | FixedBidder=1.50
1521,ValueBidder,436.99735449597694,436.99735449597677,False,False,5,ValueBidder=437.00 | PacingBidder=437.00 | CTRBidder=14.78 | ThresholdBidder=12.32 | FixedBidder=1.50
1522,PacingBidder,434.8123358323456,434.8123358323454,True,False,5,PacingBidder=434.81 | ValueBidder=434.81 | CTRBidder=14.74 | ThresholdBidder=12.29 | FixedBidder=1.50
1523,PacingBidder,425.61207906811967,425.6120790681192,False,False,5,PacingBidder=425.61 | ValueBidder=425.61 | CTRBidder=14.59 | ThresholdBidder=12.16 | FixedBidder=1.50
1524,ValueBidder,480.3547211327563,480.354721132756,True,False,5,ValueBidder=480.35 | PacingBidder=480.35 | CTRBidder=15.50 | ThresholdBidder=12.91 | FixedBidder=1.50
1525,PacingBidder,493.5953974786584,493.5953974786583,False,False,5,PacingBidder=493.60 | ValueBidder=493.60 | CTRBidder=15.71 | ThresholdBidder=13.09 | FixedBidder=1.50
1526,ValueBidder,544.2833426681793,544.2833426681793,True,False,5,ValueBidder=544.28 | PacingBidder=544.28 | CTRBidder=16.50 | ThresholdBidder=13.75 | FixedBidder=1.50
1527,ValueBidder,462.3008147338815,462.3008147338815,True,True,5,ValueBidder=462.30 | PacingBidder=462.30 | CTRBidder=15.20 | ThresholdBidder=12.67 | FixedBidder=1.50
1528,PacingBidder,341.1227230009108,341.1227230009107,False,False,5,PacingBidder=341.12 | ValueBidder=341.12 | CTRBidder=13.06 | ThresholdBidder=10.88 | FixedBidder=1.50
1529,ValueBidder,431.22966408133357,431.22966408133345,False,False,5,ValueBidder=431.23 | PacingBidder=431.23 | CTRBidder=14.68 | ThresholdBidder=12.24 | FixedBidder=1.50
1530,PacingBidder,449.71142994522046,449.7114299452201,True,False,5,PacingBidder=449.71 | ValueBidder=449.71 | CTRBidder=15.00 | ThresholdBidder=12.50 | FixedBidder=1.50
1531,ValueBidder,315.00220608939605,315.00220608939605,True,False,5,ValueBidder=315.00 | PacingBidder=315.00 | CTRBidder=12.55 | ThresholdBidder=10.46 | FixedBidder=1.50
1532,ValueBidder,459.44127474071644,459.44127474071604,False,False,5,ValueBidder=459.44 | PacingBidder=459.44 | CTRBidder=15.16 | ThresholdBidder=12.63 | FixedBidder=1.50
1533,ValueBidder,408.53763810959526,408.5376381095951,True,False,5,ValueBidder=408.54 | PacingBidder=408.54 | CTRBidder=14.29 | ThresholdBidder=11.91 | FixedBidder=1.50
1534,PacingBidder,387.923828465769,387.9238284657689,True,False,5,PacingBidder=387.92 | ValueBidder=387.92 | CTRBidder=13.93 | ThresholdBidder=11.61 | FixedBidder=1.50
1535,PacingBidder,322.2791159482972,322.2791159482971,True,False,5,PacingBidder=322.28 | ValueBidder=322.28 | CTRBidder=12.69 | ThresholdBidder=10.58 | FixedBidder=1.50
1536,PacingBidder,143.82346899118386,143.82346899118374,True,False,5,PacingBidder=143.82 | ValueBidder=143.82 | CTRBidder=8.48 | ThresholdBidder=7.07 | FixedBidder=1.50
1537,PacingBidder,201.13674157225498,201.1367415722548,False,False,5,PacingBidder=201.14 | ValueBidder=201.14 | CTRBidder=10.03 | ThresholdBidder=8.36 | FixedBidder=1.50
1538,ValueBidder,683.0087433077883,683.0087433077882,True,False,5,ValueBidder=683.01 | PacingBidder=683.01 | CTRBidder=18.48 | ThresholdBidder=15.40 | FixedBidder=1.50
1539,ValueBidder,356.0624245470255,356.06242454702533,False,False,5,ValueBidder=356.06 | PacingBidder=356.06 | CTRBidder=13.34 | ThresholdBidder=11.12 | FixedBidder=1.50
1540,PacingBidder,288.0506554485609,288.0506554485608,True,False,5,PacingBidder=288.05 | ValueBidder=288.05 | CTRBidder=12.00 | ThresholdBidder=10.00 | FixedBidder=1.50
1541,ValueBidder,77.30930983559533,77.30930983559524,False,False,5,ValueBidder=77.31 | PacingBidder=77.31 | CTRBidder=6.22 | ThresholdBidder=5.18 | FixedBidder=1.50
1542,PacingBidder,245.28377008408506,245.28377008408495,True,False,5,PacingBidder=245.28 | ValueBidder=245.28 | CTRBidder=11.07 | ThresholdBidder=9.23 | FixedBidder=1.50
1543,PacingBidder,315.08454859403105,315.08454859403076,True,False,5,PacingBidder=315.08 | ValueBidder=315.08 | CTRBidder=12.55 | ThresholdBidder=10.46 | FixedBidder=1.50
1544,PacingBidder,390.4697381078202,390.4697381078199,True,False,5,PacingBidder=390.47 | ValueBidder=390.47 | CTRBidder=13.97 | ThresholdBidder=11.64 | FixedBidder=1.50
1545,ValueBidder,435.293298420241,435.293298420241,False,False,5,ValueBidder=435.29 | PacingBidder=435.29 | CTRBidder=14.75 | ThresholdBidder=12.29 | FixedBidder=1.50
1546,PacingBidder,485.3684164599595,485.3684164599593,True,False,5,PacingBidder=485.37 | ValueBidder=485.37 | CTRBidder=15.58 | ThresholdBidder=12.98 | FixedBidder=1.50
1547,PacingBidder,318.8245765751567,318.8245765751564,False,False,5,PacingBidder=318.82 | ValueBidder=318.82 | CTRBidder=12.63 | ThresholdBidder=10.52 | FixedBidder=1.50
1548,ValueBidder,366.00970189478767,366.0097018947874,False,False,5,ValueBidder=366.01 | PacingBidder=366.01 | CTRBidder=13.53 | ThresholdBidder=11.27 | FixedBidder=1.50
1549,ValueBidder,608.4519963404894,608.4519963404891,True,False,5,ValueBidder=608.45 | PacingBidder=608.45 | CTRBidder=17.44 | ThresholdBidder=14.54 | FixedBidder=1.50
1550,ValueBidder,299.16183512653066,299.16183512653066,False,False,5,ValueBidder=299.16 | PacingBidder=299.16 | CTRBidder=12.23 | ThresholdBidder=10.19 | FixedBidder=1.50
1551,ValueBidder,410.87816930821486,410.87816930821486,False,False,5,ValueBidder=410.88 | PacingBidder=410.88 | CTRBidder=14.33 | ThresholdBidder=11.94 | FixedBidder=1.50
1552,ValueBidder,246.939718827169,246.93971882716895,True,False,5,ValueBidder=246.94 | PacingBidder=246.94 | CTRBidder=11.11 | ThresholdBidder=9.26 | FixedBidder=1.50
1553,PacingBidder,471.73229095063215,471.7322909506315,False,False,5,PacingBidder=471.73 | ValueBidder=471.73 | CTRBidder=15.36 | ThresholdBidder=12.80 | FixedBidder=1.50
1554,ValueBidder,668.6842076203316,668.6842076203313,False,False,5,ValueBidder=668.68 | PacingBidder=668.68 | CTRBidder=18.29 | ThresholdBidder=15.24 | FixedBidder=1.50
1555,ValueBidder,495.5245468804482,495.5245468804478,True,False,5,ValueBidder=495.52 | PacingBidder=495.52 | CTRBidder=15.74 | ThresholdBidder=13.12 | FixedBidder=1.50
1556,PacingBidder,248.18812068475737,248.18812068475722,False,False,5,PacingBidder=248.19 | ValueBidder=248.19 | CTRBidder=11.14 | ThresholdBidder=9.28 | FixedBidder=1.50
1557,PacingBidder,395.90492316172805,395.9049231617277,True,False,5,PacingBidder=395.90 | ValueBidder=395.90 | CTRBidder=14.07 | ThresholdBidder=11.72 | FixedBidder=1.50
1558,PacingBidder,232.8944358592455,232.89443585924536,True,False,5,PacingBidder=232.89 | ValueBidder=232.89 | CTRBidder=10.79 | ThresholdBidder=8.99 | FixedBidder=1.50
1559,ValueBidder,325.90056608024867,325.90056608024855,True,False,5,ValueBidder=325.90 | PacingBidder=325.90 | CTRBidder=12.77 | ThresholdBidder=10.64 | FixedBidder=1.50
1560,ValueBidder,556.8301811701139,556.8301811701135,True,False,5,ValueBidder=556.83 | PacingBidder=556.83 | CTRBidder=16.69 | ThresholdBidder=13.90 | FixedBidder=1.50
1561,ValueBidder,325.09308517956964,325.09308517956936,True,False,5,ValueBidder=325.09 | PacingBidder=325.09 | CTRBidder=12.75 | ThresholdBidder=10.62 | FixedBidder=1.50
1562,ValueBidder,529.19593170429,529.19593170429,True,False,5,ValueBidder=529.20 | PacingBidder=529.20 | CTRBidder=16.27 | ThresholdBidder=13.56 | FixedBidder=1.50
1563,ValueBidder,408.1800362089065,408.1800362089063,True,False,5,ValueBidder=408.18 | PacingBidder=408.18 | CTRBidder=14.29 | ThresholdBidder=11.91 | FixedBidder=1.50
1564,ValueBidder,274.115189480809,274.115189480809,False,False,5,ValueBidder=274.12 | PacingBidder=274.12 | CTRBidder=11.71 | ThresholdBidder=9.76 | FixedBidder=1.50
1565,PacingBidder,457.8153243987607,457.81532439876054,True,False,5,PacingBidder=457.82 | ValueBidder=457.82 | CTRBidder=15.13 | ThresholdBidder=12.61 | FixedBidder=1.50
1566,PacingBidder,493.05753597007276,493.05753597007265,False,False,5,PacingBidder=493.06 | ValueBidder=493.06 | CTRBidder=15.70 | ThresholdBidder=13.08 | FixedBidder=1.50
1567,ValueBidder,513.0868992832966,513.0868992832966,False,False,5,ValueBidder=513.09 | PacingBidder=513.09 | CTRBidder=16.02 | ThresholdBidder=13.35 | FixedBidder=1.50
1568,ValueBidder,437.1580711994684,437.15807119946805,False,False,5,ValueBidder=437.16 | PacingBidder=437.16 | CTRBidder=14.78 | ThresholdBidder=12.32 | FixedBidder=1.50
1569,ValueBidder,340.6223036341497,340.6223036341497,False,False,5,ValueBidder=340.62 | PacingBidder=340.62 | CTRBidder=13.05 | ThresholdBidder=10.88 | FixedBidder=1.50
1570,PacingBidder,255.09677538325053,255.09677538325042,False,False,5,PacingBidder=255.10 | ValueBidder=255.10 | CTRBidder=11.29 | ThresholdBidder=9.41 | FixedBidder=1.50
1571,ValueBidder,168.29669400190454,168.29669400190454,False,False,5,ValueBidder=168.30 | PacingBidder=168.30 | CTRBidder=9.17 | ThresholdBidder=7.64 | FixedBidder=1.50
1572,PacingBidder,308.84123536032496,308.8412353603249,True,True,5,PacingBidder=308.84 | ValueBidder=308.84 | CTRBidder=12.43 | ThresholdBidder=10.36 | FixedBidder=1.50
1573,ValueBidder,512.3854520069855,512.3854520069855,True,False,5,ValueBidder=512.39 | PacingBidder=512.39 | CTRBidder=16.01 | ThresholdBidder=13.34 | FixedBidder=1.50
1574,ValueBidder,362.584957358159,362.5849573581587,False,False,5,ValueBidder=362.58 | PacingBidder=362.58 | CTRBidder=13.46 | ThresholdBidder=11.22 | FixedBidder=1.50
1575,ValueBidder,437.7826176846089,437.78261768460874,True,False,5,ValueBidder=437.78 | PacingBidder=437.78 | CTRBidder=14.79 | ThresholdBidder=12.33 | FixedBidder=1.50
1576,ValueBidder,421.5323367414186,421.5323367414185,True,False,5,ValueBidder=421.53 | PacingBidder=421.53 | CTRBidder=14.52 | ThresholdBidder=12.10 | FixedBidder=1.50
1577,ValueBidder,288.71035469128606,288.7103546912858,False,False,5,ValueBidder=288.71 | PacingBidder=288.71 | CTRBidder=12.01 | ThresholdBidder=10.01 | FixedBidder=1.50
1578,ValueBidder,261.3069077358713,261.3069077358712,False,False,5,ValueBidder=261.31 | PacingBidder=261.31 | CTRBidder=11.43 | ThresholdBidder=9.53 | FixedBidder=1.50
1579,PacingBidder,285.0736187867043,285.073618786704,False,False,5,PacingBidder=285.07 | ValueBidder=285.07 | CTRBidder=11.94 | ThresholdBidder=9.95 | FixedBidder=1.50
1580,PacingBidder,256.40449813159614,256.4044981315958,True,False,5,PacingBidder=256.40 | ValueBidder=256.40 | CTRBidder=11.32 | ThresholdBidder=9.44 | FixedBidder=1.50
1581,PacingBidder,202.18433098892228,202.18433098892223,False,False,5,PacingBidder=202.18 | ValueBidder=202.18 | CTRBidder=10.05 | ThresholdBidder=8.38 | FixedBidder=1.50
1582,ValueBidder,286.70379586646357,286.70379586646357,False,False,5,ValueBidder=286.70 | PacingBidder=286.70 | CTRBidder=11.97 | ThresholdBidder=9.98 | FixedBidder=1.50
1583,PacingBidder,572.696750961535,572.6967509615348,True,False,5,PacingBidder=572.70 | ValueBidder=572.70 | CTRBidder=16.92 | ThresholdBidder=14.10 | FixedBidder=1.50
1584,PacingBidder,577.0857044055716,577.0857044055714,False,False,5,PacingBidder=577.09 | ValueBidder=577.09 | CTRBidder=16.99 | ThresholdBidder=14.16 | FixedBidder=1.50
1585,ValueBidder,410.9727078239051,410.9727078239051,True,False,5,ValueBidder=410.97 | PacingBidder=410.97 | CTRBidder=14.33 | ThresholdBidder=11.95 | FixedBidder=1.50
1586,PacingBidder,114.17572919211683,114.17572919211682,False,False,5,PacingBidder=114.18 | ValueBidder=114.18 | CTRBidder=7.56 | ThresholdBidder=6.30 | FixedBidder=1.50
1587,ValueBidder,297.6928442583852,297.6928442583849,True,False,5,ValueBidder=297.69 | PacingBidder=297.69 | CTRBidder=12.20 | ThresholdBidder=10.17 | FixedBidder=1.50
1588,ValueBidder,455.7587325427349,455.7587325427349,False,False,5,ValueBidder=455.76 | PacingBidder=455.76 | CTRBidder=15.10 | ThresholdBidder=12.58 | FixedBidder=1.50
1589,ValueBidder,63.33548164939259,63.33548164939254,False,False,5,ValueBidder=63.34 | PacingBidder=63.34 | CTRBidder=5.63 | ThresholdBidder=4.69 | FixedBidder=1.50
1590,ValueBidder,164.63659931964867,164.63659931964867,True,False,5,ValueBidder=164.64 | PacingBidder=164.64 | CTRBidder=9.07 | ThresholdBidder=7.56 | FixedBidder=1.50
1591,ValueBidder,447.3551277204774,447.3551277204773,True,False,5,ValueBidder=447.36 | PacingBidder=447.36 | CTRBidder=14.96 | ThresholdBidder=12.46 | FixedBidder=1.50
1592,ValueBidder,546.9922555586977,546.9922555586975,True,False,5,ValueBidder=546.99 | PacingBidder=546.99 | CTRBidder=16.54 | ThresholdBidder=13.78 | FixedBidder=1.50
1593,ValueBidder,244.39648512115073,244.39648512115073,False,False,5,ValueBidder=244.40 | PacingBidder=244.40 | CTRBidder=11.05 | ThresholdBidder=9.21 | FixedBidder=1.50
1594,ValueBidder,393.25252586775883,393.25252586775844,True,False,5,ValueBidder=393.25 | PacingBidder=393.25 | CTRBidder=14.02 | ThresholdBidder=11.69 | FixedBidder=1.50
1595,PacingBidder,500.4650692136503,500.46506921364977,False,False,5,PacingBidder=500.47 | ValueBidder=500.47 | CTRBidder=15.82 | ThresholdBidder=13.18 | FixedBidder=1.50
1596,ValueBidder,593.921291794867,593.921291794867,False,False,5,ValueBidder=593.92 | PacingBidder=593.92 | CTRBidder=17.23 | ThresholdBidder=14.36 | FixedBidder=1.50
1597,ValueBidder,345.39238570995434,345.3923857099541,False,False,5,ValueBidder=345.39 | PacingBidder=345.39 | CTRBidder=13.14 | ThresholdBidder=10.95 | FixedBidder=1.50
1598,ValueBidder,156.75061996673594,156.75061996673594,False,False,5,ValueBidder=156.75 | PacingBidder=156.75 | CTRBidder=8.85 | ThresholdBidder=7.38 | FixedBidder=1.50
1599,PacingBidder,342.3038800270351,342.30388002703495,False,False,5,PacingBidder=342.30 | ValueBidder=342.30 | CTRBidder=13.08 | ThresholdBidder=10.90 | FixedBidder=1.50
1600,PacingBidder,454.30716015277875,454.3071601527786,True,False,5,PacingBidder=454.31 | ValueBidder=454.31 | CTRBidder=15.07 | ThresholdBidder=12.56 | FixedBidder=1.50
1601,PacingBidder,274.7073303300434,274.707330330043,False,False,5,PacingBidder=274.71 | ValueBidder=274.71 | CTRBidder=11.72 | ThresholdBidder=9.77 | FixedBidder=1.50
1602,ValueBidder,504.0018185921008,504.0018185921002,False,False,5,ValueBidder=504.00 | PacingBidder=504.00 | CTRBidder=15.87 | ThresholdBidder=13.23 | FixedBidder=1.50
1603,ValueBidder,487.9226597154734,487.9226597154734,True,False,5,ValueBidder=487.92 | PacingBidder=487.92 | CTRBidder=15.62 | ThresholdBidder=13.02 | FixedBidder=1.50
1604,ValueBidder,643.9693228046596,643.9693228046596,False,False,5,ValueBidder=643.97 | PacingBidder=643.97 | CTRBidder=17.94 | ThresholdBidder=14.95 | FixedBidder=1.50
1605,ValueBidder,301.7491977716159,301.7491977716159,False,False,5,ValueBidder=301.75 | PacingBidder=301.75 | CTRBidder=12.28 | ThresholdBidder=10.24 | FixedBidder=1.50
1606,PacingBidder,656.848713872952,656.8487138729517,True,False,5,PacingBidder=656.85 | ValueBidder=656.85 | CTRBidder=18.12 | ThresholdBidder=15.10 | FixedBidder=1.50
1607,ValueBidder,385.2155008523542,385.21550085235407,True,False,5,ValueBidder=385.22 | PacingBidder=385.22 | CTRBidder=13.88 | ThresholdBidder=11.57 | FixedBidder=1.50
1608,ValueBidder,176.57520854379686,176.57520854379686,True,False,5,ValueBidder=176.58 | PacingBidder=176.58 | CTRBidder=9.40 | ThresholdBidder=7.83 | FixedBidder=1.50
1609,ValueBidder,490.67046803258205,490.67046803258205,False,False,5,ValueBidder=490.67 | PacingBidder=490.67 | CTRBidder=15.66 | ThresholdBidder=13.05 | FixedBidder=1.50
1610,PacingBidder,632.1972996197729,632.1972996197726,True,False,5,PacingBidder=632.20 | ValueBidder=632.20 | CTRBidder=17.78 | ThresholdBidder=14.82 | FixedBidder=1.50
1611,ValueBidder,517.414639020985,517.414639020985,False,False,5,ValueBidder=517.41 | PacingBidder=517.41 | CTRBidder=16.08 | ThresholdBidder=13.40 | FixedBidder=1.50
1612,PacingBidder,435.0323540044341,435.03235400443384,True,False,5,PacingBidder=435.03 | ValueBidder=435.03 | CTRBidder=14.75 | ThresholdBidder=12.29 | FixedBidder=1.50
1613,PacingBidder,429.47154097005125,429.47154097005114,False,False,5,PacingBidder=429.47 | ValueBidder=429.47 | CTRBidder=14.65 | ThresholdBidder=12.21 | FixedBidder=1.50
1614,ValueBidder,48.44331505431431,48.44331505431431,True,False,5,ValueBidder=48.44 | PacingBidder=48.44 | CTRBidder=4.92 | ThresholdBidder=4.10 | FixedBidder=1.50
1615,ValueBidder,238.0754758755194,238.0754758755194,False,False,5,ValueBidder=238.08 | PacingBidder=238.08 | CTRBidder=10.91 | ThresholdBidder=9.09 | FixedBidder=1.50
1616,PacingBidder,222.85148149702772,222.85148149702752,False,False,5,PacingBidder=222.85 | ValueBidder=222.85 | CTRBidder=10.56 | ThresholdBidder=8.80 | FixedBidder=1.50
1617,ValueBidder,365.9179107096815,365.9179107096815,True,False,5,ValueBidder=365.92 | PacingBidder=365.92 | CTRBidder=13.53 | ThresholdBidder=11.27 | FixedBidder=1.50
1618,PacingBidder,359.11870583550115,359.1187058355008,False,False,5,PacingBidder=359.12 | ValueBidder=359.12 | CTRBidder=13.40 | ThresholdBidder=11.17 | FixedBidder=1.50
1619,ValueBidder,343.9072780069952,343.90727800699494,False,False,5,ValueBidder=343.91 | PacingBidder=343.91 | CTRBidder=13.11 | ThresholdBidder=10.93 | FixedBidder=1.50
1620,ValueBidder,493.5519839014882,493.5519839014882,True,False,5,ValueBidder=493.55 | PacingBidder=493.55 | CTRBidder=15.71 | ThresholdBidder=13.09 | FixedBidder=1.50
1621,ValueBidder,191.03680190876972,191.03680190876972,False,False,5,ValueBidder=191.04 | PacingBidder=191.04 | CTRBidder=9.77 | ThresholdBidder=8.14 | FixedBidder=1.50
1622,ValueBidder,172.95247678291042,172.95247678291042,True,False,5,ValueBidder=172.95 | PacingBidder=172.95 | CTRBidder=9.30 | ThresholdBidder=7.75 | FixedBidder=1.50
1623,PacingBidder,443.4929648892886,443.4929648892883,False,False,5,PacingBidder=443.49 | ValueBidder=443.49 | CTRBidder=14.89 | ThresholdBidder=12.41 | FixedBidder=1.50
1624,PacingBidder,250.00004543903304,250.00004543903287,False,False,5,PacingBidder=250.00 | ValueBidder=250.00 | CTRBidder=11.18 | ThresholdBidder=9.32 | FixedBidder=1.50
1625,ValueBidder,353.3811523119644,353.3811523119641,False,False,5,ValueBidder=353.38 | PacingBidder=353.38 | CTRBidder=13.29 | ThresholdBidder=11.08 | FixedBidder=1.50
1626,ValueBidder,69.27278108627732,69.27278108627732,False,False,5,ValueBidder=69.27 | PacingBidder=69.27 | CTRBidder=5.89 | ThresholdBidder=4.90 | FixedBidder=1.50
1627,ValueBidder,392.58164150011385,392.5816415001135,False,False,5,ValueBidder=392.58 | PacingBidder=392.58 | CTRBidder=14.01 | ThresholdBidder=11.68 | FixedBidder=1.50
1628,PacingBidder,487.33236624478997,487.33236624478957,True,False,5,PacingBidder=487.33 | ValueBidder=487.33 | CTRBidder=15.61 | ThresholdBidder=13.01 | FixedBidder=1.50
1629,ValueBidder,426.33753066415585,426.33753066415585,True,False,5,ValueBidder=426.34 | PacingBidder=426.34 | CTRBidder=14.60 | ThresholdBidder=12.17 | FixedBidder=1.50
1630,ValueBidder,553.7368030723741,553.7368030723741,True,False,5,ValueBidder=553.74 | PacingBidder=553.74 | CTRBidder=16.64 | ThresholdBidder=13.87 | FixedBidder=1.50
1631,ValueBidder,364.4621666619385,364.4621666619385,False,False,5,ValueBidder=364.46 | PacingBidder=364.46 | CTRBidder=13.50 | ThresholdBidder=11.25 | FixedBidder=1.50
1632,ValueBidder,502.54192908721416,502.54192908721416,False,False,5,ValueBidder=502.54 | PacingBidder=502.54 | CTRBidder=15.85 | ThresholdBidder=13.21 | FixedBidder=1.50
1633,ValueBidder,406.44287681753224,406.4428768175321,True,False,5,ValueBidder=406.44 | PacingBidder=406.44 | CTRBidder=14.26 | ThresholdBidder=11.88 | FixedBidder=1.50
1634,ValueBidder,522.9191325498343,522.9191325498341,True,False,5,ValueBidder=522.92 | PacingBidder=522.92 | CTRBidder=16.17 | ThresholdBidder=13.47 | FixedBidder=1.50
1635,ValueBidder,515.8790477448822,515.8790477448822,True,False,5,ValueBidder=515.88 | PacingBidder=515.88 | CTRBidder=16.06 | ThresholdBidder=13.38 | FixedBidder=1.50
1636,ValueBidder,316.6808926145724,316.6808926145724,False,False,5,ValueBidder=316.68 | PacingBidder=316.68 | CTRBidder=12.58 | ThresholdBidder=10.49 | FixedBidder=1.50
1637,ValueBidder,528.6391129601739,528.6391129601739,False,False,5,ValueBidder=528.64 | PacingBidder=528.64 | CTRBidder=16.26 | ThresholdBidder=13.55 | FixedBidder=1.50
1638,ValueBidder,387.2670121944363,387.2670121944362,False,False,5,ValueBidder=387.27 | PacingBidder=387.27 | CTRBidder=13.92 | ThresholdBidder=11.60 | FixedBidder=1.50
1639,PacingBidder,379.1131688825031,379.11316888250286,False,False,5,PacingBidder=379.11 | ValueBidder=379.11 | CTRBidder=13.77 | ThresholdBidder=11.47 | FixedBidder=1.50
1640,ValueBidder,424.8478165899912,424.8478165899912,False,False,5,ValueBidder=424.85 | PacingBidder=424.85 | CTRBidder=14.57 | ThresholdBidder=12.15 | FixedBidder=1.50
1641,ValueBidder,147.98831454839032,147.98831454839024,False,False,5,ValueBidder=147.99 | PacingBidder=147.99 | CTRBidder=8.60 | ThresholdBidder=7.17 | FixedBidder=1.50
1642,PacingBidder,365.94447878256807,365.94447878256796,False,False,5,PacingBidder=365.94 | ValueBidder=365.94 | CTRBidder=13.53 | ThresholdBidder=11.27 | FixedBidder=1.50
1643,ValueBidder,500.3910483855087,500.3910483855085,False,False,5,ValueBidder=500.39 | PacingBidder=500.39 | CTRBidder=15.82 | ThresholdBidder=13.18 | FixedBidder=1.50
1644,PacingBidder,559.3284924082035,559.3284924082033,True,False,5,PacingBidder=559.33 | ValueBidder=559.33 | CTRBidder=16.72 | ThresholdBidder=13.94 | FixedBidder=1.50
1645,PacingBidder,429.5040007841977,429.50400078419744,False,False,5,PacingBidder=429.50 | ValueBidder=429.50 | CTRBidder=14.65 | ThresholdBidder=12.21 | FixedBidder=1.50
1646,ValueBidder,365.31040182996264,365.3104018299624,False,False,5,ValueBidder=365.31 | PacingBidder=365.31 | CTRBidder=13.51 | ThresholdBidder=11.26 | FixedBidder=1.50
1647,PacingBidder,459.9259565049788,459.9259565049782,True,False,5,PacingBidder=459.93 | ValueBidder=459.93 | CTRBidder=15.16 | ThresholdBidder=12.64 | FixedBidder=1.50
1648,PacingBidder,314.2415548384833,314.2415548384832,True,False,5,PacingBidder=314.24 | ValueBidder=314.24 | CTRBidder=12.53 | ThresholdBidder=10.45 | FixedBidder=1.50
1649,ValueBidder,77.88631949749289,77.88631949749286,False,False,5,ValueBidder=77.89 | PacingBidder=77.89 | CTRBidder=6.24 | ThresholdBidder=5.20 | FixedBidder=1.50
1650,PacingBidder,582.2479237429733,582.2479237429727,False,False,5,PacingBidder=582.25 | ValueBidder=582.25 | CTRBidder=17.06 | ThresholdBidder=14.22 | FixedBidder=1.50
1651,ValueBidder,624.2921347486754,624.2921347486754,True,False,5,ValueBidder=624.29 | PacingBidder=624.29 | CTRBidder=17.67 | ThresholdBidder=14.72 | FixedBidder=1.50
1652,PacingBidder,619.9134377072784,619.913437707278,True,True,5,PacingBidder=619.91 | ValueBidder=619.91 | CTRBidder=17.61 | ThresholdBidder=14.67 | FixedBidder=1.50
1653,ValueBidder,563.386337335475,563.386337335475,True,False,5,ValueBidder=563.39 | PacingBidder=563.39 | CTRBidder=16.78 | ThresholdBidder=13.99 | FixedBidder=1.50
1654,ValueBidder,420.4391639944146,420.4391639944146,True,False,5,ValueBidder=420.44 | PacingBidder=420.44 | CTRBidder=14.50 | ThresholdBidder=12.08 | FixedBidder=1.50
1655,ValueBidder,516.5262949447457,516.5262949447456,True,False,5,ValueBidder=516.53 | PacingBidder=516.53 | CTRBidder=16.07 | ThresholdBidder=13.39 | FixedBidder=1.50
1656,ValueBidder,456.5020818467559,456.5020818467558,False,False,5,ValueBidder=456.50 | PacingBidder=456.50 | CTRBidder=15.11 | ThresholdBidder=12.59 | FixedBidder=1.50
1657,ValueBidder,437.07755310171467,437.07755310171444,True,False,5,ValueBidder=437.08 | PacingBidder=437.08 | CTRBidder=14.78 | ThresholdBidder=12.32 | FixedBidder=1.50
1658,ValueBidder,455.7189534191026,455.7189534191026,True,False,5,ValueBidder=455.72 | PacingBidder=455.72 | CTRBidder=15.10 | ThresholdBidder=12.58 | FixedBidder=1.50
1659,PacingBidder,677.6668049650525,677.6668049650522,True,False,5,PacingBidder=677.67 | ValueBidder=677.67 | CTRBidder=18.41 | ThresholdBidder=15.34 | FixedBidder=1.50
1660,ValueBidder,372.5522181861944,372.5522181861937,True,False,5,ValueBidder=372.55 | PacingBidder=372.55 | CTRBidder=13.65 | ThresholdBidder=11.37 | FixedBidder=1.50
1661,ValueBidder,597.0700651921126,597.0700651921126,False,False,5,ValueBidder=597.07 | PacingBidder=597.07 | CTRBidder=17.28 | ThresholdBidder=14.40 | FixedBidder=1.50
1662,ValueBidder,300.6757509178937,300.67575091789354,True,False,5,ValueBidder=300.68 | PacingBidder=300.68 | CTRBidder=12.26 | ThresholdBidder=10.22 | FixedBidder=1.50
1663,ValueBidder,320.9142535079269,320.9142535079267,True,False,5,ValueBidder=320.91 | PacingBidder=320.91 | CTRBidder=12.67 | ThresholdBidder=10.56 | FixedBidder=1.50
1664,ValueBidder,559.6817748785815,559.6817748785815,True,False,5,ValueBidder=559.68 | PacingBidder=559.68 | CTRBidder=16.73 | ThresholdBidder=13.94 | FixedBidder=1.50
1665,ValueBidder,549.0717962853869,549.0717962853869,False,False,5,ValueBidder=549.07 | PacingBidder=549.07 | CTRBidder=16.57 | ThresholdBidder=13.81 | FixedBidder=1.50
1666,ValueBidder,291.32339659027906,291.32339659027895,True,False,5,ValueBidder=291.32 | PacingBidder=291.32 | CTRBidder=12.07 | ThresholdBidder=10.06 | FixedBidder=1.50
1667,PacingBidder,645.4974079087477,645.4974079087469,True,False,5,PacingBidder=645.50 | ValueBidder=645.50 | CTRBidder=17.97 | ThresholdBidder=14.97 | FixedBidder=1.50
1668,PacingBidder,453.07468957996343,453.0746895799632,False,False,5,PacingBidder=453.07 | ValueBidder=453.07 | CTRBidder=15.05 | ThresholdBidder=12.54 | FixedBidder=1.50
1669,PacingBidder,562.2706072518082,562.2706072518077,False,False,5,PacingBidder=562.27 | ValueBidder=562.27 | CTRBidder=16.77 | ThresholdBidder=13.97 | FixedBidder=1.50
1670,ValueBidder,433.536876181959,433.536876181959,False,False,5,ValueBidder=433.54 | PacingBidder=433.54 | CTRBidder=14.72 | ThresholdBidder=12.27 | FixedBidder=1.50
1671,ValueBidder,429.9411582980909,429.9411582980909,False,False,5,ValueBidder=429.94 | PacingBidder=429.94 | CTRBidder=14.66 | ThresholdBidder=12.22 | FixedBidder=1.50
1672,ValueBidder,358.9452855554216,358.9452855554212,False,False,5,ValueBidder=358.95 | PacingBidder=358.95 | CTRBidder=13.40 | ThresholdBidder=11.16 | FixedBidder=1.50
1673,ValueBidder,584.0822185191789,584.0822185191789,True,False,5,ValueBidder=584.08 | PacingBidder=584.08 | CTRBidder=17.09 | ThresholdBidder=14.24 | FixedBidder=1.50
1674,ValueBidder,478.48581800335916,478.48581800335876,False,False,5,ValueBidder=478.49 | PacingBidder=478.49 | CTRBidder=15.47 | ThresholdBidder=12.89 | FixedBidder=1.50
1675,PacingBidder,497.6244557912692,497.6244557912689,True,False,5,PacingBidder=497.62 | ValueBidder=497.62 | CTRBidder=15.77 | ThresholdBidder=13.14 | FixedBidder=1.50
1676,PacingBidder,315.8996338024586,315.8996338024585,False,False,5,PacingBidder=315.90 | ValueBidder=315.90 | CTRBidder=12.57 | ThresholdBidder=10.47 | FixedBidder=1.50
1677,ValueBidder,269.39155093669217,269.3915509366919,False,False,5,ValueBidder=269.39 | PacingBidder=269.39 | CTRBidder=11.61 | ThresholdBidder=9.67 | FixedBidder=1.50
1678,ValueBidder,428.9398283946586,428.93982839465843,True,False,5,ValueBidder=428.94 | PacingBidder=428.94 | CTRBidder=14.64 | ThresholdBidder=12.20 | FixedBidder=1.50
1679,ValueBidder,234.361521480852,234.361521480852,False,False,5,ValueBidder=234.36 | PacingBidder=234.36 | CTRBidder=10.83 | ThresholdBidder=9.02 | FixedBidder=1.50
1680,ValueBidder,274.0334407254975,274.0334407254973,False,False,5,ValueBidder=274.03 | PacingBidder=274.03 | CTRBidder=11.71 | ThresholdBidder=9.75 | FixedBidder=1.50
1681,ValueBidder,266.97261574114447,266.97261574114447,True,False,5,ValueBidder=266.97 | PacingBidder=266.97 | CTRBidder=11.55 | ThresholdBidder=9.63 | FixedBidder=1.50
1682,ValueBidder,373.4762817210759,373.47628172107574,False,False,5,ValueBidder=373.48 | PacingBidder=373.48 | CTRBidder=13.67 | ThresholdBidder=11.39 | FixedBidder=1.50
1683,PacingBidder,537.0139298585274,537.0139298585271,True,False,5,PacingBidder=537.01 | ValueBidder=537.01 | CTRBidder=16.39 | ThresholdBidder=13.66 | FixedBidder=1.50
1684,PacingBidder,512.1757864012266,512.1757864012264,False,False,5,PacingBidder=512.18 | ValueBidder=512.18 | CTRBidder=16.00 | ThresholdBidder=13.34 | FixedBidder=1.50
1685,PacingBidder,421.1579312189001,421.1579312189,False,False,5,PacingBidder=421.16 | ValueBidder=421.16 | CTRBidder=14.51 | ThresholdBidder=12.09 | FixedBidder=1.50
1686,PacingBidder,430.5632280528209,430.56322805282053,False,False,5,PacingBidder=430.56 | ValueBidder=430.56 | CTRBidder=14.67 | ThresholdBidder=12.23 | FixedBidder=1.50
1687,ValueBidder,362.6058163468732,362.6058163468728,False,False,5,ValueBidder=362.61 | PacingBidder=362.61 | CTRBidder=13.46 | ThresholdBidder=11.22 | FixedBidder=1.50
1688,ValueBidder,372.0181355166158,372.0181355166158,True,False,5,ValueBidder=372.02 | PacingBidder=372.02 | CTRBidder=13.64 | ThresholdBidder=11.37 | FixedBidder=1.50
1689,ValueBidder,635.4363831124025,635.4363831124025,True,False,5,ValueBidder=635.44 | PacingBidder=635.44 | CTRBidder=17.82 | ThresholdBidder=14.85 | FixedBidder=1.50
1690,PacingBidder,466.7917460963265,466.7917460963263,True,False,5,PacingBidder=466.79 | ValueBidder=466.79 | CTRBidder=15.28 | ThresholdBidder=12.73 | FixedBidder=1.50
1691,PacingBidder,447.50929647749905,447.50929647749894,True,False,5,PacingBidder=447.51 | ValueBidder=447.51 | CTRBidder=14.96 | ThresholdBidder=12.47 | FixedBidder=1.50
1692,ValueBidder,600.0081606630923,600.008160663092,True,False,5,ValueBidder=600.01 | PacingBidder=600.01 | CTRBidder=17.32 | ThresholdBidder=14.43 | FixedBidder=1.50
1693,ValueBidder,461.4871994559566,461.4871994559566,True,False,5,ValueBidder=461.49 | PacingBidder=461.49 | CTRBidder=15.19 | ThresholdBidder=12.66 | FixedBidder=1.50
1694,ValueBidder,240.4273457085588,240.4273457085588,False,False,5,ValueBidder=240.43 | PacingBidder=240.43 | CTRBidder=10.96 | ThresholdBidder=9.14 | FixedBidder=1.50
1695,ValueBidder,329.94698963742405,329.94698963742405,False,False,5,ValueBidder=329.95 | PacingBidder=329.95 | CTRBidder=12.84 | ThresholdBidder=10.70 | FixedBidder=1.50
1696,ValueBidder,335.20900424483125,335.20900424483125,False,False,5,ValueBidder=335.21 | PacingBidder=335.21 | CTRBidder=12.95 | ThresholdBidder=10.79 | FixedBidder=1.50
1697,ValueBidder,235.84818468590865,235.8481846859086,False,False,5,ValueBidder=235.85 | PacingBidder=235.85 | CTRBidder=10.86 | ThresholdBidder=9.05 | FixedBidder=1.50
1698,ValueBidder,500.07647270538024,500.07647270538,True,False,5,ValueBidder=500.08 | PacingBidder=500.08 | CTRBidder=15.81 | ThresholdBidder=13.18 | FixedBidder=1.50
1699,ValueBidder,387.0959786795717,387.0959786795717,False,False,5,ValueBidder=387.10 | PacingBidder=387.10 | CTRBidder=13.91 | ThresholdBidder=11.59 | FixedBidder=1.50
1700,ValueBidder,343.69438717854905,343.6943871785489,False,False,5,ValueBidder=343.69 | PacingBidder=343.69 | CTRBidder=13.11 | ThresholdBidder=10.92 | FixedBidder=1.50
1701,ValueBidder,293.1844466105694,293.1844466105694,False,False,5,ValueBidder=293.18 | PacingBidder=293.18 | CTRBidder=12.11 | ThresholdBidder=10.09 | FixedBidder=1.50
1702,ValueBidder,413.3384827204812,413.3384827204812,False,False,5,ValueBidder=413.34 | PacingBidder=413.34 | CTRBidder=14.38 | ThresholdBidder=11.98 | FixedBidder=1.50
1703,PacingBidder,416.03756560261127,416.037565602611,False,False,5,PacingBidder=416.04 | ValueBidder=416.04 | CTRBidder=14.42 | ThresholdBidder=12.02 | FixedBidder=1.50
1704,ValueBidder,522.7382911173381,522.7382911173381,False,False,5,ValueBidder=522.74 | PacingBidder=522.74 | CTRBidder=16.17 | ThresholdBidder=13.47 | FixedBidder=1.50
1705,ValueBidder,417.8186266323637,417.8186266323637,True,False,5,ValueBidder=417.82 | PacingBidder=417.82 | CTRBidder=14.45 | ThresholdBidder=12.04 | FixedBidder=1.50
1706,ValueBidder,355.0875826250748,355.0875826250748,False,False,5,ValueBidder=355.09 | PacingBidder=355.09 | CTRBidder=13.32 | ThresholdBidder=11.10 | FixedBidder=1.50
1707,ValueBidder,382.97271392745415,382.97271392745415,False,False,5,ValueBidder=382.97 | PacingBidder=382.97 | CTRBidder=13.84 | ThresholdBidder=11.53 | FixedBidder=1.50
1708,PacingBidder,478.5253758670387,478.52537586703846,True,False,5,PacingBidder=478.53 | ValueBidder=478.53 | CTRBidder=15.47 | ThresholdBidder=12.89 | FixedBidder=1.50
1709,PacingBidder,446.2693697996636,446.2693697996633,True,False,5,PacingBidder=446.27 | ValueBidder=446.27 | CTRBidder=14.94 | ThresholdBidder=12.45 | FixedBidder=1.50
1710,PacingBidder,580.1272891383662,580.127289138366,True,False,5,PacingBidder=580.13 | ValueBidder=580.13 | CTRBidder=17.03 | ThresholdBidder=14.19 | FixedBidder=1.50
1711,ValueBidder,466.3491159567416,466.3491159567414,True,False,5,ValueBidder=466.35 | PacingBidder=466.35 | CTRBidder=15.27 | ThresholdBidder=12.73 | FixedBidder=1.50
1712,ValueBidder,388.1564624403322,388.1564624403322,False,False,5,ValueBidder=388.16 | PacingBidder=388.16 | CTRBidder=13.93 | ThresholdBidder=11.61 | FixedBidder=1.50
1713,ValueBidder,550.2658083834215,550.2658083834215,True,False,5,ValueBidder=550.27 | PacingBidder=550.27 | CTRBidder=16.59 | ThresholdBidder=13.82 | FixedBidder=1.50
1714,PacingBidder,417.00853630808234,417.0085363080821,True,False,5,PacingBidder=417.01 | ValueBidder=417.01 | CTRBidder=14.44 | ThresholdBidder=12.03 | FixedBidder=1.50
1715,PacingBidder,182.9438325892096,182.9438325892095,False,False,5,PacingBidder=182.94 | ValueBidder=182.94 | CTRBidder=9.56 | ThresholdBidder=7.97 | FixedBidder=1.50
1716,ValueBidder,704.4892126623981,704.4892126623981,False,False,5,ValueBidder=704.49 | PacingBidder=704.49 | CTRBidder=18.77 | ThresholdBidder=15.64 | FixedBidder=1.50
1717,ValueBidder,411.22247407236046,411.22247407236046,True,False,5,ValueBidder=411.22 | PacingBidder=411.22 | CTRBidder=14.34 | ThresholdBidder=11.95 | FixedBidder=1.50
1718,PacingBidder,181.4427097007516,181.44270970075152,True,False,5,PacingBidder=181.44 | ValueBidder=181.44 | CTRBidder=9.52 | ThresholdBidder=7.94 | FixedBidder=1.50
1719,ValueBidder,527.8514480825164,527.8514480825164,True,False,5,ValueBidder=527.85 | PacingBidder=527.85 | CTRBidder=16.25 | ThresholdBidder=13.54 | FixedBidder=1.50
1720,PacingBidder,417.91788050625325,417.91788050625314,False,False,5,PacingBidder=417.92 | ValueBidder=417.92 | CTRBidder=14.46 | ThresholdBidder=12.05 | FixedBidder=1.50
1721,ValueBidder,671.2561413432211,671.2561413432207,True,False,5,ValueBidder=671.26 | PacingBidder=671.26 | CTRBidder=18.32 | ThresholdBidder=15.27 | FixedBidder=1.50
1722,ValueBidder,588.8283418368336,588.8283418368336,False,False,5,ValueBidder=588.83 | PacingBidder=588.83 | CTRBidder=17.16 | ThresholdBidder=14.30 | FixedBidder=1.50
1723,ValueBidder,386.1530402329053,386.15304023290497,False,False,5,ValueBidder=386.15 | PacingBidder=386.15 | CTRBidder=13.90 | ThresholdBidder=11.58 | FixedBidder=1.50
1724,ValueBidder,231.07363854660298,231.0736385466028,False,False,5,ValueBidder=231.07 | PacingBidder=231.07 | CTRBidder=10.75 | ThresholdBidder=8.96 | FixedBidder=1.50
1725,ValueBidder,386.7620717838315,386.7620717838315,False,False,5,ValueBidder=386.76 | PacingBidder=386.76 | CTRBidder=13.91 | ThresholdBidder=11.59 | FixedBidder=1.50
1726,ValueBidder,604.839747267207,604.839747267207,False,False,5,ValueBidder=604.84 | PacingBidder=604.84 | CTRBidder=17.39 | ThresholdBidder=14.49 | FixedBidder=1.50
1727,PacingBidder,432.7108467530398,432.7108467530397,False,False,5,PacingBidder=432.71 | ValueBidder=432.71 | CTRBidder=14.71 | ThresholdBidder=12.26 | FixedBidder=1.50
1728,ValueBidder,363.70813084976106,363.70813084976095,False,False,5,ValueBidder=363.71 | PacingBidder=363.71 | CTRBidder=13.49 | ThresholdBidder=11.24 | FixedBidder=1.50
1729,ValueBidder,188.01667758399307,188.01667758399307,False,False,5,ValueBidder=188.02 | PacingBidder=188.02 | CTRBidder=9.70 | ThresholdBidder=8.08 | FixedBidder=1.50
1730,ValueBidder,474.41203817174386,474.41203817174363,False,False,5,ValueBidder=474.41 | PacingBidder=474.41 | CTRBidder=15.40 | ThresholdBidder=12.83 | FixedBidder=1.50
1731,ValueBidder,168.8613701861268,168.8613701861268,False,False,5,ValueBidder=168.86 | PacingBidder=168.86 | CTRBidder=9.19 | ThresholdBidder=7.66 | FixedBidder=1.50
1732,ValueBidder,487.72853414137455,487.7285341413744,False,False,5,ValueBidder=487.73 | PacingBidder=487.73 | CTRBidder=15.62 | ThresholdBidder=13.01 | FixedBidder=1.50
1733,PacingBidder,430.2277907509166,430.22779075091654,False,False,5,PacingBidder=430.23 | ValueBidder=430.23 | CTRBidder=14.67 | ThresholdBidder=12.22 | FixedBidder=1.50
1734,ValueBidder,207.1403453115422,207.14034531154206,False,False,5,ValueBidder=207.14 | PacingBidder=207.14 | CTRBidder=10.18 | ThresholdBidder=8.48 | FixedBidder=1.50
1735,PacingBidder,191.02109113560385,191.0210911356038,False,False,5,PacingBidder=191.02 | ValueBidder=191.02 | CTRBidder=9.77 | ThresholdBidder=8.14 | FixedBidder=1.50
1736,ValueBidder,214.3358693426977,214.3358693426976,False,False,5,ValueBidder=214.34 | PacingBidder=214.34 | CTRBidder=10.35 | ThresholdBidder=8.63 | FixedBidder=1.50
1737,ValueBidder,167.36318648684963,167.36318648684957,False,False,5,ValueBidder=167.36 | PacingBidder=167.36 | CTRBidder=9.15 | ThresholdBidder=7.62 | FixedBidder=1.50
1738,PacingBidder,236.97074072819424,236.970740728194,False,False,5,PacingBidder=236.97 | ValueBidder=236.97 | CTRBidder=10.89 | ThresholdBidder=9.07 | FixedBidder=1.50
1739,ValueBidder,184.3245220710452,184.3245220710451,False,False,5,ValueBidder=184.32 | PacingBidder=184.32 | CTRBidder=9.60 | ThresholdBidder=8.00 | FixedBidder=1.50
1740,PacingBidder,537.93715562314,537.9371556231398,True,False,5,PacingBidder=537.94 | ValueBidder=537.94 | CTRBidder=16.40 | ThresholdBidder=13.67 | FixedBidder=1.50
1741,PacingBidder,353.9895441080315,353.9895441080314,True,False,5,PacingBidder=353.99 | ValueBidder=353.99 | CTRBidder=13.30 | ThresholdBidder=11.09 | FixedBidder=1.50
1742,ValueBidder,139.6946443688538,139.6946443688538,False,False,5,ValueBidder=139.69 | PacingBidder=139.69 | CTRBidder=8.36 | ThresholdBidder=6.96 | FixedBidder=1.50
1743,ValueBidder,315.9200129513353,315.9200129513352,True,False,5,ValueBidder=315.92 | PacingBidder=315.92 | CTRBidder=12.57 | ThresholdBidder=10.47 | FixedBidder=1.50
1744,ValueBidder,284.19549550458675,284.19549550458675,True,False,5,ValueBidder=284.20 | PacingBidder=284.20 | CTRBidder=11.92 | ThresholdBidder=9.93 | FixedBidder=1.50
1745,PacingBidder,326.8838227822576,326.88382278225725,True,False,5,PacingBidder=326.88 | ValueBidder=326.88 | CTRBidder=12.78 | ThresholdBidder=10.65 | FixedBidder=1.50
1746,ValueBidder,562.6196308017918,562.6196308017918,False,False,5,ValueBidder=562.62 | PacingBidder=562.62 | CTRBidder=16.77 | ThresholdBidder=13.98 | FixedBidder=1.50
1747,ValueBidder,225.00767213367115,225.0076721336709,False,False,5,ValueBidder=225.01 | PacingBidder=225.01 | CTRBidder=10.61 | ThresholdBidder=8.84 | FixedBidder=1.50
1748,ValueBidder,330.1736961127705,330.1736961127705,False,False,5,ValueBidder=330.17 | PacingBidder=330.17 | CTRBidder=12.85 | ThresholdBidder=10.71 | FixedBidder=1.50
1749,PacingBidder,243.6232802073036,243.62328020730334,False,False,5,PacingBidder=243.62 | ValueBidder=243.62 | CTRBidder=11.04 | ThresholdBidder=9.20 | FixedBidder=1.50
1750,ValueBidder,315.29916597371465,315.29916597371465,False,False,5,ValueBidder=315.30 | PacingBidder=315.30 | CTRBidder=12.56 | ThresholdBidder=10.46 | FixedBidder=1.50
1751,ValueBidder,227.46656105249326,227.46656105249292,False,False,5,ValueBidder=227.47 | PacingBidder=227.47 | CTRBidder=10.66 | ThresholdBidder=8.89 | FixedBidder=1.50
1752,PacingBidder,576.4988961352335,576.4988961352327,True,False,5,PacingBidder=576.50 | ValueBidder=576.50 | CTRBidder=16.98 | ThresholdBidder=14.15 | FixedBidder=1.50
1753,PacingBidder,515.8823806826865,515.8823806826864,True,False,5,PacingBidder=515.88 | ValueBidder=515.88 | CTRBidder=16.06 | ThresholdBidder=13.38 | FixedBidder=1.50
1754,ValueBidder,458.04429120029033,458.0442912002901,False,False,5,ValueBidder=458.04 | PacingBidder=458.04 | CTRBidder=15.13 | ThresholdBidder=12.61 | FixedBidder=1.50
1755,PacingBidder,533.1953758193156,533.1953758193152,True,False,5,PacingBidder=533.20 | ValueBidder=533.20 | CTRBidder=16.33 | ThresholdBidder=13.61 | FixedBidder=1.50
1756,PacingBidder,404.93807152463665,404.9380715246363,False,False,5,PacingBidder=404.94 | ValueBidder=404.94 | CTRBidder=14.23 | ThresholdBidder=11.86 | FixedBidder=1.50
1757,ValueBidder,219.9081356433454,219.9081356433454,False,False,5,ValueBidder=219.91 | PacingBidder=219.91 | CTRBidder=10.49 | ThresholdBidder=8.74 | FixedBidder=1.50
1758,PacingBidder,385.4963327021616,385.4963327021615,False,False,5,PacingBidder=385.50 | ValueBidder=385.50 | CTRBidder=13.88 | ThresholdBidder=11.57 | FixedBidder=1.50
1759,ValueBidder,399.0781286136868,399.0781286136867,True,False,5,ValueBidder=399.08 | PacingBidder=399.08 | CTRBidder=14.13 | ThresholdBidder=11.77 | FixedBidder=1.50
1760,PacingBidder,457.7538407811068,457.7538407811066,True,False,5,PacingBidder=457.75 | ValueBidder=457.75 | CTRBidder=15.13 | ThresholdBidder=12.61 | FixedBidder=1.50
1761,ValueBidder,438.12287451701144,438.122874517011,True,False,5,ValueBidder=438.12 | PacingBidder=438.12 | CTRBidder=14.80 | ThresholdBidder=12.33 | FixedBidder=1.50
1762,PacingBidder,411.637715801582,411.63771580158175,False,False,5,PacingBidder=411.64 | ValueBidder=411.64 | CTRBidder=14.35 | ThresholdBidder=11.96 | FixedBidder=1.50
1763,PacingBidder,501.4891021803838,501.48910218038344,False,False,5,PacingBidder=501.49 | ValueBidder=501.49 | CTRBidder=15.83 | ThresholdBidder=13.20 | FixedBidder=1.50
1764,ValueBidder,263.1214765775864,263.12147657758635,False,False,5,ValueBidder=263.12 | PacingBidder=263.12 | CTRBidder=11.47 | ThresholdBidder=9.56 | FixedBidder=1.50
1765,PacingBidder,302.8781601066209,302.87816010662067,True,False,5,PacingBidder=302.88 | ValueBidder=302.88 | CTRBidder=12.31 | ThresholdBidder=10.26 | FixedBidder=1.50
1766,ValueBidder,204.83721887601627,204.83721887601627,False,False,5,ValueBidder=204.84 | PacingBidder=204.84 | CTRBidder=10.12 | ThresholdBidder=8.43 | FixedBidder=1.50
1767,PacingBidder,324.2335157103607,324.2335157103605,True,False,5,PacingBidder=324.23 | ValueBidder=324.23 | CTRBidder=12.73 | ThresholdBidder=10.61 | FixedBidder=1.50
1768,PacingBidder,368.19630551759394,368.1963055175938,True,False,5,PacingBidder=368.20 | ValueBidder=368.20 | CTRBidder=13.57 | ThresholdBidder=11.31 | FixedBidder=1.50
1769,ValueBidder,510.098543688967,510.098543688967,True,False,5,ValueBidder=510.10 | PacingBidder=510.10 | CTRBidder=15.97 | ThresholdBidder=13.31 | FixedBidder=1.50
1770,ValueBidder,474.4658637034638,474.4658637034638,True,False,5,ValueBidder=474.47 | PacingBidder=474.47 | CTRBidder=15.40 | ThresholdBidder=12.84 | FixedBidder=1.50
1771,ValueBidder,374.1850648491307,374.1850648491307,False,False,5,ValueBidder=374.19 | PacingBidder=374.19 | CTRBidder=13.68 | ThresholdBidder=11.40 | FixedBidder=1.50
1772,PacingBidder,708.7143302936148,708.7143302936146,True,False,5,PacingBidder=708.71 | ValueBidder=708.71 | CTRBidder=18.82 | ThresholdBidder=15.69 | FixedBidder=1.50
1773,PacingBidder,330.61227515902135,330.61227515902124,False,False,5,PacingBidder=330.61 | ValueBidder=330.61 | CTRBidder=12.86 | ThresholdBidder=10.71 | FixedBidder=1.50
1774,PacingBidder,430.4166190883753,430.4166190883752,False,False,5,PacingBidder=430.42 | ValueBidder=430.42 | CTRBidder=14.67 | ThresholdBidder=12.22 | FixedBidder=1.50
1775,PacingBidder,557.8436570077234,557.8436570077232,True,False,5,PacingBidder=557.84 | ValueBidder=557.84 | CTRBidder=16.70 | ThresholdBidder=13.92 | FixedBidder=1.50
1776,ValueBidder,594.3927208578906,594.3927208578903,True,False,5,ValueBidder=594.39 | PacingBidder=594.39 | CTRBidder=17.24 | ThresholdBidder=14.37 | FixedBidder=1.50
1777,ValueBidder,241.32567902448577,241.32567902448577,True,False,5,ValueBidder=241.33 | PacingBidder=241.33 | CTRBidder=10.98 | ThresholdBidder=9.15 | FixedBidder=1.50
1778,PacingBidder,339.6768593889381,339.676859388938,True,False,5,PacingBidder=339.68 | ValueBidder=339.68 | CTRBidder=13.03 | ThresholdBidder=10.86 | FixedBidder=1.50
1779,ValueBidder,335.7945299006659,335.7945299006659,False,False,5,ValueBidder=335.79 | PacingBidder=335.79 | CTRBidder=12.96 | ThresholdBidder=10.80 | FixedBidder=1.50
1780,ValueBidder,256.9647495681707,256.9647495681707,True,False,5,ValueBidder=256.96 | PacingBidder=256.96 | CTRBidder=11.34 | ThresholdBidder=9.45 | FixedBidder=1.50
1781,PacingBidder,439.32762815230467,439.32762815230456,False,False,5,PacingBidder=439.33 | ValueBidder=439.33 | CTRBidder=14.82 | ThresholdBidder=12.35 | FixedBidder=1.50
1782,PacingBidder,221.7756052846321,221.77560528463206,False,False,5,PacingBidder=221.78 | ValueBidder=221.78 | CTRBidder=10.53 | ThresholdBidder=8.78 | FixedBidder=1.50
1783,ValueBidder,697.0725557525702,697.07255575257,True,False,5,ValueBidder=697.07 | PacingBidder=697.07 | CTRBidder=18.67 | ThresholdBidder=15.56 | FixedBidder=1.50
1784,ValueBidder,411.19928778566646,411.1992877856664,True,False,5,ValueBidder=411.20 | PacingBidder=411.20 | CTRBidder=14.34 | ThresholdBidder=11.95 | FixedBidder=1.50
1785,ValueBidder,305.9523481918008,305.9523481918008,False,False,5,ValueBidder=305.95 | PacingBidder=305.95 | CTRBidder=12.37 | ThresholdBidder=10.31 | FixedBidder=1.50
1786,PacingBidder,229.8589391078828,229.8589391078827,False,False,5,PacingBidder=229.86 | ValueBidder=229.86 | CTRBidder=10.72 | ThresholdBidder=8.93 | FixedBidder=1.50
1787,ValueBidder,306.52385811271046,306.5238581127101,False,False,5,ValueBidder=306.52 | PacingBidder=306.52 | CTRBidder=12.38 | ThresholdBidder=10.32 | FixedBidder=1.50
1788,PacingBidder,445.96057614709804,445.96057614709736,False,False,5,PacingBidder=445.96 | ValueBidder=445.96 | CTRBidder=14.93 | ThresholdBidder=12.44 | FixedBidder=1.50
1789,ValueBidder,381.58957220761175,381.58957220761175,True,False,5,ValueBidder=381.59 | PacingBidder=381.59 | CTRBidder=13.81 | ThresholdBidder=11.51 | FixedBidder=1.50
1790,ValueBidder,546.5761129952502,546.5761129952497,True,False,5,ValueBidder=546.58 | PacingBidder=546.58 | CTRBidder=16.53 | ThresholdBidder=13.78 | FixedBidder=1.50
1791,ValueBidder,585.5145577657445,585.5145577657444,False,False,5,ValueBidder=585.51 | PacingBidder=585.51 | CTRBidder=17.11 | ThresholdBidder=14.26 | FixedBidder=1.50
1792,ValueBidder,458.21477769784497,458.2147776978448,False,False,5,ValueBidder=458.21 | PacingBidder=458.21 | CTRBidder=15.14 | ThresholdBidder=12.61 | FixedBidder=1.50
1793,PacingBidder,566.4596650597789,566.4596650597786,True,False,5,PacingBidder=566.46 | ValueBidder=566.46 | CTRBidder=16.83 | ThresholdBidder=14.02 | FixedBidder=1.50
1794,ValueBidder,441.9520141418325,441.9520141418325,False,False,5,ValueBidder=441.95 | PacingBidder=441.95 | CTRBidder=14.87 | ThresholdBidder=12.39 | FixedBidder=1.50
1795,ValueBidder,428.22785276447524,428.2278527644752,True,False,5,ValueBidder=428.23 | PacingBidder=428.23 | CTRBidder=14.63 | ThresholdBidder=12.19 | FixedBidder=1.50
1796,ValueBidder,397.1088830858514,397.1088830858514,False,False,5,ValueBidder=397.11 | PacingBidder=397.11 | CTRBidder=14.09 | ThresholdBidder=11.74 | FixedBidder=1.50
1797,ValueBidder,415.09094870422865,415.09094870422854,False,False,5,ValueBidder=415.09 | PacingBidder=415.09 | CTRBidder=14.41 | ThresholdBidder=12.01 | FixedBidder=1.50
1798,ValueBidder,159.21093342474154,159.21093342474154,False,False,5,ValueBidder=159.21 | PacingBidder=159.21 | CTRBidder=8.92 | ThresholdBidder=7.44 | FixedBidder=1.50
1799,PacingBidder,438.0563799490753,438.05637994907516,True,False,5,PacingBidder=438.06 | ValueBidder=438.06 | CTRBidder=14.80 | ThresholdBidder=12.33 | FixedBidder=1.50
1800,ValueBidder,437.1244617845086,437.1244617845086,False,False,5,ValueBidder=437.12 | PacingBidder=437.12 | CTRBidder=14.78 | ThresholdBidder=12.32 | FixedBidder=1.50
1801,ValueBidder,441.7099785537597,441.7099785537594,False,False,5,ValueBidder=441.71 | PacingBidder=441.71 | CTRBidder=14.86 | ThresholdBidder=12.38 | FixedBidder=1.50
1802,PacingBidder,238.52153981530063,238.52153981530046,False,False,5,PacingBidder=238.52 | ValueBidder=238.52 | CTRBidder=10.92 | ThresholdBidder=9.10 | FixedBidder=1.50
1803,ValueBidder,513.0428287861712,513.0428287861708,False,False,5,ValueBidder=513.04 | PacingBidder=513.04 | CTRBidder=16.02 | ThresholdBidder=13.35 | FixedBidder=1.50
1804,ValueBidder,487.9806770382984,487.9806770382982,False,False,5,ValueBidder=487.98 | PacingBidder=487.98 | CTRBidder=15.62 | ThresholdBidder=13.02 | FixedBidder=1.50
1805,ValueBidder,664.2304417321,664.2304417321,True,False,5,ValueBidder=664.23 | PacingBidder=664.23 | CTRBidder=18.22 | ThresholdBidder=15.19 | FixedBidder=1.50
1806,ValueBidder,443.5703495889442,443.570349588944,False,False,5,ValueBidder=443.57 | PacingBidder=443.57 | CTRBidder=14.89 | ThresholdBidder=12.41 | FixedBidder=1.50
1807,PacingBidder,751.6248212909926,751.624821290992,True,False,5,PacingBidder=751.62 | ValueBidder=751.62 | CTRBidder=19.39 | ThresholdBidder=16.15 | FixedBidder=1.50
1808,ValueBidder,368.6106027503441,368.61060275034396,False,False,5,ValueBidder=368.61 | PacingBidder=368.61 | CTRBidder=13.58 | ThresholdBidder=11.31 | FixedBidder=1.50
1809,ValueBidder,329.5902844349797,329.5902844349797,True,False,5,ValueBidder=329.59 | PacingBidder=329.59 | CTRBidder=12.84 | ThresholdBidder=10.70 | FixedBidder=1.50
1810,ValueBidder,291.85122419635707,291.851224196357,False,False,5,ValueBidder=291.85 | PacingBidder=291.85 | CTRBidder=12.08 | ThresholdBidder=10.07 | FixedBidder=1.50
1811,ValueBidder,638.0289556610306,638.0289556610304,True,False,5,ValueBidder=638.03 | PacingBidder=638.03 | CTRBidder=17.86 | ThresholdBidder=14.88 | FixedBidder=1.50
1812,PacingBidder,256.99894992362545,256.99894992362516,True,False,5,PacingBidder=257.00 | ValueBidder=257.00 | CTRBidder=11.34 | ThresholdBidder=9.45 | FixedBidder=1.50
1813,ValueBidder,302.5936886084024,302.5936886084024,False,False,5,ValueBidder=302.59 | PacingBidder=302.59 | CTRBidder=12.30 | ThresholdBidder=10.25 | FixedBidder=1.50
1814,PacingBidder,491.2158090667648,491.21580906676456,True,False,5,PacingBidder=491.22 | ValueBidder=491.22 | CTRBidder=15.67 | ThresholdBidder=13.06 | FixedBidder=1.50
1815,ValueBidder,284.54831917352493,284.54831917352476,False,False,5,ValueBidder=284.55 | PacingBidder=284.55 | CTRBidder=11.93 | ThresholdBidder=9.94 | FixedBidder=1.50
1816,ValueBidder,283.3191025100905,283.31910251009043,False,False,5,ValueBidder=283.32 | PacingBidder=283.32 | CTRBidder=11.90 | ThresholdBidder=9.92 | FixedBidder=1.50
1817,ValueBidder,271.3497243602904,271.3497243602904,False,False,5,ValueBidder=271.35 | PacingBidder=271.35 | CTRBidder=11.65 | ThresholdBidder=9.71 | FixedBidder=1.50
1818,ValueBidder,491.0474561640081,491.04745616400794,True,False,5,ValueBidder=491.05 | PacingBidder=491.05 | CTRBidder=15.67 | ThresholdBidder=13.06 | FixedBidder=1.50
1819,PacingBidder,337.3126151954356,337.3126151954355,True,False,5,PacingBidder=337.31 | ValueBidder=337.31 | CTRBidder=12.99 | ThresholdBidder=10.82 | FixedBidder=1.50
1820,PacingBidder,388.8908285931202,388.89082859312003,False,False,5,PacingBidder=388.89 | ValueBidder=388.89 | CTRBidder=13.94 | ThresholdBidder=11.62 | FixedBidder=1.50
1821,ValueBidder,311.6643738244907,311.6643738244907,True,False,5,ValueBidder=311.66 | PacingBidder=311.66 | CTRBidder=12.48 | ThresholdBidder=10.40 | FixedBidder=1.50
1822,ValueBidder,235.39535198873804,235.39535198873804,False,False,5,ValueBidder=235.40 | PacingBidder=235.40 | CTRBidder=10.85 | ThresholdBidder=9.04 | FixedBidder=1.50
1823,ValueBidder,390.8391980569768,390.8391980569768,True,False,5,ValueBidder=390.84 | PacingBidder=390.84 | CTRBidder=13.98 | ThresholdBidder=11.65 | FixedBidder=1.50
1824,PacingBidder,409.00859326266004,409.0085932626599,True,False,5,PacingBidder=409.01 | ValueBidder=409.01 | CTRBidder=14.30 | ThresholdBidder=11.92 | FixedBidder=1.50
1825,ValueBidder,471.3747182153272,471.3747182153272,False,False,5,ValueBidder=471.37 | PacingBidder=471.37 | CTRBidder=15.35 | ThresholdBidder=12.79 | FixedBidder=1.50
1826,PacingBidder,481.5880658859065,481.58806588590625,False,False,5,PacingBidder=481.59 | ValueBidder=481.59 | CTRBidder=15.52 | ThresholdBidder=12.93 | FixedBidder=1.50
1827,ValueBidder,503.04898681379893,503.04898681379893,True,False,5,ValueBidder=503.05 | PacingBidder=503.05 | CTRBidder=15.86 | ThresholdBidder=13.22 | FixedBidder=1.50
1828,ValueBidder,524.4073017259044,524.4073017259044,False,False,5,ValueBidder=524.41 | PacingBidder=524.41 | CTRBidder=16.19 | ThresholdBidder=13.49 | FixedBidder=1.50
1829,PacingBidder,273.4810567865713,273.4810567865711,False,False,5,PacingBidder=273.48 | ValueBidder=273.48 | CTRBidder=11.69 | ThresholdBidder=9.74 | FixedBidder=1.50
1830,PacingBidder,444.29787165429263,444.2978716542925,False,False,5,PacingBidder=444.30 | ValueBidder=444.30 | CTRBidder=14.90 | ThresholdBidder=12.42 | FixedBidder=1.50
1831,ValueBidder,372.757720221826,372.7577202218259,True,False,5,ValueBidder=372.76 | PacingBidder=372.76 | CTRBidder=13.65 | ThresholdBidder=11.38 | FixedBidder=1.50
1832,ValueBidder,388.54616645868555,388.54616645868555,False,False,5,ValueBidder=388.55 | PacingBidder=388.55 | CTRBidder=13.94 | ThresholdBidder=11.62 | FixedBidder=1.50
1833,ValueBidder,512.4485755671354,512.4485755671352,True,False,5,ValueBidder=512.45 | PacingBidder=512.45 | CTRBidder=16.01 | ThresholdBidder=13.34 | FixedBidder=1.50
1834,PacingBidder,84.65615182593801,84.65615182593797,False,False,5,PacingBidder=84.66 | ValueBidder=84.66 | CTRBidder=6.51 | ThresholdBidder=5.42 | FixedBidder=1.50
1835,PacingBidder,305.03991671087624,305.0399167108761,True,False,5,PacingBidder=305.04 | ValueBidder=305.04 | CTRBidder=12.35 | ThresholdBidder=10.29 | FixedBidder=1.50
1836,PacingBidder,421.00017067869794,421.0001706786978,True,False,5,PacingBidder=421.00 | ValueBidder=421.00 | CTRBidder=14.51 | ThresholdBidder=12.09 | FixedBidder=1.50
1837,PacingBidder,584.7502430607079,584.7502430607078,True,False,5,PacingBidder=584.75 | ValueBidder=584.75 | CTRBidder=17.10 | ThresholdBidder=14.25 | FixedBidder=1.50
1838,ValueBidder,601.8007205136786,601.8007205136782,True,False,5,ValueBidder=601.80 | PacingBidder=601.80 | CTRBidder=17.35 | ThresholdBidder=14.46 | FixedBidder=1.50
1839,ValueBidder,257.900326038948,257.9003260389478,True,False,5,ValueBidder=257.90 | PacingBidder=257.90 | CTRBidder=11.36 | ThresholdBidder=9.46 | FixedBidder=1.50
1840,PacingBidder,555.0695901680415,555.0695901680413,True,False,5,PacingBidder=555.07 | ValueBidder=555.07 | CTRBidder=16.66 | ThresholdBidder=13.88 | FixedBidder=1.50
1841,PacingBidder,355.88830047201367,355.8883004720134,False,False,5,PacingBidder=355.89 | ValueBidder=355.89 | CTRBidder=13.34 | ThresholdBidder=11.12 | FixedBidder=1.50
1842,PacingBidder,388.215435832462,388.21543583246176,False,False,5,PacingBidder=388.22 | ValueBidder=388.22 | CTRBidder=13.93 | ThresholdBidder=11.61 | FixedBidder=1.50
1843,PacingBidder,393.1349634395985,393.1349634395984,True,False,5,PacingBidder=393.13 | ValueBidder=393.13 | CTRBidder=14.02 | ThresholdBidder=11.68 | FixedBidder=1.50
1844,PacingBidder,342.55756978747775,342.55756978747763,True,False,5,PacingBidder=342.56 | ValueBidder=342.56 | CTRBidder=13.09 | ThresholdBidder=10.91 | FixedBidder=1.50
1845,ValueBidder,362.8441567209232,362.84415672092297,False,False,5,ValueBidder=362.84 | PacingBidder=362.84 | CTRBidder=13.47 | ThresholdBidder=11.22 | FixedBidder=1.50
1846,ValueBidder,231.74322281054276,231.74322281054268,False,False,5,ValueBidder=231.74 | PacingBidder=231.74 | CTRBidder=10.76 | ThresholdBidder=8.97 | FixedBidder=1.50
1847,PacingBidder,304.09029426718087,304.0902942671806,False,False,5,PacingBidder=304.09 | ValueBidder=304.09 | CTRBidder=12.33 | ThresholdBidder=10.28 | FixedBidder=1.50
1848,PacingBidder,410.2866575364059,410.28665753640576,False,False,5,PacingBidder=410.29 | ValueBidder=410.29 | CTRBidder=14.32 | ThresholdBidder=11.94 | FixedBidder=1.50
1849,PacingBidder,308.8871983819344,308.8871983819342,True,False,5,PacingBidder=308.89 | ValueBidder=308.89 | CTRBidder=12.43 | ThresholdBidder=10.36 | FixedBidder=1.50
1850,PacingBidder,347.34349059090977,347.34349059090965,True,False,5,PacingBidder=347.34 | ValueBidder=347.34 | CTRBidder=13.18 | ThresholdBidder=10.98 | FixedBidder=1.50
1851,PacingBidder,497.4833065790584,497.483306579058,True,False,5,PacingBidder=497.48 | ValueBidder=497.48 | CTRBidder=15.77 | ThresholdBidder=13.14 | FixedBidder=1.50
1852,ValueBidder,342.4814266810395,342.481426681039,False,False,5,ValueBidder=342.48 | PacingBidder=342.48 | CTRBidder=13.09 | ThresholdBidder=10.90 | FixedBidder=1.50
1853,ValueBidder,209.63342338337816,209.63342338337816,False,False,5,ValueBidder=209.63 | PacingBidder=209.63 | CTRBidder=10.24 | ThresholdBidder=8.53 | FixedBidder=1.50
1854,PacingBidder,330.60279917662496,330.60279917662467,False,False,5,PacingBidder=330.60 | ValueBidder=330.60 | CTRBidder=12.86 | ThresholdBidder=10.71 | FixedBidder=1.50
1855,PacingBidder,219.2065265973484,219.2065265973482,False,False,5,PacingBidder=219.21 | ValueBidder=219.21 | CTRBidder=10.47 | ThresholdBidder=8.72 | FixedBidder=1.50
1856,ValueBidder,522.2331495648416,522.2331495648413,False,False,5,ValueBidder=522.23 | PacingBidder=522.23 | CTRBidder=16.16 | ThresholdBidder=13.47 | FixedBidder=1.50
1857,ValueBidder,551.2980433901911,551.2980433901911,True,False,5,ValueBidder=551.30 | PacingBidder=551.30 | CTRBidder=16.60 | ThresholdBidder=13.84 | FixedBidder=1.50
1858,ValueBidder,525.8953053561519,525.8953053561519,True,False,5,ValueBidder=525.90 | PacingBidder=525.90 | CTRBidder=16.22 | ThresholdBidder=13.51 | FixedBidder=1.50
1859,PacingBidder,294.7758451846045,294.7758451846044,True,False,5,PacingBidder=294.78 | ValueBidder=294.78 | CTRBidder=12.14 | ThresholdBidder=10.12 | FixedBidder=1.50
1860,ValueBidder,460.087197481921,460.0871974819208,False,False,5,ValueBidder=460.09 | PacingBidder=460.09 | CTRBidder=15.17 | ThresholdBidder=12.64 | FixedBidder=1.50
1861,ValueBidder,405.01048766549604,405.0104876654959,False,False,5,ValueBidder=405.01 | PacingBidder=405.01 | CTRBidder=14.23 | ThresholdBidder=11.86 | FixedBidder=1.50
1862,ValueBidder,520.6289852753782,520.6289852753778,True,False,5,ValueBidder=520.63 | PacingBidder=520.63 | CTRBidder=16.13 | ThresholdBidder=13.45 | FixedBidder=1.50
1863,ValueBidder,79.63367092291402,79.63367092291395,False,False,5,ValueBidder=79.63 | PacingBidder=79.63 | CTRBidder=6.31 | ThresholdBidder=5.26 | FixedBidder=1.50
1864,ValueBidder,409.6264794445204,409.6264794445204,False,False,5,ValueBidder=409.63 | PacingBidder=409.63 | CTRBidder=14.31 | ThresholdBidder=11.93 | FixedBidder=1.50
1865,ValueBidder,548.5147577858514,548.5147577858514,False,False,5,ValueBidder=548.51 | PacingBidder=548.51 | CTRBidder=16.56 | ThresholdBidder=13.80 | FixedBidder=1.50
1866,ValueBidder,259.6900631893308,259.6900631893308,False,False,5,ValueBidder=259.69 | PacingBidder=259.69 | CTRBidder=11.39 | ThresholdBidder=9.50 | FixedBidder=1.50
1867,ValueBidder,445.3753654672969,445.3753654672969,True,False,5,ValueBidder=445.38 | PacingBidder=445.38 | CTRBidder=14.92 | ThresholdBidder=12.44 | FixedBidder=1.50
1868,ValueBidder,360.25219364703344,360.25219364703315,True,False,5,ValueBidder=360.25 | PacingBidder=360.25 | CTRBidder=13.42 | ThresholdBidder=11.18 | FixedBidder=1.50
1869,ValueBidder,450.34692600411734,450.34692600411734,False,False,5,ValueBidder=450.35 | PacingBidder=450.35 | CTRBidder=15.01 | ThresholdBidder=12.50 | FixedBidder=1.50
1870,ValueBidder,424.37436074123934,424.37436074123923,False,False,5,ValueBidder=424.37 | PacingBidder=424.37 | CTRBidder=14.57 | ThresholdBidder=12.14 | FixedBidder=1.50
1871,ValueBidder,192.1399696762501,192.13996967624996,False,False,5,ValueBidder=192.14 | PacingBidder=192.14 | CTRBidder=9.80 | ThresholdBidder=8.17 | FixedBidder=1.50
1872,ValueBidder,279.8868395892675,279.8868395892673,False,False,5,ValueBidder=279.89 | PacingBidder=279.89 | CTRBidder=11.83 | ThresholdBidder=9.86 | FixedBidder=1.50
1873,PacingBidder,405.68374284044165,405.68374284044154,False,False,5,PacingBidder=405.68 | ValueBidder=405.68 | CTRBidder=14.24 | ThresholdBidder=11.87 | FixedBidder=1.50
1874,ValueBidder,603.5584818732877,603.5584818732875,False,False,5,ValueBidder=603.56 | PacingBidder=603.56 | CTRBidder=17.37 | ThresholdBidder=14.48 | FixedBidder=1.50
1875,PacingBidder,527.9965817718332,527.996581771833,True,False,5,PacingBidder=528.00 | ValueBidder=528.00 | CTRBidder=16.25 | ThresholdBidder=13.54 | FixedBidder=1.50
1876,ValueBidder,205.99310320632657,205.99310320632657,True,False,5,ValueBidder=205.99 | PacingBidder=205.99 | CTRBidder=10.15 | ThresholdBidder=8.46 | FixedBidder=1.50
1877,ValueBidder,339.7853871011173,339.7853871011169,True,False,5,ValueBidder=339.79 | PacingBidder=339.79 | CTRBidder=13.03 | ThresholdBidder=10.86 | FixedBidder=1.50
1878,PacingBidder,362.7077866296537,362.70778662965347,False,False,5,PacingBidder=362.71 | ValueBidder=362.71 | CTRBidder=13.47 | ThresholdBidder=11.22 | FixedBidder=1.50
1879,ValueBidder,429.2692957163415,429.2692957163413,True,False,5,ValueBidder=429.27 | PacingBidder=429.27 | CTRBidder=14.65 | ThresholdBidder=12.21 | FixedBidder=1.50
1880,PacingBidder,246.59694614953582,246.59694614953574,True,False,5,PacingBidder=246.60 | ValueBidder=246.60 | CTRBidder=11.10 | ThresholdBidder=9.25 | FixedBidder=1.50
1881,PacingBidder,512.6734385816383,512.673438581638,True,False,5,PacingBidder=512.67 | ValueBidder=512.67 | CTRBidder=16.01 | ThresholdBidder=13.34 | FixedBidder=1.50
1882,ValueBidder,156.1503796381753,156.1503796381753,True,False,5,ValueBidder=156.15 | PacingBidder=156.15 | CTRBidder=8.84 | ThresholdBidder=7.36 | FixedBidder=1.50
1883,PacingBidder,555.4610371365172,555.461037136517,True,False,5,PacingBidder=555.46 | ValueBidder=555.46 | CTRBidder=16.67 | ThresholdBidder=13.89 | FixedBidder=1.50
1884,PacingBidder,307.88238817680286,307.88238817680275,False,False,5,PacingBidder=307.88 | ValueBidder=307.88 | CTRBidder=12.41 | ThresholdBidder=10.34 | FixedBidder=1.50
1885,PacingBidder,295.8718873882403,295.8718873882401,False,False,5,PacingBidder=295.87 | ValueBidder=295.87 | CTRBidder=12.16 | ThresholdBidder=10.14 | FixedBidder=1.50
1886,ValueBidder,480.73147574355613,480.73147574355585,True,False,5,ValueBidder=480.73 | PacingBidder=480.73 | CTRBidder=15.50 | ThresholdBidder=12.92 | FixedBidder=1.50
1887,PacingBidder,355.97258635174575,355.9725863517454,False,False,5,PacingBidder=355.97 | ValueBidder=355.97 | CTRBidder=13.34 | ThresholdBidder=11.12 | FixedBidder=1.50
1888,ValueBidder,269.15917398670445,269.15917398670445,False,False,5,ValueBidder=269.16 | PacingBidder=269.16 | CTRBidder=11.60 | ThresholdBidder=9.67 | FixedBidder=1.50
1889,ValueBidder,290.91184728954823,290.91184728954823,True,False,5,ValueBidder=290.91 | PacingBidder=290.91 | CTRBidder=12.06 | ThresholdBidder=10.05 | FixedBidder=1.50
1890,PacingBidder,837.0844268701218,837.0844268701215,True,False,5,PacingBidder=837.08 | ValueBidder=837.08 | CTRBidder=20.46 | ThresholdBidder=17.05 | FixedBidder=1.50
1891,ValueBidder,391.1580060833566,391.1580060833563,True,False,5,ValueBidder=391.16 | PacingBidder=391.16 | CTRBidder=13.98 | ThresholdBidder=11.65 | FixedBidder=1.50
1892,PacingBidder,261.54254415963834,261.54254415963817,False,False,5,PacingBidder=261.54 | ValueBidder=261.54 | CTRBidder=11.44 | ThresholdBidder=9.53 | FixedBidder=1.50
1893,PacingBidder,198.6437043895647,198.64370438956468,False,False,5,PacingBidder=198.64 | ValueBidder=198.64 | CTRBidder=9.97 | ThresholdBidder=8.31 | FixedBidder=1.50
1894,ValueBidder,393.28368398220164,393.2836839822015,False,False,5,ValueBidder=393.28 | PacingBidder=393.28 | CTRBidder=14.02 | ThresholdBidder=11.69 | FixedBidder=1.50
1895,ValueBidder,399.487531595112,399.48753159511193,False,False,5,ValueBidder=399.49 | PacingBidder=399.49 | CTRBidder=14.13 | ThresholdBidder=11.78 | FixedBidder=1.50
1896,ValueBidder,316.81123396177,316.8112339617697,False,False,5,ValueBidder=316.81 | PacingBidder=316.81 | CTRBidder=12.59 | ThresholdBidder=10.49 | FixedBidder=1.50
1897,ValueBidder,356.99780800228723,356.99780800228706,True,False,5,ValueBidder=357.00 | PacingBidder=357.00 | CTRBidder=13.36 | ThresholdBidder=11.13 | FixedBidder=1.50
1898,ValueBidder,335.28872662731015,335.28872662731015,True,False,5,ValueBidder=335.29 | PacingBidder=335.29 | CTRBidder=12.95 | ThresholdBidder=10.79 | FixedBidder=1.50
1899,PacingBidder,586.875458245584,586.8754582455837,False,False,5,PacingBidder=586.88 | ValueBidder=586.88 | CTRBidder=17.13 | ThresholdBidder=14.28 | FixedBidder=1.50
1900,ValueBidder,491.5237245846396,491.5237245846396,False,False,5,ValueBidder=491.52 | PacingBidder=491.52 | CTRBidder=15.68 | ThresholdBidder=13.06 | FixedBidder=1.50
1901,PacingBidder,437.4397049595259,437.4397049595257,True,False,5,PacingBidder=437.44 | ValueBidder=437.44 | CTRBidder=14.79 | ThresholdBidder=12.32 | FixedBidder=1.50
1902,ValueBidder,372.87032625236134,372.87032625236134,True,False,5,ValueBidder=372.87 | PacingBidder=372.87 | CTRBidder=13.65 | ThresholdBidder=11.38 | FixedBidder=1.50
1903,ValueBidder,396.5397442241468,396.5397442241465,True,False,5,ValueBidder=396.54 | PacingBidder=396.54 | CTRBidder=14.08 | ThresholdBidder=11.73 | FixedBidder=1.50
1904,ValueBidder,265.2399209797245,265.23992097972416,True,False,5,ValueBidder=265.24 | PacingBidder=265.24 | CTRBidder=11.52 | ThresholdBidder=9.60 | FixedBidder=1.50
1905,ValueBidder,492.0270919031077,492.0270919031074,True,False,5,ValueBidder=492.03 | PacingBidder=492.03 | CTRBidder=15.68 | ThresholdBidder=13.07 | FixedBidder=1.50
1906,PacingBidder,424.58422241035913,424.5842224103589,True,False,5,PacingBidder=424.58 | ValueBidder=424.58 | CTRBidder=14.57 | ThresholdBidder=12.14 | FixedBidder=1.50
1907,ValueBidder,404.42347292440627,404.42347292440627,False,False,5,ValueBidder=404.42 | PacingBidder=404.42 | CTRBidder=14.22 | ThresholdBidder=11.85 | FixedBidder=1.50
1908,ValueBidder,165.76602006839755,165.76602006839755,False,False,5,ValueBidder=165.77 | PacingBidder=165.77 | CTRBidder=9.10 | ThresholdBidder=7.59 | FixedBidder=1.50
1909,PacingBidder,604.5449763104572,604.5449763104571,True,False,5,PacingBidder=604.54 | ValueBidder=604.54 | CTRBidder=17.39 | ThresholdBidder=14.49 | FixedBidder=1.50
1910,ValueBidder,431.08270228120705,431.0827022812067,True,False,5,ValueBidder=431.08 | PacingBidder=431.08 | CTRBidder=14.68 | ThresholdBidder=12.23 | FixedBidder=1.50
1911,ValueBidder,424.91383346370577,424.91383346370554,True,False,5,ValueBidder=424.91 | PacingBidder=424.91 | CTRBidder=14.58 | ThresholdBidder=12.15 | FixedBidder=1.50
1912,PacingBidder,372.3522763383704,372.3522763383701,False,False,5,PacingBidder=372.35 | ValueBidder=372.35 | CTRBidder=13.64 | ThresholdBidder=11.37 | FixedBidder=1.50
1913,ValueBidder,359.6629116458252,359.6629116458248,True,False,5,ValueBidder=359.66 | PacingBidder=359.66 | CTRBidder=13.41 | ThresholdBidder=11.18 | FixedBidder=1.50
1914,PacingBidder,77.13994522366333,77.1399452236633,True,False,5,PacingBidder=77.14 | ValueBidder=77.14 | CTRBidder=6.21 | ThresholdBidder=5.18 | FixedBidder=1.50
1915,ValueBidder,483.9118744407945,483.9118744407945,True,False,5,ValueBidder=483.91 | PacingBidder=483.91 | CTRBidder=15.55 | ThresholdBidder=12.96 | FixedBidder=1.50
1916,ValueBidder,260.09386410091884,260.09386410091855,False,False,5,ValueBidder=260.09 | PacingBidder=260.09 | CTRBidder=11.40 | ThresholdBidder=9.50 | FixedBidder=1.50
1917,ValueBidder,610.019095305159,610.0190953051589,True,False,5,ValueBidder=610.02 | PacingBidder=610.02 | CTRBidder=17.46 | ThresholdBidder=14.55 | FixedBidder=1.50
1918,PacingBidder,584.0090055557447,584.0090055557445,False,False,5,PacingBidder=584.01 | ValueBidder=584.01 | CTRBidder=17.09 | ThresholdBidder=14.24 | FixedBidder=1.50
1919,ValueBidder,255.87754452342705,255.87754452342693,True,False,5,ValueBidder=255.88 | PacingBidder=255.88 | CTRBidder=11.31 | ThresholdBidder=9.43 | FixedBidder=1.50
1920,ValueBidder,590.3959447478793,590.3959447478793,True,False,5,ValueBidder=590.40 | PacingBidder=590.40 | CTRBidder=17.18 | ThresholdBidder=14.32 | FixedBidder=1.50
1921,ValueBidder,222.9001900043256,222.9001900043254,True,False,5,ValueBidder=222.90 | PacingBidder=222.90 | CTRBidder=10.56 | ThresholdBidder=8.80 | FixedBidder=1.50
1922,ValueBidder,302.9774132377594,302.9774132377592,False,False,5,ValueBidder=302.98 | PacingBidder=302.98 | CTRBidder=12.31 | ThresholdBidder=10.26 | FixedBidder=1.50
1923,PacingBidder,634.2793836159913,634.279383615991,False,False,5,PacingBidder=634.28 | ValueBidder=634.28 | CTRBidder=17.81 | ThresholdBidder=14.84 | FixedBidder=1.50
1924,PacingBidder,422.54492958437817,422.54492958437777,True,False,5,PacingBidder=422.54 | ValueBidder=422.54 | CTRBidder=14.54 | ThresholdBidder=12.11 | FixedBidder=1.50
1925,PacingBidder,438.02443840565417,438.0244384056541,False,False,5,PacingBidder=438.02 | ValueBidder=438.02 | CTRBidder=14.80 | ThresholdBidder=12.33 | FixedBidder=1.50
1926,ValueBidder,334.1241544050115,334.1241544050115,False,False,5,ValueBidder=334.12 | PacingBidder=334.12 | CTRBidder=12.93 | ThresholdBidder=10.77 | FixedBidder=1.50
1927,PacingBidder,341.633193135918,341.6331931359179,True,False,5,PacingBidder=341.63 | ValueBidder=341.63 | CTRBidder=13.07 | ThresholdBidder=10.89 | FixedBidder=1.50
1928,ValueBidder,373.2424848097949,373.2424848097947,True,False,5,ValueBidder=373.24 | PacingBidder=373.24 | CTRBidder=13.66 | ThresholdBidder=11.38 | FixedBidder=1.50
1929,ValueBidder,427.803785733606,427.803785733606,True,False,5,ValueBidder=427.80 | PacingBidder=427.80 | CTRBidder=14.63 | ThresholdBidder=12.19 | FixedBidder=1.50
1930,ValueBidder,374.82456846127803,374.8245684612779,True,False,5,ValueBidder=374.82 | PacingBidder=374.82 | CTRBidder=13.69 | ThresholdBidder=11.41 | FixedBidder=1.50
1931,PacingBidder,231.1209757293468,231.12097572934658,False,False,5,PacingBidder=231.12 | ValueBidder=231.12 | CTRBidder=10.75 | ThresholdBidder=8.96 | FixedBidder=1.50
1932,ValueBidder,534.761982487639,534.761982487639,False,False,5,ValueBidder=534.76 | PacingBidder=534.76 | CTRBidder=16.35 | ThresholdBidder=13.63 | FixedBidder=1.50
1933,ValueBidder,404.80260224411137,404.8026022441112,False,False,5,ValueBidder=404.80 | PacingBidder=404.80 | CTRBidder=14.23 | ThresholdBidder=11.86 | FixedBidder=1.50
1934,ValueBidder,221.74639911119004,221.74639911119004,False,False,5,ValueBidder=221.75 | PacingBidder=221.75 | CTRBidder=10.53 | ThresholdBidder=8.77 | FixedBidder=1.50
1935,ValueBidder,362.1698075226838,362.1698075226836,True,False,5,ValueBidder=362.17 | PacingBidder=362.17 | CTRBidder=13.46 | ThresholdBidder=11.21 | FixedBidder=1.50
1936,ValueBidder,461.20530026346927,461.20530026346927,False,False,5,ValueBidder=461.21 | PacingBidder=461.21 | CTRBidder=15.19 | ThresholdBidder=12.65 | FixedBidder=1.50
1937,PacingBidder,236.62552248972545,236.62552248972534,False,False,5,PacingBidder=236.63 | ValueBidder=236.63 | CTRBidder=10.88 | ThresholdBidder=9.06 | FixedBidder=1.50
1938,ValueBidder,216.88834111942327,216.8883411194232,True,False,5,ValueBidder=216.89 | PacingBidder=216.89 | CTRBidder=10.41 | ThresholdBidder=8.68 | FixedBidder=1.50
1939,ValueBidder,618.8279886769346,618.8279886769346,False,False,5,ValueBidder=618.83 | PacingBidder=618.83 | CTRBidder=17.59 | ThresholdBidder=14.66 | FixedBidder=1.50
1940,ValueBidder,647.8862860985554,647.8862860985554,True,False,5,ValueBidder=647.89 | PacingBidder=647.89 | CTRBidder=18.00 | ThresholdBidder=15.00 | FixedBidder=1.50
1941,ValueBidder,529.8132190850645,529.8132190850644,True,False,5,ValueBidder=529.81 | PacingBidder=529.81 | CTRBidder=16.28 | ThresholdBidder=13.56 | FixedBidder=1.50
1942,PacingBidder,585.1898550004634,585.1898550004629,False,False,5,PacingBidder=585.19 | ValueBidder=585.19 | CTRBidder=17.11 | ThresholdBidder=14.25 | FixedBidder=1.50
1943,ValueBidder,466.4464002278889,466.4464002278889,True,False,5,ValueBidder=466.45 | PacingBidder=466.45 | CTRBidder=15.27 | ThresholdBidder=12.73 | FixedBidder=1.50
1944,ValueBidder,96.66920545501699,96.66920545501695,False,False,5,ValueBidder=96.67 | PacingBidder=96.67 | CTRBidder=6.95 | ThresholdBidder=5.79 | FixedBidder=1.50
1945,PacingBidder,355.5141896940786,355.51418969407837,True,False,5,PacingBidder=355.51 | ValueBidder=355.51 | CTRBidder=13.33 | ThresholdBidder=11.11 | FixedBidder=1.50
1946,ValueBidder,330.9890818994392,330.98908189943916,True,False,5,ValueBidder=330.99 | PacingBidder=330.99 | CTRBidder=12.86 | ThresholdBidder=10.72 | FixedBidder=1.50
1947,PacingBidder,359.84306779165945,359.8430677916593,True,False,5,PacingBidder=359.84 | ValueBidder=359.84 | CTRBidder=13.41 | ThresholdBidder=11.18 | FixedBidder=1.50
1948,PacingBidder,214.54961198689074,214.54961198689068,True,False,5,PacingBidder=214.55 | ValueBidder=214.55 | CTRBidder=10.36 | ThresholdBidder=8.63 | FixedBidder=1.50
1949,ValueBidder,600.0006786802326,600.0006786802326,True,False,5,ValueBidder=600.00 | PacingBidder=600.00 | CTRBidder=17.32 | ThresholdBidder=14.43 | FixedBidder=1.50
1950,ValueBidder,294.4241556916747,294.4241556916747,False,False,5,ValueBidder=294.42 | PacingBidder=294.42 | CTRBidder=12.13 | ThresholdBidder=10.11 | FixedBidder=1.50
1951,ValueBidder,189.0365374085354,189.03653740853522,True,False,5,ValueBidder=189.04 | PacingBidder=189.04 | CTRBidder=9.72 | ThresholdBidder=8.10 | FixedBidder=1.50
1952,PacingBidder,357.9257587013536,357.9257587013533,True,False,5,PacingBidder=357.93 | ValueBidder=357.93 | CTRBidder=13.38 | ThresholdBidder=11.15 | FixedBidder=1.50
1953,PacingBidder,450.8441597889741,450.8441597889736,True,False,5,PacingBidder=450.84 | ValueBidder=450.84 | CTRBidder=15.01 | ThresholdBidder=12.51 | FixedBidder=1.50
1954,PacingBidder,222.23077839977296,222.2307783997729,False,False,5,PacingBidder=222.23 | ValueBidder=222.23 | CTRBidder=10.54 | ThresholdBidder=8.78 | FixedBidder=1.50
1955,PacingBidder,512.6000610444603,512.6000610444601,False,False,5,PacingBidder=512.60 | ValueBidder=512.60 | CTRBidder=16.01 | ThresholdBidder=13.34 | FixedBidder=1.50
1956,ValueBidder,147.03853150505705,147.03853150505705,True,False,5,ValueBidder=147.04 | PacingBidder=147.04 | CTRBidder=8.57 | ThresholdBidder=7.15 | FixedBidder=1.50
1957,PacingBidder,392.78217117359543,392.78217117359515,True,False,5,PacingBidder=392.78 | ValueBidder=392.78 | CTRBidder=14.01 | ThresholdBidder=11.68 | FixedBidder=1.50
1958,PacingBidder,325.26492024530876,325.2649202453085,False,False,5,PacingBidder=325.26 | ValueBidder=325.26 | CTRBidder=12.75 | ThresholdBidder=10.63 | FixedBidder=1.50
1959,ValueBidder,503.8409253794491,503.8409253794491,True,False,5,ValueBidder=503.84 | PacingBidder=503.84 | CTRBidder=15.87 | ThresholdBidder=13.23 | FixedBidder=1.50
1960,ValueBidder,234.83091083847705,234.8309108384768,False,False,5,ValueBidder=234.83 | PacingBidder=234.83 | CTRBidder=10.84 | ThresholdBidder=9.03 | FixedBidder=1.50
1961,PacingBidder,452.5213087373466,452.5213087373464,True,False,5,PacingBidder=452.52 | ValueBidder=452.52 | CTRBidder=15.04 | ThresholdBidder=12.53 | FixedBidder=1.50
1962,ValueBidder,454.35795557522374,454.35795557522374,False,False,5,ValueBidder=454.36 | PacingBidder=454.36 | CTRBidder=15.07 | ThresholdBidder=12.56 | FixedBidder=1.50
1963,ValueBidder,50.50690953559422,50.506909535594204,False,False,5,ValueBidder=50.51 | PacingBidder=50.51 | CTRBidder=5.03 | ThresholdBidder=4.19 | FixedBidder=1.50
1964,ValueBidder,291.9498527222907,291.9498527222907,True,False,5,ValueBidder=291.95 | PacingBidder=291.95 | CTRBidder=12.08 | ThresholdBidder=10.07 | FixedBidder=1.50
1965,ValueBidder,498.8305902265089,498.8305902265089,False,False,5,ValueBidder=498.83 | PacingBidder=498.83 | CTRBidder=15.79 | ThresholdBidder=13.16 | FixedBidder=1.50
1966,ValueBidder,568.2867404654588,568.2867404654588,False,False,5,ValueBidder=568.29 | PacingBidder=568.29 | CTRBidder=16.86 | ThresholdBidder=14.05 | FixedBidder=1.50
1967,PacingBidder,366.3044425757041,366.30444257570383,False,False,5,PacingBidder=366.30 | ValueBidder=366.30 | CTRBidder=13.53 | ThresholdBidder=11.28 | FixedBidder=1.50
1968,ValueBidder,211.30897344291773,211.30897344291773,False,False,5,ValueBidder=211.31 | PacingBidder=211.31 | CTRBidder=10.28 | ThresholdBidder=8.57 | FixedBidder=1.50
1969,PacingBidder,257.65914459234835,257.65914459234807,True,False,5,PacingBidder=257.66 | ValueBidder=257.66 | CTRBidder=11.35 | ThresholdBidder=9.46 | FixedBidder=1.50
1970,ValueBidder,435.465794611613,435.4657946116126,True,False,5,ValueBidder=435.47 | PacingBidder=435.47 | CTRBidder=14.76 | ThresholdBidder=12.30 | FixedBidder=1.50
1971,PacingBidder,600.6113352143276,600.6113352143274,True,False,5,PacingBidder=600.61 | ValueBidder=600.61 | CTRBidder=17.33 | ThresholdBidder=14.44 | FixedBidder=1.50
1972,ValueBidder,370.959712301444,370.9597123014436,False,False,5,ValueBidder=370.96 | PacingBidder=370.96 | CTRBidder=13.62 | ThresholdBidder=11.35 | FixedBidder=1.50
1973,ValueBidder,588.4155426343883,588.4155426343882,True,False,5,ValueBidder=588.42 | PacingBidder=588.42 | CTRBidder=17.15 | ThresholdBidder=14.29 | FixedBidder=1.50
1974,ValueBidder,525.1314018976899,525.1314018976899,False,False,5,ValueBidder=525.13 | PacingBidder=525.13 | CTRBidder=16.20 | ThresholdBidder=13.50 | FixedBidder=1.50
1975,ValueBidder,310.7116200728781,310.7116200728781,True,False,5,ValueBidder=310.71 | PacingBidder=310.71 | CTRBidder=12.46 | ThresholdBidder=10.39 | FixedBidder=1.50
1976,ValueBidder,624.1520323719844,624.1520323719842,True,False,5,ValueBidder=624.15 | PacingBidder=624.15 | CTRBidder=17.67 | ThresholdBidder=14.72 | FixedBidder=1.50
1977,ValueBidder,403.5263007087532,403.52630070875296,False,False,5,ValueBidder=403.53 | PacingBidder=403.53 | CTRBidder=14.20 | ThresholdBidder=11.84 | FixedBidder=1.50
1978,ValueBidder,105.24024651248071,105.24024651248065,False,False,5,ValueBidder=105.24 | PacingBidder=105.24 | CTRBidder=7.25 | ThresholdBidder=6.04 | FixedBidder=1.50
1979,ValueBidder,317.8877443054477,317.8877443054477,True,False,5,ValueBidder=317.89 | PacingBidder=317.89 | CTRBidder=12.61 | ThresholdBidder=10.51 | FixedBidder=1.50
1980,ValueBidder,393.3930314533072,393.3930314533069,False,False,5,ValueBidder=393.39 | PacingBidder=393.39 | CTRBidder=14.02 | ThresholdBidder=11.69 | FixedBidder=1.50
1981,PacingBidder,439.3835070249873,439.3835070249868,False,False,5,PacingBidder=439.38 | ValueBidder=439.38 | CTRBidder=14.82 | ThresholdBidder=12.35 | FixedBidder=1.50
1982,PacingBidder,419.25165801278405,419.25165801278393,False,False,5,PacingBidder=419.25 | ValueBidder=419.25 | CTRBidder=14.48 | ThresholdBidder=12.07 | FixedBidder=1.50
1983,ValueBidder,380.12091121847294,380.1209112184727,True,False,5,ValueBidder=380.12 | PacingBidder=380.12 | CTRBidder=13.79 | ThresholdBidder=11.49 | FixedBidder=1.50
1984,ValueBidder,302.4043050082475,302.40430500824743,False,False,5,ValueBidder=302.40 | PacingBidder=302.40 | CTRBidder=12.30 | ThresholdBidder=10.25 | FixedBidder=1.50
1985,ValueBidder,216.73301760212246,216.73301760212237,False,False,5,ValueBidder=216.73 | PacingBidder=216.73 | CTRBidder=10.41 | ThresholdBidder=8.67 | FixedBidder=1.50
1986,PacingBidder,294.03850604027514,294.038506040275,False,False,5,PacingBidder=294.04 | ValueBidder=294.04 | CTRBidder=12.13 | ThresholdBidder=10.10 | FixedBidder=1.50
1987,ValueBidder,576.8061792965705,576.8061792965701,False,False,5,ValueBidder=576.81 | PacingBidder=576.81 | CTRBidder=16.98 | ThresholdBidder=14.15 | FixedBidder=1.50
1988,PacingBidder,611.8713183216267,611.8713183216263,True,False,5,PacingBidder=611.87 | ValueBidder=611.87 | CTRBidder=17.49 | ThresholdBidder=14.58 | FixedBidder=1.50
1989,ValueBidder,595.8370279551013,595.8370279551013,False,False,5,ValueBidder=595.84 | PacingBidder=595.84 | CTRBidder=17.26 | ThresholdBidder=14.38 | FixedBidder=1.50
1990,ValueBidder,162.55487596657238,162.55487596657238,False,False,5,ValueBidder=162.55 | PacingBidder=162.55 | CTRBidder=9.02 | ThresholdBidder=7.51 | FixedBidder=1.50
1991,ValueBidder,191.89775993783513,191.89775993783502,False,False,5,ValueBidder=191.90 | PacingBidder=191.90 | CTRBidder=9.80 | ThresholdBidder=8.16 | FixedBidder=1.50
1992,ValueBidder,467.80739793461595,467.8073979346158,True,False,5,ValueBidder=467.81 | PacingBidder=467.81 | CTRBidder=15.29 | ThresholdBidder=12.74 | FixedBidder=1.50
1993,PacingBidder,259.7992182956234,259.79921829562335,False,False,5,PacingBidder=259.80 | ValueBidder=259.80 | CTRBidder=11.40 | ThresholdBidder=9.50 | FixedBidder=1.50
1994,ValueBidder,423.17652391762823,423.17652391762823,False,False,5,ValueBidder=423.18 | PacingBidder=423.18 | CTRBidder=14.55 | ThresholdBidder=12.12 | FixedBidder=1.50
1995,PacingBidder,231.38185640818958,231.38185640818955,False,False,5,PacingBidder=231.38 | ValueBidder=231.38 | CTRBidder=10.76 | ThresholdBidder=8.96 | FixedBidder=1.50
1996,ValueBidder,513.4169195956274,513.4169195956274,False,False,5,ValueBidder=513.42 | PacingBidder=513.42 | CTRBidder=16.02 | ThresholdBidder=13.35 | FixedBidder=1.50
1997,ValueBidder,322.8371656352998,322.8371656352998,True,False,5,ValueBidder=322.84 | PacingBidder=322.84 | CTRBidder=12.71 | ThresholdBidder=10.59 | FixedBidder=1.50
1998,PacingBidder,502.8234944960399,502.8234944960397,True,False,5,PacingBidder=502.82 | ValueBidder=502.82 | CTRBidder=15.86 | ThresholdBidder=13.21 | FixedBidder=1.50
1999,PacingBidder,139.77774684416116,139.77774684416104,False,False,5,PacingBidder=139.78 | ValueBidder=139.78 | CTRBidder=8.36 | ThresholdBidder=6.97 | FixedBidder=1.50
